code,ticker,name,price,ma50,ma150,ma200,market_cap,price_to_52w_low_pct,price_to_52w_high_pct,estimated_52w_low,estimated_52w_high,price_above_ma50_pct,ma50_above_ma150_pct,ma150_above_ma200_pct,futu_filter_price_gt_ma50,futu_filter_ma50_gt_ma150,futu_filter_ma150_gt_ma200,futu_filter_gt_30_pct_above_52w_low,futu_filter_market_cap_gte_min,futu_filter_within_25_pct_of_52w_high
US.AAGIY,AAGIY,友邦保险(ADR),44.565,43.667,42.34,41.175,1.158767252e+11,40.82,-4.856,31.64678313,46.83952745,2.056472851,3.134152102,2.829386764,True,True,True,True,True,True
US.AAMI,AAMI,Acadian Asset Management,68.05,60.517,52.852,51.369,2424552633,135.455,-6.908,28.90148861,73.0997293,12.44774196,14.50276243,2.886955168,True,True,True,True,True,True
US.AAOI,AAOI,Applied Optoelectronics,193.305,135.567,70.393,59.193,1.551132807e+10,1183.565,-17.274,15.06000865,233.6689795,42.59001084,92.58591053,18.92115622,True,True,True,True,True,True
US.AAON,AAON,艾伦建材,134.7,95.048,93.189,91.43,1.10318691e+10,117.998,-9.61,61.7895577,149.0209094,41.71786887,1.994870639,1.923876189,True,True,True,True,True,True
US.AAVMY,AAVMY,ABN AMRO BANK N.V. UNSPON ADS EACH REP 1 ORD SHS,37.631,32.762,32.495,31.644,3.077427046e+10,65.211,-1.837,22.77753903,38.33521795,14.86173005,0.8216648715,2.689293389,True,True,True,True,True,True
US.ABBNY,ABBNY,ABB LTD SPON ADR EACH REP 1 ORD SHS,103.98,91.518,81.28,77.974,1.887751723e+11,87.764,-3.579,55.37802774,107.8395785,13.61699338,12.59596457,4.23987483,True,True,True,True,True,True
US.ABCB,ABCB,ABC银行,82.69,80.868,78.22,76.59,5565089998,40.442,-6.012,58.8783982,87.97931651,2.25305436,3.385323447,2.128215172,True,True,True,True,True,True
US.ABEV,ABEV,Ambev SA,3.085,3.001,2.69,2.545,4.804176111e+10,55.147,-10.577,1.988436773,3.449895441,2.799066978,11.56133829,5.697445972,True,True,True,True,True,True
US.ABSI,ABSI,Absci Corp,5.105,3.723,3.472,3.311,795895310.9,127.901,-24.032,2.240007723,6.719934709,37.12060167,7.229262673,4.862579281,True,True,True,True,True,True
US.ACA,ACA,Arcosa,124.96,114.096,110.319,106.288,6135081645,52.774,-7.833,81.79402254,135.5799798,9.521806198,3.423707612,3.792525967,True,True,True,True,True,True
US.ACGBY,ACGBY,农业银行(ADR),19.35,17.904,17.629,17.288,2.708868682e+11,35.151,-5.566,14.31731915,20.4905013,8.076407507,1.559929661,1.972466451,True,True,True,True,True,True
US.ACLLY,ACLLY,ACCELLERON INDUSTRIES AG UNSPON ADR EACH REP 1 ORD SHS,110.95,99.465,87.935,87.451,1.041834269e+10,97.462,-3.407,56.18802605,114.8633959,11.54677525,13.1119577,0.5534527907,True,True,True,True,True,True
US.ACLS,ACLS,Axcelis Technologies,154.48,116.638,95.875,93.078,4747772409,176.202,-9.981,55.93008016,171.608216,32.44397195,21.65632334,3.005006554,True,True,True,True,True,True
US.ACLX,ACLX,Arcellx,115.07,110.813,87.67,83.718,6732325464,140.429,-0.052,47.86028308,115.1298675,3.841607032,26.39785559,4.720609666,True,True,True,True,True,True
US.ACMR,ACMR,ACM Research,62.365,49.535,46.671,42.877,4130114142,185.125,-12.958,21.87286278,71.64931872,25.90087817,6.136573033,8.848566831,True,True,True,True,True,True
US.ACNB,ACNB,ACNB Corp.,52.34,49.638,48.753,47.44,534498383,33.352,-2.948,39.24950507,53.92985204,5.443410291,1.815272906,2.767706577,True,True,True,True,True,True
US.ACRS,ACRS,Aclaris Therapeutics,4.695,4.079,3.294,2.93,655720977.6,284.836,-8.834,1.220000208,5.149946252,15.10174062,23.83120826,12.42320819,True,True,True,True,True,True
US.ACSAY,ACSAY,ACS ACTIVIDADES DE CONSTRUCCION Y UNSP ADR EACH REPR 0.2 ORD,30.958,27.372,22.664,20.826,4.032445466e+10,154.265,-6.584,12.17548621,33.1399332,13.1009791,20.77303212,8.825506578,True,True,True,True,True,True
US.AD,AD,Array Digital Infrastructure,50.652,48.622,45.465,44.754,4378510836,47.628,-13.103,34.31056439,58.2896993,4.175064785,6.943802925,1.58868481,True,True,True,True,True,True
US.ADAM,ADAM,Adamas Trust Inc,8.746,7.898,7.425,7.173,785916264.5,57.961,-6.159,5.536809719,9.320020034,10.73689542,6.37037037,3.513174404,True,True,True,True,True,True
US.ADDHY,ADDHY,ADDTECH AB UNSPON ADS EACH REP 0.5 ORD SHS,17.5,17.384,17.19,17.097,9448496470,46.205,-23.913,11.96949489,22.99998686,0.6672802577,1.128563118,0.5439550798,True,True,True,True,True,True
US.ADEA,ADEA,Adeia,30.05,26.999,19.929,18.784,3318187439,160.782,-12.39,11.52303457,34.29973747,11.30041853,35.47593959,6.095613288,True,True,True,True,True,True
US.ADERY,ADERY,AIDA ENGINEERING ADR  EACH REPR  10 NPV,77.555,62.509,60.439,60.351,421388965.7,57.856,0,49.13021995,77.555,24.0701339,3.424940849,0.1458136568,True,True,True,True,True,True
US.ADI,ADI,亚德诺,419.84,356.429,305.854,289.154,2.049676333e+11,106.915,-3.644,202.9045743,435.7175474,17.79063993,16.53566734,5.775469127,True,True,True,True,True,True
US.ADM,ADM,Archer Daniels Midland,80.21,72.426,65.427,63.916,3.865773303e+10,75.592,-3.477,45.67975762,83.09936492,10.74752161,10.6974185,2.364040303,True,True,True,True,True,True
US.ADOOY,ADOOY,ALAMTRI RESOURCES INDONESIA TBK UNSP ADR EA REPR 50 SHS,6.9,6.701,5.637,5.505,3974468200,55.659,-3.766,4.432766496,7.170023069,2.969706014,18.87528827,2.397820163,True,True,True,True,True,True
US.ADRZY,ADRZY,ANDRITZ AG UNSP ADR EACH REPR 0.2 ORD,17.03,15.899,15.439,15.111,8344597309,30.811,-11.302,13.01878282,19.19998196,7.113654947,2.979467582,2.170604196,True,True,True,True,True,True
US.ADTN,ADTN,亚川,14.88,14.115,10.744,10.376,1205251728,109.282,-20.385,7.110023796,18.68994536,5.419766206,31.37565153,3.546646106,True,True,True,True,True,True
US.AEG,AEG,荷兰全球保险,8.375,7.652,7.64,7.619,1.324519345e+10,30.856,-1.238,6.400165067,8.479982179,9.448510193,0.1570680628,0.2756267227,True,True,True,True,True,True
US.AEHR,AEHR,Aehr Test Systems,100.765,66.449,39.662,35.955,3169387139,1113.129,-7.343,8.306206512,108.7505531,51.64261313,67.53819777,10.31010986,True,True,True,True,True,True
US.AER,AER,AerCap飞机租赁,140.495,140.07,138.785,133.606,2.344532047e+10,34.295,-8.825,104.616702,154.0937757,0.3034197187,0.9258925676,3.87632292,True,True,True,True,True,True
US.AESI,AESI,Atlas Energy Solutions,18.825,14.6,11.813,11.716,2351347619,146.345,-4.003,7.641721975,19.60998781,28.93835616,23.59265216,0.8279276203,True,True,True,True,True,True
US.AGESY,AGESY,AGEAS SPON ADR EACH REP 1 ORD (POST REV-SPLIT),79.78,75.552,71.126,70.377,1.669218224e+10,32.438,-1.91,60.2395083,81.33346926,5.596145701,6.22275961,1.064268156,True,True,True,True,True,True
US.AGRPY,AGRPY,ABSA GROUP LTD SPON ADR EA REPR 2 ORD SHS,28.105,27.879,26.971,25.152,1.164641799e+10,69.9,-14.264,16.54208358,32.78086218,0.810646006,3.366578918,7.232029262,True,True,True,True,True,True
US.AGX,AGX,Argan,710.5,581.997,425.674,379.174,9918910382,289.73,-5.076,182.3056988,748.4935317,22.07966708,36.72364298,12.26349908,True,True,True,True,True,True
US.AHKSY,AHKSY,旭化成(ADR),21.756,19.957,18.902,18.15,1.4755362e+10,71.172,-9.8,12.71002267,24.11973392,9.014380919,5.581419956,4.143250689,True,True,True,True,True,True
US.AHR,AHR,American Healthcare REIT,50.05,49.781,48.336,46.485,9645751515,52.032,-7.96,32.92070091,54.37853107,0.5403668066,2.989490235,3.981929655,True,True,True,True,True,True
US.AIAGY,AIAGY,AURUBIS AG ADR EACH REPR 0.5 SHS,114.813,99.567,80.53,72.665,1.002520476e+10,169.596,0,42.58705619,114.813,15.31230227,23.6396374,10.82364274,True,True,True,True,True,True
US.AIBGY,AIBGY,AIB GROUP PLC UNSPON ADR EACH REP 2 ORD SHS,22.25,21.514,20.129,19.146,2.36162074e+10,63.981,-8.019,13.56864515,24.18977832,3.421028168,6.880620001,5.134231693,True,True,True,True,True,True
US.AIFLY,AIFLY,AIFUL CORP ADR EACH REP 0.5 ORD NPV(已退市),1.4,1.281,1.25,1.21,1341190080,47.368,-14.11,0.9500027143,1.62999185,9.289617486,2.48,3.305785124,True,True,True,True,True,True
US.AIIXY,AIIXY,AIXTRON SE UNSPON ADR EACH REP 2 ORD SHS,120,91.685,57.464,49.713,6767151480,413.118,-8.25,23.38643353,130.7901907,30.88291433,59.55206738,15.59149518,True,True,True,True,True,True
US.AIP,AIP,Arteris,33.48,21.981,17.5,15.604,1545837957,386.769,-12.971,6.878005789,38.46993531,52.31336154,25.60571429,12.15073058,True,True,True,True,True,True
US.AIPUY,AIPUY,AIRPORTS OF THAILAND PUBLIC CO UNSP ADR EACH REP 10 ORD SHS,16,14.718,14.392,13.467,2.285712e+10,90.27,-16.623,8.409102854,19.18994447,8.710422612,2.265147304,6.868641865,True,True,True,True,True,True
US.AIT,AIT,应用工业技术,309.78,282.826,270.142,268.023,1.144932661e+10,42.78,-2.148,216.9631601,316.5801414,9.530241208,4.695308393,0.7906037915,True,True,True,True,True,True
US.AKAM,AKAM,阿克迈,150.725,111.603,96.327,91.294,2.19132221e+10,116,-8.899,69.78009259,165.4482388,35.05461323,15.85848205,5.512958135,True,True,True,True,True,True
US.AKO.A,AKO.A,Andina Bottling-A,22.64,22.313,22.21,21.309,3571726405,37.324,-13.406,16.48655734,26.1449985,1.465513378,0.4637550653,4.228260359,True,True,True,True,True,True
US.AKRBY,AKRBY,AKER BP ASA UNSPON ADS EACH REP 1/2 COM,20,17.911,14.67,14.005,2.526953088e+10,90.588,-13.269,10.49384012,23.05980561,11.66322372,22.0927062,4.748304177,True,True,True,True,True,True
US.ALB,ALB,美国雅保,184.29,182.939,154.043,135.51,2.173417683e+10,249.208,-16.61,52.77370507,220.9977215,0.738497532,18.75839863,13.67648144,True,True,True,True,True,True
US.ALBKY,ALBKY,ALPHA SERVICES AND HOLDINGS S.A SPN ADR EACH REP 0.25 ORD(POST REV SPLIT,1.07,1.023,0.991,0.975,9888775580,69.01,-14.399,0.6330986332,1.249985397,4.594330401,3.229061554,1.641025641,True,True,True,True,True,True
US.ALFVY,ALFVY,ALFA LAVAL AB UNSP ADR EACH REPR 1 ORD,57.04,56.927,52.84,50.843,2.357613301e+10,43.997,-7.88,39.61193636,61.91923578,0.1984998331,7.734670704,3.927777669,True,True,True,True,True,True
US.ALGM,ALGM,Allegro Microsystems,42.61,38.289,33.43,32.679,7895243971,90.137,-17.101,22.41015689,51.39989626,11.28522552,14.53484894,2.298111937,True,True,True,True,True,True
US.ALKS,ALKS,阿尔凯默斯,37.56,32.579,31.352,30.64,6260343311,49.254,-5.055,25.1651547,39.55974512,15.28898984,3.913625925,2.323759791,True,True,True,True,True,True
US.ALRS,ALRS,Alerus Financial,26.49,24.975,23.421,22.94,665657832.5,34.403,-4.021,19.70938149,27.59978745,6.066066066,6.63507109,2.096774194,True,True,True,True,True,True
US.ALXO,ALXO,ALX Oncology,2.02,1.913,1.716,1.581,271817092.3,400,-24.06,0.404,2.659994733,5.593308939,11.48018648,8.538899431,True,True,True,True,True,True
US.AMAT,AMAT,应用材料,440.81,380.889,313.895,280.834,3.50033536e+11,189.143,-1.646,152.4539761,448.1871607,15.73187989,21.34280572,11.77243496,True,True,True,True,True,True
US.AMBK,AMBK,AMERICAN BANK INC,18.25,17.557,15.878,15.394,115520802.8,32,-0.109,13.82575758,18.26991421,3.947143589,10.57437964,3.14408211,True,True,True,True,True,True
US.AMBZ,AMBZ,AMERICAN BUSINESS BANK,72.1,71.148,65.468,61.96,641700454.5,74.336,-1.683,41.35691997,73.33421484,1.338055884,8.675994379,5.661717237,True,True,True,True,True,True
US.AMD,AMD,美国超微公司,435.475,279.44,242.413,224.246,7.100858133e+11,304.464,-7.19,107.6671842,469.2112919,55.83846264,15.27434585,8.101370816,True,True,True,True,True,True
US.AME,AME,阿美特克,228.43,225.373,213.759,206.546,5.235684175e+10,31.585,-6.065,173.5988145,243.1787938,1.356418027,5.433221525,3.492200285,True,True,True,True,True,True
US.AMG,AMG,Affiliated Managers,295.77,287.008,284.074,270.292,7811902380,71.447,-11.646,172.5139547,334.7556421,3.052876575,1.032829474,5.098930046,True,True,True,True,True,True
US.AMKR,AMKR,艾马克技术,70.89,58.771,47.38,41.951,1.75716828e+10,303.2,-10.526,17.58184524,79.22972037,20.6207143,24.04178978,12.94128865,True,True,True,True,True,True
US.AMSSY,AMSSY,AMS-OSRAM AG UNSPON ADS EACH REP 0.5 ORD SHS(PST SPT),11.75,6.925,6.463,5.994,2339180952,180.429,-9.961,4.190008879,13.0499006,69.67509025,7.148383104,7.824491158,True,True,True,True,True,True
US.AMX,AMX,美洲移动,26.66,25.582,23.286,22.367,8.0190614e+10,65.221,-4.1,16.13596335,27.79979145,4.213900399,9.860001718,4.108731614,True,True,True,True,True,True
US.AMZN,AMZN,亚马逊,263.224,236.69,230.549,229.413,2.831071121e+12,34.276,-5.52,196.0320534,278.6028789,11.21044404,2.663642002,0.4951768208,True,True,True,True,True,True
US.ANAB,ANAB,AnaptysBio,63.3,50.538,36.577,31.254,1842087097,455.144,-12.52,11.40244693,72.35939643,25.25228541,38.1687946,17.03141998,True,True,True,True,True,True
US.ANIK,ANIK,阿尼卡疗法,14.87,14.729,11.566,10.897,197854628.9,88.942,-8.435,7.870140043,16.23982963,0.9572951321,27.34739754,6.139304396,True,True,True,True,True,True
US.ANIOY,ANIOY,ACERINOX SA ADR EACH REPR 0.50 ORD,8.33,7.545,6.968,6.582,4153810661,56.777,-4.362,5.313279371,8.709927016,10.40424122,8.280711825,5.864478882,True,True,True,True,True,True
US.ANL,ANL,阿诺医药,13.75,11.299,6.132,5.023,885471633.8,1464.989,-20.289,0.8786004247,17.24981496,21.69218515,84.26288324,22.07843918,True,True,True,True,True,True
US.AP,AP,安博科-匹兹堡,11.1,9.05,6.092,5.257,225622917.9,534.14,-9.756,1.750402119,12.2999867,22.6519337,48.5554826,15.88358379,True,True,True,True,True,True
US.APEMY,APEMY,APERAM SA NY REGISTRY SHS,55,45.64,42.291,39.231,3978791465,97.57,-3.508,27.83823455,56.999544,20.50832603,7.918942565,7.799954118,True,True,True,True,True,True
US.APLD,APLD,Applied Digital,43.36,31.28,31.022,27.877,1.239096721e+10,584.992,-9.269,6.330000934,47.78961987,38.61892583,0.8316678486,11.28170176,True,True,True,True,True,True
US.APLE,APLE,Apple Hospitality REIT,13.75,12.511,11.882,11.82,3245928868,31.863,-3.125,10.42748914,14.19354839,9.903285109,5.293721596,0.524534687,True,True,True,True,True,True
US.APLS,APLS,Apellis Pharmaceuticals,41.03,32.781,26.259,25.968,5252712995,147.019,-0.267,16.61005834,41.13984338,25.16396693,24.83719867,1.120609982,True,True,True,True,True,True
US.APNHY,APNHY,ASPEN PHARMACARE HLDGS UNSP ADR EACH REP 1 ORD ZAR0.13906,8.815,8.168,6.932,6.683,3914058805,71.959,-0.507,5.126221948,8.859919793,7.92115573,17.83035199,3.725871615,True,True,True,True,True,True
US.APYX,APYX,Apyx Medical,4.24,3.693,3.678,3.293,177545552.2,217.602,-5.777,1.335004188,4.499962854,14.81180612,0.4078303426,11.69146675,True,True,True,True,True,True
US.ARBV,ARBV,AMERICAN RIVIERA BANCORP,26.24,25.539,23.353,22.466,150884408.3,43.231,-7.213,18.32005641,28.27982368,2.744821645,9.360681711,3.948188374,True,True,True,True,True,True
US.ARCB,ARCB,ArcBest,119.79,106.818,90.073,85.517,2666978206,101.986,-11.245,59.30609052,134.9670441,12.14402067,18.59047661,5.327595683,True,True,True,True,True,True
US.ARKO,ARKO,ARKO Corp,6.98,6.016,5.315,5.158,783056332.6,90.41,-4.904,3.665773856,7.339951207,16.02393617,13.18908749,3.043815432,True,True,True,True,True,True
US.ARM,ARM,Arm Holdings,212.525,167.878,144.231,144.047,2.261266e+11,112.482,-11.263,100.020237,239.4998704,26.59490821,16.3952271,0.1277360861,True,True,True,True,True,True
US.ARMK,ARMK,Aramark,52.49,43.445,40.151,39.818,1.380243257e+10,50.611,-1.464,34.85137208,53.26987091,20.81942686,8.204029788,0.8363051886,True,True,True,True,True,True
US.ARNNY,ARNNY,ASR NEDERLAND NV UNSPN ADR EACH REP 0.5 ORD SHS,39.18,36.053,35.243,35.01,1.602920939e+10,69.986,-2.488,23.04895697,40.17967019,8.673342024,2.298328746,0.665524136,True,True,True,True,True,True
US.AROC,AROC,Archrock,37.44,36.225,29.98,28.476,6561794154,80.617,-6.105,20.72894578,39.87432771,3.354037267,20.8305537,5.28164068,True,True,True,True,True,True
US.AROW,AROW,箭牌金融,35.52,34.722,32.2,31.06,587110754.9,49.987,-5.972,23.68205244,37.77598162,2.298254709,7.832298137,3.670315518,True,True,True,True,True,True
US.ARR,ARR,Armour住宅房产信托,16.87,16.794,16.336,15.618,2092657977,34.954,-7.709,12.50055574,18.27913881,0.4525425747,2.803623898,4.597259572,True,True,True,True,True,True
US.ARW,ARW,艾睿,210.925,165.686,136.909,133.454,1.078542756e+10,107.215,-2.202,101.7904109,215.6741447,27.30405707,21.01907106,2.588907039,True,True,True,True,True,True
US.ARWR,ARWR,Arrowhead Pharmaceuticals,77.95,66.496,60.164,51.643,1.097980479e+10,445.101,-5.239,14.30010218,82.25957936,17.22509625,10.52456619,16.49981604,True,True,True,True,True,True
US.ARZGY,ARZGY,GENERALI SPA UNSP ADR EACH REPR 0.50 ORD,22.5,21.054,20.38,20.138,6.731901e+10,31.425,-3.267,17.12003044,23.25990096,6.868053577,3.307163886,1.201708213,True,True,True,True,True,True
US.ASC,ASC,Ardmore Shipping,18.9,16.269,13.675,13.131,771169404.6,110,-5.617,9,20.0247926,16.17186059,18.96892139,4.142868022,True,True,True,True,True,True
US.ASGLY,ASGLY,艾杰旭化工(ADR),7.545,7.167,7.074,6.899,8012555841,38.95,-14.407,5.430010795,8.814973187,5.274173294,1.314673452,2.536599507,True,True,True,True,True,True
US.ASMIY,ASMIY,ASM INTERNATIONAL NV SPON ADR EACH REP 1 ORD SHS,1006.674,880.658,754.508,697.458,4.883473963e+10,116.143,-5.847,465.7444377,1069.189511,14.30930055,16.71950463,8.179704011,True,True,True,True,True,True
US.ASML,ASML,阿斯麦,1521.14,1415.595,1262.369,1152.728,5.862742269e+11,123.736,-5.135,679.8816462,1603.478628,7.455875445,12.13797234,9.511437217,True,True,True,True,True,True
US.ASMVY,ASMVY,ASM太平洋(ADR),65.485,50.347,39.559,36.711,9120265818,236.209,-7.923,19.47746788,71.11982363,30.06733271,27.27065902,7.75789273,True,True,True,True,True,True
US.ASND,ASND,Ascendis Pharma A/S,240.04,231.835,219.697,213.75,1.482961119e+10,56.388,-4.267,153.4900376,250.7390346,3.539155002,5.524881997,2.782222222,True,True,True,True,True,True
US.ASRT,ASRT,Assertio,23.34,17.769,13.544,13.259,150827281.2,171.08,-0.085,8.610004427,23.35985588,31.35235523,31.19462493,2.14948337,True,True,True,True,True,True
US.ASX,ASX,日月光半导体,34.21,26.703,20.396,17.954,7.630130219e+10,283.963,-4.2,8.909712655,35.70981211,28.11294611,30.92272995,13.60142587,True,True,True,True,True,True
US.ASYS,ASYS,Amtech Systems,20.81,15.194,12.496,11.179,301726021.3,477.734,-12.928,3.60200369,23.89976112,36.96195867,21.59090909,11.78101798,True,True,True,True,True,True
US.ATCC,ATCC,AMERITRUST CORP,0,0,0,0,723957396.2,9900,0,0,0,,,,True,True,True,True,True,True
US.ATEAY,ATEAY,ATEA ASA UNSPON ADS EACH REP ORD SHS,9.27,7.974,6.983,6.836,2063248021,75.246,0,5.28970704,9.27,16.25282167,14.19160819,2.150380339,True,True,True,True,True,True
US.ATEN,ATEN,A10 Networks,27.92,24.715,20.221,19.574,2010189046,69.87,-2.133,16.43609819,28.52851319,12.9678333,22.22442016,3.305405129,True,True,True,True,True,True
US.ATEX,ATEX,Anterix,57.15,43.215,30.484,28.375,1070584606,225.085,-1.448,17.58001753,57.98969072,32.245748,41.76289201,7.432599119,True,True,True,True,True,True
US.ATEYY,ATEYY,爱德万测试(ADR),168.73,164.047,148.342,133.047,1.224173149e+11,259.229,-14.92,46.97003861,198.319229,2.854669698,10.58702188,11.49593753,True,True,True,True,True,True
US.ATI,ATI,ATI Inc,157.66,153.634,127.839,115.191,2.151592752e+10,123.885,-7.86,70.42008174,171.1091817,2.620513688,20.17772354,10.98002448,True,True,True,True,True,True
US.ATKR,ATKR,Atkore,74.25,66.69,66.234,64.668,2507219500,41.019,-6.048,52.65247945,79.0297173,11.33603239,0.6884681583,2.421599555,True,True,True,True,True,True
US.ATOM,ATOM,Atomera,8.746,6.078,4.088,4.017,338629995.6,362.405,-23.811,1.891415534,11.47934741,43.89601843,48.67906067,1.767488175,True,True,True,True,True,True
US.ATRO,ATRO,Astronics,80.285,72.255,64.627,58.231,2877442901,194.406,-4.377,27.27016433,83.95992596,11.11341776,11.80311634,10.98384022,True,True,True,True,True,True
US.ATROB,ATROB,ASTRONICS CORP,80,72.974,56.508,50.346,2869946880,191.12,-3.614,27.48007694,82.99960575,9.628086716,29.13923692,12.23930402,True,True,True,True,True,True
US.ATS,ATS,ATS Corp,32.14,31.189,29.232,28.833,3151642872,34.787,-9.971,23.84502957,35.6996079,3.049151945,6.694718117,1.383831027,True,True,True,True,True,True
US.AUMC,AUMC,AURYN MINING CORPORATION,1.85,1.823,1.411,1.203,129500000,285.416,-13.47,0.4800008303,2.137986825,1.481075151,29.19914954,17.29010806,True,True,True,True,True,True
US.AUOTY,AUOTY,AU OPTRONICS CRP,5.965,5.342,4.615,4.613,4501844536,83.538,-8.23,3.250008173,6.499945516,11.66229876,15.75297941,0.0433557338,True,True,True,True,True,True
US.AUPH,AUPH,Aurinia Pharmaceuticals,15.47,15.303,14.836,14.123,1989467850,112.354,-8.353,7.285005227,16.87998516,1.09128929,3.147748719,5.048502443,True,True,True,True,True,True
US.AVBH,AVBH,Avidbank,29.105,28.915,27.677,26.934,318850135.5,47.367,-7.924,19.75001188,31.60975716,0.6570983918,4.473028146,2.758595084,True,True,True,True,True,True
US.AVBP,AVBP,ArriVent BioPharma,27.79,26.684,23.262,22.191,1294317249,72.608,-13.534,16.10006489,32.13980062,4.144805876,14.71068696,4.826280925,True,True,True,True,True,True
US.AVGO,AVGO,博通,426.66,369.281,354.399,345.841,2.019478021e+12,94.037,-3.578,219.8858981,442.4923773,15.53803201,4.199221781,2.474547552,True,True,True,True,True,True
US.AVNS,AVNS,Avanos Medical,24.725,18.963,14.525,13.79,1157743007,165.774,-0.742,9.303016849,24.90983095,30.38548753,30.55421687,5.329949239,True,True,True,True,True,True
US.AVR,AVR,安特瑞斯科技,7.11,5.961,5.369,5.093,692103063.3,149.473,-5.073,2.850007816,7.489965974,19.27528938,11.02626187,5.419202827,True,True,True,True,True,True
US.AVT,AVT,安富利,84.85,70.261,58.646,56.996,6959743273,94.219,-2.984,43.68779574,87.45980045,20.76400848,19.80527231,2.894939996,True,True,True,True,True,True
US.AXGN,AXGN,AxoGen,40.77,35.873,31.071,27.284,2168059884,342.43,-11.04,9.215017065,45.82958633,13.65093524,15.45492582,13.87992963,True,True,True,True,True,True
US.AXSM,AXSM,Axsome Therapeutics,228.12,183.057,166.015,153.528,1.173900182e+10,137.402,-3.304,96.09017616,235.914619,24.6169226,10.26533747,8.133369809,True,True,True,True,True,True
US.AXTI,AXTI,AXT Inc,121.68,71.955,35.073,27.157,7950879552,8706.521,-9.305,1.381703399,134.1639561,69.10569106,105.1578137,29.14902235,True,True,True,True,True,True
US.AYA,AYA,Aya Gold & Silver,19.31,16.823,15.289,14.043,2768083653,160.242,-12.227,7.420016754,21.99993164,14.78333234,10.03335732,8.872747988,True,True,True,True,True,True
US.AZLCZ,AZLCZ,AZTEC LD & CATTLE LTD,2149.95,2061.361,1742.679,1577.947,304574816.7,116.061,-0.002,995.0662082,2149.993,4.297597558,18.28690195,10.43964088,True,True,True,True,True,True
US.AZZ,AZZ,AZZ Inc,141.59,133.624,120.071,117.944,4230752951,64.522,-6.646,86.06143859,151.6699874,5.961503921,11.28748824,1.803398223,True,True,True,True,True,True
US.BACHY,BACHY,中国银行(ADR),16.545,15.764,14.819,14.518,2.132401741e+11,31.13,-2.274,12.61725006,16.92998793,4.954326313,6.376948512,2.073288332,True,True,True,True,True,True
US.BAK,BAK,Braskem,4.8,3.992,3.403,3.318,1912724189,106.896,-11.028,2.320006187,5.394955716,20.24048096,17.30825742,2.561784207,True,True,True,True,True,True
US.BAND,BAND,Bandwidth,55.247,25.588,18.276,17.573,1768863362,341.976,-1.167,12.5,55.89934536,115.9098015,40.00875465,4.000455244,True,True,True,True,True,True
US.BASFY,BASFY,巴斯夫(ADR),15.35,14.516,13.253,13.041,5.429756832e+10,37.283,-3.882,11.18128246,15.9699536,5.745384403,9.529917754,1.625642205,True,True,True,True,True,True
US.BB,BB,黑莓,6.205,4.408,4.163,4.133,3636511030,98.871,-6.127,3.120113038,6.609994354,40.76678766,5.885178957,0.7258649891,True,True,True,True,True,True
US.BC,BC,宾士域,77.4,75.954,75.16,71.955,5029021501,61.4,-13.812,47.95539033,89.80368497,1.903783869,1.056412986,4.454172747,True,True,True,True,True,True
US.BCBP,BCBP,BCB银行,9.63,9.197,8.327,8.319,167207201.9,35.245,-7.556,7.120411106,10.41711739,4.708056975,10.44794043,0.0961654045,True,True,True,True,True,True
US.BCHMY,BCHMY,BACHEM HOLDING AG UNSPON ADS EACH REP 0.1 ORD,9.55,8.749,7.702,7.327,7156344070,78.606,-23.843,5.346964828,12.53988471,9.155332038,13.59387172,5.118056503,True,True,True,True,True,True
US.BE,BE,Bloom Energy,281.385,199.731,149.268,127.013,8.00382378e+10,1554.232,-9.23,17.01000827,309.9977966,40.88198627,33.80697805,17.52182847,True,True,True,True,True,True
US.BEAM,BEAM,Beam Therapeutics,28.195,27.719,27.218,25.527,2900679439,83.68,-22.626,15.35006533,36.43988937,1.717233666,1.840693659,6.624358522,True,True,True,True,True,True
US.BELFA,BELFA,Bel Fuse-A,227.85,217.441,179.595,163.852,2898868790,263.574,-17.506,62.66949782,276.2019056,4.787045681,21.07296974,9.608060933,True,True,True,True,True,True
US.BELFB,BELFB,Bel Fuse-B,257.17,237.934,199.721,184.386,3606219559,273.39,-16.576,68.87436728,308.2686038,8.084594888,19.1331908,8.316791947,True,True,True,True,True,True
US.BEN,BEN,Franklin Resources,31.87,26.503,24.765,24.473,1.656083635e+10,59.989,-1.757,19.92011951,32.43997028,20.25053767,7.017968908,1.193151636,True,True,True,True,True,True
US.BEP,BEP,Brookfield Renewable Partners LP,33.755,32.895,30.043,28.73,1.02370802e+10,57.625,-6.157,21.4147502,35.96965144,2.614379085,9.493059947,4.570135747,True,True,True,True,True,True
US.BESIY,BESIY,BE SEMICONDUCTOR INDUSTRIES NV ORD EUR0.91 (NY REG SHARES),302.144,249.562,201.243,186.173,2.393592956e+10,160.37,-3.391,116.0440911,312.7493298,21.06971414,24.01027613,8.094621669,True,True,True,True,True,True
US.BFC,BFC,Bank First,141.54,139.444,133.696,131.235,1580034940,31.647,-7.139,107.5147933,152.421361,1.503112361,4.299305888,1.875261935,True,True,True,True,True,True
US.BFCC,BFCC,BANKFIRST CAPITAL CORPORATION,63.15,56.999,50.117,47.72,335587625.2,71.607,-1.235,36.79919817,63.93965474,10.79141739,13.73186743,5.023051132,True,True,True,True,True,True
US.BFH,BFH,Bread Financial,86.115,80.219,73.241,70.056,3479654402,76.924,-13.129,48.6734417,99.1297441,7.349879704,9.527450472,4.54636291,True,True,True,True,True,True
US.BHE,BHE,Benchmark Electronics,84.31,65.689,53.69,49.993,3024792905,147.649,-3.898,34.0441512,87.72970386,28.34721186,22.34866828,7.395035305,True,True,True,True,True,True
US.BHKLY,BHKLY,中银香港(ADR),117.154,110.576,104.085,101.337,6.193217493e+10,50.778,-8.279,77.69966441,127.7286554,5.94884966,6.236249219,2.711743983,True,True,True,True,True,True
US.BHP,BHP,必和必拓,84.41,76.405,66.639,63.126,2.144302752e+11,92.331,-7.698,43.88788079,91.44980607,10.47706302,14.65508186,5.565060355,True,True,True,True,True,True
US.BIIB,BIIB,渤健公司,192.435,185.378,177.012,167.718,2.841054861e+10,58.971,-6.571,121.0503803,205.9692387,3.806816343,4.72623325,5.541444568,True,True,True,True,True,True
US.BIP,BIP,Brookfield基础设施,38.009,36.591,35.65,34.359,1.748442913e+10,33.115,-5.731,28.55350637,40.31972334,3.875269875,2.639551192,3.757385256,True,True,True,True,True,True
US.BK,BK,纽约梅隆银行,137.13,125.793,118.022,114.4,9.412315844e+10,59.829,-1.06,85.79794656,138.599151,9.012425175,6.584365627,3.166083916,True,True,True,True,True,True
US.BKHYY,BKHYY,BANK HAPOALIM B.M. SPONS ADR EA REPR 5 ORD SHS ILS1,129.745,129.064,119.022,112.565,3.399282321e+10,73.88,-11.133,74.61755233,145.9990773,0.5276451993,8.437095663,5.736241283,True,True,True,True,True,True
US.BKKLY,BKKLY,BANGKOK BANK PUBLIC CO UNSP ADR EACH REPR 5 COM,26.2,25.516,25.235,24.743,1.000233677e+10,32.128,-4.973,19.82925648,27.57111137,2.680670952,1.113532792,1.988441175,True,True,True,True,True,True
US.BKR,BKR,Baker Hughes,64.57,62.351,54.852,52.474,6.406779645e+10,83.351,-7.973,35.2166064,70.16419094,3.55888438,13.67133377,4.531768114,True,True,True,True,True,True
US.BKRIY,BKRIY,BANK OF IRELAND GROUP PLC UNSPON ADR EACH REP 1 ORD SHS,19.19,18.441,18.115,17.289,1.823277709e+10,57.44,-6.487,12.18877033,20.52121095,4.061601865,1.79961358,4.777604257,True,True,True,True,True,True
US.BKSY,BKSY,BlackSky Technology,41.16,31.954,24.792,23.473,1527407510,316.752,-7.919,9.876377318,44.6997752,28.81016461,28.88835108,5.619222085,True,True,True,True,True,True
US.BKUT,BKUT,BANK OF UTICA,680,554.952,487.664,478.391,170000000,68.744,-8.216,402.977291,740.8698684,22.53311998,13.79802487,1.938372586,True,True,True,True,True,True
US.BKUTK,BKUTK,BANK OF UTICA,625,606.733,533.699,514.397,156250000,33.746,-6.296,467.3036951,666.9939384,3.010714763,13.68449257,3.752354699,True,True,True,True,True,True
US.BLDP,BLDP,巴拉德动力系统,4.025,2.998,2.849,2.714,1213440292,224.596,-17.181,1.240002958,4.859995895,34.25617078,5.22990523,4.974207811,True,True,True,True,True,True
US.BLFBY,BLFBY,BALFOUR BEATTY UNSPON ADR EA REPR 2 ORD SHS,22.61,21.86,19.914,18.918,5421710776,82.565,-8.624,12.38463013,24.74391525,3.430924062,9.772019685,5.264827149,True,True,True,True,True,True
US.BLHK,BLHK,BLUEHARBOR BANK (NC),42.75,40.048,33.706,31.1,126512811,76.144,-2.285,24.26991552,43.74968019,6.746903716,18.81564113,8.379421222,True,True,True,True,True,True
US.BLSFY,BLSFY,BLUESCOPE STEEL LTD UNSP ADR EACH REP 5 ORD SHS,106.61,100.301,87.605,83.457,9340686962,72.935,-5.904,61.64743979,113.2991838,6.290066899,14.4923235,4.970224187,True,True,True,True,True,True
US.BLX,BLX,拉丁美洲出口银行,52.595,51.872,47.015,46.136,1958122790,42.634,-7.819,36.87409734,57.05622634,1.393815546,10.33074551,1.905236692,True,True,True,True,True,True
US.BMBN,BMBN,BENCHMARK BANCSHARES,38.61,37.052,31.92,30.092,171831218.1,60.931,-0.745,23.99164859,38.89980354,4.20490122,16.07769424,6.07470424,True,True,True,True,True,True
US.BMO,BMO,蒙特利尔银行,151.985,143.815,134.573,130.619,1.073311617e+11,53.57,-2.573,98.96789738,155.9988504,5.680909502,6.867648042,3.027124691,True,True,True,True,True,True
US.BNDSY,BNDSY,BANCO DE SABADELL SA UNSP ADR EACH REP 2 ORD,7.55,7.466,7.459,7.398,1.850362347e+10,31.377,-10.225,5.74682022,8.409913673,1.125100455,0.0938463601,0.8245471749,True,True,True,True,True,True
US.BNL,BNL,Broadstone Net Lease,19.575,19.365,18.35,18.035,3753830314,36.981,-4.395,14.29030303,20.47487056,1.084430674,5.53133515,1.746603826,True,True,True,True,True,True
US.BNPQY,BNPQY,法国巴黎银行ADR,50.79,49.954,47.108,46.258,1.117480876e+11,39.279,-8.864,36.46637325,55.72989817,1.673539656,6.041436699,1.837519997,True,True,True,True,True,True
US.BNS,BNS,丰业银行,76.9,72.865,70.915,67.971,9.469724845e+10,58.391,-2.658,48.55073836,78.99981508,5.537638098,2.749770852,4.331258919,True,True,True,True,True,True
US.BORR,BORR,Borr Drilling,6.185,5.679,4.621,4.143,1906223649,299.032,-2.29,1.550001002,6.329955992,8.91001937,22.89547717,11.53753319,True,True,True,True,True,True
US.BORT,BORT,BANK OF BOTETOURT BUCHANAN VA,52.38,46.469,39.393,37.381,103200647.4,63.278,0,32.08025576,52.38,12.72030816,17.96258218,5.382413526,True,True,True,True,True,True
US.BOTJ,BOTJ,詹姆斯金融银行,23.01,21.94,19.355,18.216,104542207.4,80.086,-22.759,12.77722866,29.78987843,4.876937101,13.35572204,6.25274484,True,True,True,True,True,True
US.BOUYY,BOUYY,BOUYGUES UNSP ADR EACH REPR 0.2 ORD,11.73,11.463,10.446,9.93,2.261694449e+10,49.217,-6.16,7.861034601,12.5,2.329233185,9.735784032,5.196374622,True,True,True,True,True,True
US.BPCGY,BPCGY,BANCO COMERCIAL PORTUGUES S.A. UNSP ADR EACH REPR 10 ORD SHS(POST SPLT),10.675,9.986,9.527,8.571,1.580859341e+10,79.147,-10.519,5.958793616,11.92990691,6.899659523,4.817886008,11.15389103,True,True,True,True,True,True
US.BPOP,BPOP,大众银行,143.54,140.609,129.569,127.36,9263742750,46.381,-6.151,98.05917435,152.9478204,2.084503837,8.520556615,1.734453518,True,True,True,True,True,True
US.BPXXY,BPXXY,BPER BANCA SPA UNSP ADR EA REPR 2 ORD EUR0.00,30,27.528,20.918,17.627,3.125744733e+10,155.067,-8.312,11.76161558,32.71965797,8.97994769,31.59957931,18.67022182,True,True,True,True,True,True
US.BPYUP,BPYUP,BROOKFIELD PPTY REIT INC 6.375% SER A CUMULATIVE PERP RED PRF SHS,25.2,25.114,24.692,23.914,252000000,52.957,-0.63,16.47521853,25.35976653,0.3424384805,1.709055565,3.253324412,True,True,True,True,True,True
US.BRELY,BRELY,BRAZILIAN RARE EARTHS LIMITED SPON ADR EACH REP 5 ORD SHS,20.73,16.89,14.852,13.019,1161517302,238.448,-0.765,6.125017728,20.88980702,22.73534636,13.72205764,14.07942238,True,True,True,True,True,True
US.BRUN,BRUN,Boost Run,29.605,14.154,12.712,12.267,1444092644,192.828,-6.015,10.11003046,31.4997074,109.1634874,11.34361233,3.627618815,True,True,True,True,True,True
US.BSRR,BSRR,塞拉银行,37.37,34.99,33.161,32.096,488769106.1,44.989,-2.493,25.77436909,38.32545356,6.801943412,5.515515214,3.318170489,True,True,True,True,True,True
US.BTE,BTE,Baytex Energy,5.09,4.439,3.546,3.217,3682106000,234.426,-2.862,1.522010848,5.239967881,14.66546519,25.18330513,10.22691949,True,True,True,True,True,True
US.BTI,BTI,英美烟草,64.93,58.609,56.592,55.711,1.404789944e+11,59.953,-3.521,40.59317424,67.29961961,10.78503302,3.564108001,1.581375312,True,True,True,True,True,True
US.BTSG,BTSG,BrightSpring Health Services,57.71,46.468,39.82,36.127,1.119103075e+10,203.577,-1.636,19.01000405,58.66983856,24.19299303,16.69512808,10.22227143,True,True,True,True,True,True
US.BUD,BUD,百威英博,80.93,72.893,68.226,65.958,1.578938846e+11,44.591,-0.926,55.97167182,81.68641621,11.02575007,6.840500689,3.438551806,True,True,True,True,True,True
US.BUKS,BUKS,BUTLER NATIONAL CORP,4.02,3.862,3.138,2.794,257581282.9,191.304,-4.285,1.380001648,4.199968657,4.091144485,23.0720204,12.31209735,True,True,True,True,True,True
US.BVFL,BVFL,BV Financial,19.74,19.471,18.557,17.981,170927969.1,40.498,-3.894,14.05002206,20.53982061,1.38154178,4.925365091,3.203381347,True,True,True,True,True,True
US.BVN,BVN,布埃纳文图拉开采,34.525,34.24,30.825,28.039,8768896583,147.59,-20.465,13.94442425,43.40856227,0.8323598131,11.07866991,9.936160348,True,True,True,True,True,True
US.BVS,BVS,Bioventus,10.5,9.56,8.282,7.964,877115242.5,80.722,-6.66,5.810028663,11.24919649,9.832635983,15.4310553,3.992968358,True,True,True,True,True,True
US.BW,BW,Babcock & Wilcox Enterprises,20.37,15.771,9.81,7.927,2774648645,3161.772,-4.634,0.6245071697,21.35981377,29.16111851,60.76452599,23.7542576,True,True,True,True,True,True
US.BWA,BWA,博格华纳,64.37,55.522,50.098,48.078,1.320324875e+10,104.446,-8.441,31.48508653,70.30439389,15.93602536,10.82677951,4.201505886,True,True,True,True,True,True
US.BWAY,BWAY,Brainsway,15.29,14.719,11.42,10.392,612222777,208.577,-11.885,4.955003127,17.35232367,3.879339629,28.88791594,9.892224788,True,True,True,True,True,True
US.BWFG,BWFG,Bankwell Financial,50.5,49.753,47.344,46.037,402645590,54.51,-5.877,32.68396868,53.65319847,1.501417,5.088289963,2.839020788,True,True,True,True,True,True
US.BWLP,BWLP,BW LPG,20.775,17.86,14.801,14.549,3153948398,127.11,-1.306,9.147549646,21.04991185,16.32138858,20.66752246,1.732077806,True,True,True,True,True,True
US.BY,BY,Byline Bancorp,32.17,31.994,30.291,29.614,1460815862,31.948,-5.939,24.38081669,34.20120985,0.5501031443,5.622131986,2.286080908,True,True,True,True,True,True
US.BYLB,BYLB,BOYLE BANCORP INC,117,114.225,97.049,90.884,100411506,47.093,-7.039,79.54151455,125.8592313,2.429415627,17.69827613,6.783372211,True,True,True,True,True,True
US.BZLEY,BZLEY,BEAZLEY PLC (UK) UNSPON ADS EACH REP 2 ORD SHS,32.71,28.539,25.323,23.834,9665397957,59.686,-9.548,20.48394975,36.16282669,14.61508813,12.69991707,6.247377696,True,True,True,True,True,True
US.BZQIY,BZQIY,BEZEQ-ISRAELI TELECOMUNICATION CORP UNSP ADR EACH REPR 5 ORD,14.1,12.596,9.786,9.064,7811006638,151.77,0,5.600349525,14.1,11.94029851,28.71449009,7.965578111,True,True,True,True,True,True
US.C,C,花旗集团,123.72,119.659,112.158,107.961,2.110139809e+11,76.587,-8.119,70.06178258,134.6524309,3.393810746,6.687886731,3.887514936,True,True,True,True,True,True
US.CABA,CABA,Cabaletta Bio,3.36,3.182,2.775,2.546,547048840.6,166.269,-20.685,1.261881781,4.236273088,5.593966059,14.66666667,8.994501178,True,True,True,True,True,True
US.CADL,CADL,Candel Therapeutics,8.26,5.982,5.64,5.628,605212174.1,89.885,-10.895,4.350001317,9.269962404,38.08090939,6.063829787,0.2132196162,True,True,True,True,True,True
US.CAIXY,CAIXY,CAIXABANK SA UNSP ADR EA REPR 1/3 ORD EUR0.00,4.18,3.969,3.811,3.656,8.747287151e+10,60.501,-4.783,2.604345144,4.389972379,5.316200554,4.145893466,4.239606127,True,True,True,True,True,True
US.CALY,CALY,Callaway Golf Company,15.365,14.383,12.944,12.044,2761974955,161.977,-14.638,5.865018685,17.99981256,6.827504693,11.1171199,7.472600465,True,True,True,True,True,True
US.CARE,CARE,Carter Bankshares,26.21,23.355,20.785,20.322,582438882.1,70.843,-3.781,15.34157092,27.23994222,12.22436309,12.36468607,2.278319063,True,True,True,True,True,True
US.CASY,CASY,Caseys General Stores,858.81,757.056,643.179,614.388,3.174078455e+10,99.025,-4.682,431.5086044,900.9945656,13.44074943,17.70533553,4.686126682,True,True,True,True,True,True
US.CAT,CAT,卡特彼勒,889.14,781.328,670.894,612.97,4.095307558e+11,167.297,-4.532,332.6412193,931.3487242,13.79855835,16.46072256,9.449728372,True,True,True,True,True,True
US.CATY,CATY,国泰万通金控,55.87,52.358,50.147,49.477,3745265285,37.49,-3.672,40.6356826,57.99975085,6.70766645,4.40903743,1.354164561,True,True,True,True,True,True
US.CBC,CBC,Central Bancompany,26.64,25.193,23.73,22.524,6387925680,173.142,-4.207,9.753168681,27.80996524,5.743658953,6.16519174,5.354288759,True,True,True,True,True,True
US.CBFV,CBFV,CB金融服务,34.66,34.635,34.264,33.666,175816697.3,31.929,-6.741,26.27170675,37.1653138,0.07218131947,1.082769087,1.776272797,True,True,True,True,True,True
US.CBL,CBL,CBL & Associates Properties,46.43,41.463,36.465,34.629,1436765114,105.189,-4.543,22.62791865,48.63970165,11.97935509,13.70629371,5.30191458,True,True,True,True,True,True
US.CBLUY,CBLUY,中海石油化学(ADR),19.78,10.731,9.61,9.46,1823716000,119.542,0,9.009665577,19.78,84.32578511,11.66493236,1.585623679,True,True,True,True,True,True
US.CBNA,CBNA,Chain Bridge Bancorp,36.8,35.89,34.226,33.142,241474865.6,54.882,-4.415,23.76002376,38.49976461,2.535525216,4.86180097,3.270774244,True,True,True,True,True,True
US.CBOE,CBOE,芝加哥期权交易所,362.63,305.244,275.004,266.245,3.793176401e+10,67.543,-1.484,216.4399587,368.0924926,18.80004193,10.99620369,3.289827039,True,True,True,True,True,True
US.CBTN,CBTN,CITIZENS BANCORP INVT INC,37.65,32.695,28.637,27.628,222962697.6,43.957,0,26.1536431,37.65,15.15522251,14.17047875,3.65209208,True,True,True,True,True,True
US.CC,CC,The Chemours,23.69,22.228,16.865,16.352,3562447926,165.132,-17.078,8.935171914,28.56901667,6.577289905,31.79958494,3.13723092,True,True,True,True,True,True
US.CCHGY,CCHGY,COCA-COLA HBC AG UNSPON ADR EACH REP 1 ORD,57.106,56.884,52.96,51.886,2.081295223e+10,31.823,-11.284,43.32020968,64.36944858,0.3902679136,7.409365559,2.069922522,True,True,True,True,True,True
US.CCNB,CCNB,COASTAL CAROLINA BANCSHARES INC,14.45,14.289,13.426,13.013,109581531.7,36.707,-7.312,10.57005128,15.58993613,1.12674085,6.427826605,3.173749328,True,True,True,True,True,True
US.CCNE,CCNE,CNB金融,29.8,29.55,27.422,26.694,882944587.4,43.496,-6.289,20.7671294,31.79989542,0.8460236887,7.760192546,2.727204615,True,True,True,True,True,True
US.CCO,CCO,Clear Channel Outdoor,2.385,2.382,2.153,1.941,1213925662,138.559,-1.851,0.9997526817,2.42997891,0.1259445844,10.63632141,10.92220505,True,True,True,True,True,True
US.CCOZY,CCOZY,中煤能源(ADR),32.194,30.072,24.683,24.136,2.13422053e+10,81.333,-5.312,17.75407675,34.00008449,7.056397978,21.83284042,2.266324163,True,True,True,True,True,True
US.CCTC,CCTC,CATALYST CREW TECHNOLOGIES CORP,2.32,1.432,0.87,0.867,130232724.4,534.66,-6.498,0.3655500583,2.481230348,62.01117318,64.59770115,0.3460207612,True,True,True,True,True,True
US.CDLR,CDLR,Cadeler AS,28.82,25.662,22.263,21.949,2780865922,87.508,-3.965,15.37001088,30.00989223,12.30613358,15.26748417,1.430589093,True,True,True,True,True,True
US.CDNA,CDNA,CareDx,19.95,19.013,18.41,17.184,1030606646,82.025,-14.156,10.96003296,23.23983039,4.928207016,3.275393808,7.134543762,True,True,True,True,True,True
US.CECO,CECO,CECO环保,82.625,65.986,61.725,58.236,2964009186,218.83,-8.448,25.91506445,90.24925725,25.2159549,6.903199676,5.991139501,True,True,True,True,True,True
US.CELC,CELC,Celcuity,133.945,119.636,103.628,90.432,6532000446,1205.506,-11.306,10.26000646,151.0192347,11.96044669,15.44756243,14.59217976,True,True,True,True,True,True
US.CELJF,CELJF,Cellcom Israel Ltd,13.245,10.948,10.491,9.824,2232496816,375.608,-6.173,2.784856436,14.11640573,20.9810011,4.356114765,6.789495114,True,True,True,True,True,True
US.CERS,CERS,Cerus,2.385,2.031,2.013,1.848,477880003,107.391,-24.285,1.150001688,3.149970283,17.42983752,0.8941877794,8.928571429,True,True,True,True,True,True
US.CF,CF,CF工业控股,124.26,123.631,97.932,94.869,1.908997359e+10,66.324,-12.11,74.70960294,141.381272,0.5087720717,26.2416779,3.228662682,True,True,True,True,True,True
US.CFFI,CFFI,C&F金融,74.67,74.21,72.182,70.962,243003210.5,33.386,-7.803,55.98038775,80.98962005,0.6198625522,2.809564711,1.71923001,True,True,True,True,True,True
US.CFFN,CFFN,Capitol Federal Financial,7.505,7.349,6.87,6.653,951407551.6,44.084,-5,5.208767108,7.9,2.122737787,6.972343523,3.261686457,True,True,True,True,True,True
US.CFNB,CFNB,CALIFORNIA FIRST LEASING CORP,31.57,27.042,24.165,23.016,283479247.6,72.891,-1.343,18.26005981,31.99975673,16.74432364,11.90564867,4.992179353,True,True,True,True,True,True
US.CGEM,CGEM,Cullinan Therapeutics,15.445,14.25,11.88,10.644,949219520.5,171.919,-7.735,5.680000294,16.7398255,8.385964912,19.94949495,11.61217587,True,True,True,True,True,True
US.CGEN,CGEN,Compugen医疗,2.835,2.512,1.996,1.866,268060950,118.918,-12.364,1.295005436,3.234971929,12.85828025,25.85170341,6.966773848,True,True,True,True,True,True
US.CGNT,CGNT,Cognyte Software,9.635,9.13,8.702,8.69,700232826.4,53.179,-17.331,6.290026701,11.65491297,5.531215772,4.918409561,0.1380897583,True,True,True,True,True,True
US.CGNX,CGNX,康耐视,64.82,54.213,46.16,45.609,1.078730881e+10,124.755,-9.847,28.84029276,71.89999224,19.56541789,17.44584055,1.208094894,True,True,True,True,True,True
US.CHBAY,CHBAY,CHIBA BANK UNSP ADR EACH REPR 5 ORD,71.415,64.893,54.726,51.961,9922907575,68.655,0,42.34383801,71.415,10.05039064,18.5780068,5.321298666,True,True,True,True,True,True
US.CHBH,CHBH,CROGHAN BANCSHARES INC,59.36,57.229,52.339,50.795,119032886.6,31.494,-2.672,45.14274416,60.98964327,3.723636618,9.342937389,3.039669259,True,True,True,True,True,True
US.CHCLY,CHCLY,CITIZEN WATCH CO LTD ADR EACH REPR 5 SHS,68.94,32.868,31.594,31.358,3364187411,149.15,0,27.67007827,68.94,109.7480832,4.032411217,0.7525990178,True,True,True,True,True,True
US.CHCT,CHCT,Community Healthcare Trust,16.87,16.351,15.458,15.029,482003290.7,39.355,-4.285,12.10577303,17.6252416,3.174117791,5.776943977,2.854481336,True,True,True,True,True,True
US.CHEF,CHEF,The Chefs' Warehouse,80.68,66.993,64.044,63.631,3289939108,51.654,-2.573,53.20004748,82.81071982,20.43049274,4.604646805,0.649054706,True,True,True,True,True,True
US.CHFHY,CHFHY,中国食品(ADR),11,7.354,6.844,6.717,1538472870,87.832,0,5.856297117,11,49.5784607,7.451782583,1.890725026,True,True,True,True,True,True
US.CHMG,CHMG,Chemung Financial,65.405,59.824,56.383,55.123,315240327.1,54.262,-7.659,42.39864646,70.82985889,9.329031827,6.102903357,2.285797217,True,True,True,True,True,True
US.CHRD,CHRD,Chord Energy,145.34,135.706,107.847,106.009,8182523257,76.832,-3.428,82.19100615,150.4991095,7.099170265,25.83196566,1.733815053,True,True,True,True,True,True
US.CHRN,CHRN,ChronoScale,18.54,11.591,8.444,7.344,2652951284,579.12,-8.849,2.730003534,20.33987559,59.95168665,37.26906679,14.97821351,True,True,True,True,True,True
US.CHRYY,CHRYY,CHORUS LTD SPON ADR EACH REP 5 ORD NZD0.00,30.33,27.775,26.629,26.21,2631960301,43.63,0,21.11675834,30.33,9.198919892,4.303578805,1.598626478,True,True,True,True,True,True
US.CHSTY,CHSTY,中国高速传动(ADR),5.623,4.702,3.715,3.597,367783610.8,160.305,0,2.160158276,5.623,19.58740961,26.5679677,3.280511537,True,True,True,True,True,True
US.CIBEY,CIBEY,商业国际银行,2.35,2.337,2.206,2.072,7753303535,79.656,-16.071,1.308055395,2.799985702,0.5562687206,5.938349955,6.467181467,True,True,True,True,True,True
US.CICHY,CICHY,建设银行(ADR),22.315,21.614,20.525,20.175,2.918806256e+11,34.609,-2.978,16.5776434,22.99993816,3.243268252,5.305724726,1.734820322,True,True,True,True,True,True
US.CIEN,CIEN,Ciena,569.56,461.071,308.969,260.932,8.053488808e+10,704.804,-4.889,70.77002599,598.8371482,23.52978175,49.22888704,18.40977726,True,True,True,True,True,True
US.CIVB,CIVB,Civista Bancshares,24.26,23.487,22.816,22.111,504206100.8,32.123,-13.674,18.36167813,28.10277321,3.291182356,2.940918654,3.188458233,True,True,True,True,True,True
US.CKHGY,CKHGY,CAPITEC BANK HLDGS SPON ADR EACH REPR 0.5 ORD SHS,128.17,126.473,124.564,118.173,2.969707513e+10,39.29,-13.36,92.0166559,147.9339797,1.341788366,1.532545519,5.408172764,True,True,True,True,True,True
US.CKHUY,CKHUY,长和(ADR),9.255,8.095,7.558,7.286,3.544878537e+10,73.791,-1.011,5.325362073,9.349523684,14.32983323,7.105054247,3.733186934,True,True,True,True,True,True
US.CKISY,CKISY,长江基建集团(ADR),43.5,42.928,36.063,34.655,2.192061522e+10,51.567,-1.226,28.7001788,44.03992954,1.33246366,19.03613121,4.062905786,True,True,True,True,True,True
US.CLBK,CLBK,Columbia Financial,19.53,18.221,16.89,16.406,2032047070,42.972,-1.063,13.66001735,19.73983444,7.18401844,7.880402605,2.950140193,True,True,True,True,True,True
US.CLDT,CLDT,Chatham Lodging信托,9.675,8.427,7.336,7.203,451640803.5,63.307,-4.632,5.92442455,10.14491234,14.80954076,14.87186478,1.846452867,True,True,True,True,True,True
US.CLH,CLH,Clean Harbors,304.085,296.159,262.11,256.158,1.606968564e+10,51.03,-4.068,201.3407932,316.9797356,2.676265114,12.99034756,2.323565924,True,True,True,True,True,True
US.CLS,CLS,天弘科技,361.605,338.15,314.845,291.969,4.157485036e+10,231.474,-16.872,109.090004,434.9978347,6.936270886,7.402054979,7.835078382,True,True,True,True,True,True
US.CLYM,CLYM,Climb Bio,10.8,8.479,5.272,4.467,618413648.4,831.034,-13.461,1.160000601,12.47992235,27.37351103,60.83080425,18.02104321,True,True,True,True,True,True
US.CM,CM,加拿大帝国商业银行,111.58,103.126,93.756,89.119,1.026926571e+11,75.678,-1.496,63.51392889,113.2745878,8.197738689,9.994027049,5.203155332,True,True,True,True,True,True
US.CMBT,CMBT,CMB.Tech,14.89,13.158,11.578,10.906,4320627860,95.83,-4.367,7.603533677,15.56993925,13.1630947,13.64657108,6.161745828,True,True,True,True,True,True
US.CMDB,CMDB,Costamare Bulkers Holdings,18.92,16.938,16.084,14.882,457494530.2,123.64,-5.043,8.46002504,19.92480807,11.70149959,5.309624472,8.076871388,True,True,True,True,True,True
US.CMHF,CMHF,COMMUNITY HERITAGE FINANCIAL INC,34.5,30.525,28.307,27.091,101177460,51.794,-1.428,22.72817107,34.9997971,13.02211302,7.835517716,4.488575542,True,True,True,True,True,True
US.CMHHY,CMHHY,招商局港口(ADR),20.4,20.329,17.836,16.339,8563938748,44.627,-6.464,14.10525006,21.80978447,0.3492547592,13.97734918,9.162127425,True,True,True,True,True,True
US.CMI,CMI,康明斯,699.725,605.86,544.994,509.159,9.655439991e+10,130.169,-2.556,304.0048834,718.0791018,15.49285313,11.16819635,7.038076514,True,True,True,True,True,True
US.CMP,CMP,罗盘矿物,29.3,25.005,22.146,21.399,1229379596,78.713,-9.539,16.39500204,32.38964858,17.17656469,12.90978055,3.490817328,True,True,True,True,True,True
US.CMPR,CMPR,Cimpress,94.355,79.423,73.908,70.575,2286418852,125.325,-1.713,41.87506934,95.99947094,18.80059932,7.461979759,4.722635494,True,True,True,True,True,True
US.CMPS,CMPS,COMPASS Pathways,10.17,7.342,6.772,6.327,1372137696,351.902,-9.819,2.250487938,11.27732006,38.51811496,8.417011223,7.033349139,True,True,True,True,True,True
US.CMRB,CMRB,FIRST COMM BANCORP INC,6.31,6.181,5.627,5.373,125900773.5,42.492,-5.425,4.428318783,6.671953476,2.087040932,9.845388306,4.727340406,True,True,True,True,True,True
US.CMRE,CMRE,Costamare,17.348,16.868,15.591,14.543,2091913497,119.623,-3.281,7.898990543,17.93649645,2.845624852,8.190622795,7.206216049,True,True,True,True,True,True
US.CMT,CMT,Core Molding Technologies,25.02,23.672,20.719,20.348,214253741,66.577,-12.791,15.0200808,28.68969946,5.694491382,14.25261837,1.823275015,True,True,True,True,True,True
US.CMTV,CMTV,Community Bancorp,38.655,37.132,29.482,27.391,216335490.7,129.226,-9.926,16.86327031,42.91471457,4.10158354,25.94803609,7.633894345,True,True,True,True,True,True
US.CNBB,CNBB,CNB COMMUNITY BANCORP INC,49.17,45.169,42.155,41.152,100237863.7,30.175,0,37.77222969,49.17,8.857844982,7.149804294,2.437305599,True,True,True,True,True,True
US.CNC,CNC,康西哥,58.62,41.862,40.625,38.189,2.894638014e+10,133.778,-5.763,25.07507122,62.20486645,40.03153218,3.044923077,6.378800178,True,True,True,True,True,True
US.CNGKY,CNGKY,长实集团(ADR),13.14,12.203,11.262,10.811,2.299354365e+10,71.383,-4.227,7.667038154,13.71994195,7.678439728,8.355531877,4.171676996,True,True,True,True,True,True
US.CNO,CNO,康塞科,47,42.742,41.77,40.919,4387379641,35.078,-0.728,34.7947112,47.34466919,9.96209817,2.327028968,2.079718468,True,True,True,True,True,True
US.CNOB,CNOB,ConnectOne Bank,29.01,27.615,26.399,25.846,1458869211,36.919,-4.722,21.18770952,30.4477424,5.05160239,4.606235085,2.139596069,True,True,True,True,True,True
US.CNQ,CNQ,加拿大自然资源,47.675,46.914,38.547,36.501,9.919285216e+10,68.555,-6.473,28.2845362,50.97458488,1.622117065,21.70596934,5.605325881,True,True,True,True,True,True
US.CNTA,CNTA,Centessa Pharmaceuticals,39.59,35.532,28.584,26.354,6125719764,261.552,-1.664,10.95001549,40.25992515,11.42069121,24.30730479,8.461713592,True,True,True,True,True,True
US.COCO,COCO,Vita Coco,76.185,56.43,52.549,48.795,4351126707,139.65,-1.071,31.79011058,77.00977469,35.00797448,7.38548783,7.69341121,True,True,True,True,True,True
US.CODI,CODI,Compass Diversified,12.16,9.358,7.328,7.255,914869346.6,165.502,-3.797,4.580003164,12.63993846,29.94229536,27.70196507,1.006202619,True,True,True,True,True,True
US.COHR,COHR,Coherent,385.64,298.119,220.876,191.483,7.545026054e+10,423.567,-6.619,73.65628468,412.9748022,29.35773969,34.97120556,15.35018775,True,True,True,True,True,True
US.COHU,COHU,科休半导体,46.83,38.059,29.942,27.533,2209221500,184.466,-10.678,16.46242433,52.42829314,23.04579731,27.10907755,8.749500599,True,True,True,True,True,True
US.COLB,COLB,哥伦比亚银行系统,28.745,28.307,28.018,27.279,8321400571,36.369,-11.018,21.07883757,32.30428626,1.547320451,1.031479763,2.709043587,True,True,True,True,True,True
US.CORZ,CORZ,Core Scientific,23.755,18.751,17.883,17.245,7549775685,131.028,-5.641,10.28230344,25.17512903,26.68657672,4.853771739,3.699623079,True,True,True,True,True,True
US.COSO,COSO,CoastalSouth Bancshares,25.345,24.908,23.708,23.211,305040533.2,32.257,-3.66,19.16344693,26.30786797,1.7544564,5.061582588,2.141226143,True,True,True,True,True,True
US.CPAC,CPAC,Cementos Pacasmayo,10.59,10.467,9.371,8.554,906730297.7,112.162,-7.912,4.991468783,11.49986969,1.175121811,11.69565681,9.551087211,True,True,True,True,True,True
US.CPCAY,CPCAY,国泰航空(ADR),7.85,7.64,7.436,7.191,9547371023,35.506,-8.932,5.793101412,8.619932358,2.748691099,2.743410436,3.407036573,True,True,True,True,True,True
US.CPF,CPF,中央太平洋银行,33.69,32.926,31.568,30.944,879350405,35.036,-4.857,24.94890251,35.40985674,2.320354735,4.301824633,2.016546019,True,True,True,True,True,True
US.CPKF,CPKF,CHESAPEAKE FINANCIAL SHARES INC,34.74,33.432,28.224,26.388,163568912.8,83.56,-0.028,18.92569187,34.74972992,3.912419239,18.45238095,6.957708049,True,True,True,True,True,True
US.CPRX,CPRX,Catalyst Pharmaceuticals,31.145,26.311,24.155,23.195,3811555996,63.49,-4.345,19.05009481,32.55971983,18.3725438,8.925688263,4.138823022,True,True,True,True,True,True
US.CQP,CQP,Cheniere Energy Partners LP,64.05,63.549,56.837,55.531,3.100366658e+10,35.06,-8.187,47.42336739,69.76136277,0.788368031,11.80920879,2.351839513,True,True,True,True,True,True
US.CRBJY,CRBJY,华润置地(ADR),46.735,38.863,37.811,36.469,3.332644613e+10,45.071,0,32.21526011,46.735,20.25577027,2.782259131,3.67983767,True,True,True,True,True,True
US.CRCBY,CRCBY,重庆农村商业银行(ADR),39,32.153,23.315,21.055,8858460000,173.221,0,14.27415901,39,21.295058,37.90692687,10.73379245,True,True,True,True,True,True
US.CRGY,CRGY,Crescent Energy,12.82,12.725,10.239,9.9,4233825871,68.637,-10.286,7.602127647,14.28985443,0.7465618861,24.27971482,3.424242424,True,True,True,True,True,True
US.CRKR,CRKR,Creek Road Miners,14.24,11.378,6.228,5.243,2794609640,884.98,-16.933,1.445714634,17.14278835,25.15380559,82.69107258,18.78695403,True,True,True,True,True,True
US.CRNT,CRNT,Ceragon,2.575,2.391,2.292,2.255,234051264.6,41.483,-9.299,1.820006644,2.838998467,7.695524885,4.319371728,1.640798226,True,True,True,True,True,True
US.CROX,CROX,卡骆驰,95.275,93.049,88.049,87.081,4734181213,30.148,-17.944,73.20512032,116.1097299,2.392287934,5.678656203,1.111608732,True,True,True,True,True,True
US.CRPHY,CRPHY,CERES POWER HOLDINGS PLC UNSPON ADS EACH REP 0.5 ORD SHS,4.77,2.927,2.145,1.816,1860640826,1697.287,-8.969,0.2654000168,5.239973196,62.96549368,36.45687646,18.11674009,True,True,True,True,True,True
US.CRRFY,CRRFY,家乐福(ADR),4.03,3.815,3.463,3.341,1.425840707e+10,47.619,-1.946,2.730000881,4.109980215,5.635648755,10.16459717,3.651601317,True,True,True,True,True,True
US.CRS,CRS,卡朋特科技,415.203,412.23,355.712,328.116,2.062959032e+10,89.598,-12.715,218.9912341,475.6865441,0.7211993305,15.88869647,8.41044021,True,True,True,True,True,True
US.CRUS,CRUS,凌云半导体,159.985,154.054,136.198,131.199,8160417129,73.858,-10.622,92.02049949,178.9981875,3.849948719,13.11032467,3.810242456,True,True,True,True,True,True
US.CSBB,CSBB,CSB BANCORP INC OHIO,66,61.463,53.535,50.612,173382990,66.556,-3.621,39.62631187,68.47964806,7.381676781,14.80900346,5.775310203,True,True,True,True,True,True
US.CSCO,CSCO,思科,116.9,85.73,78.978,76.011,4.616239998e+11,91.91,-2.086,60.91397009,119.3904855,36.35833431,8.549216237,3.903382405,True,True,True,True,True,True
US.CSGS,CSGS,CSG国际(已退市),80.69,80.132,77.66,74.059,2300464154,35.056,-0.049,59.74558702,80.72955748,0.6963510208,3.183105846,4.862339486,True,True,True,True,True,True
US.CSIOY,CSIOY,卡西欧(ADR),100.92,99.191,89.222,87.21,2269103547,44.75,-10.284,69.72020725,112.4882964,1.743101693,11.17325323,2.307074877,True,True,True,True,True,True
US.CSR,CSR,Centerspace,67.51,63.013,62.639,60.815,1134380521,32.92,-3.009,50.78994884,69.60439628,7.136622602,0.5970721116,2.999260051,True,True,True,True,True,True
US.CSTM,CSTM,Constellium,32.41,28.604,22.648,20.618,4412636084,188.601,-7.24,11.23003732,34.93962915,13.30583135,26.29812787,9.845765836,True,True,True,True,True,True
US.CSWC,CSWC,西南资本,23.522,22.607,21.454,21.246,1424878278,32.101,-2.94,17.80607263,24.23449413,4.047418941,5.374289177,0.9790078132,True,True,True,True,True,True
US.CSX,CSX,CSX运输,45.745,42.345,38.782,37.597,8.49864791e+10,53.932,-1.729,29.71766754,46.54984685,8.029283268,9.187251818,3.151847222,True,True,True,True,True,True
US.CTBI,CTBI,大众信托合众银行,64.21,62.874,59.045,58.009,1166292525,33.002,-6.556,48.27746951,68.71495227,2.12488469,6.48488441,1.78592977,True,True,True,True,True,True
US.CTIHY,CTIHY,中国太平(ADR),75.51,44.655,28.09,26.598,1.085537363e+10,307.376,-3.57,18.53570166,78.30550659,69.09640578,58.97116412,5.609444319,True,True,True,True,True,True
US.CTNM,CTNM,Contineum Therapeutics,13.585,13.271,12.638,11.981,507893931.5,305.522,-16.809,3.350003206,16.32989145,2.366061337,5.008703909,5.483682497,True,True,True,True,True,True
US.CTO,CTO,CTO Realty Growth,20.07,19.407,18.026,17.424,678036691.4,38.814,-2.902,14.45819586,20.66983872,3.41629309,7.661156108,3.455004591,True,True,True,True,True,True
US.CTOS,CTOS,Custom Truck One Source,9.885,7.704,6.792,6.598,2248173436,135.918,-3.277,4.190015175,10.21990633,28.30996885,13.42756184,2.940284935,True,True,True,True,True,True
US.CTPCY,CTPCY,中信股份(ADR),8.45,7.822,7.682,7.375,4.916254384e+10,52.402,-2.312,5.544546659,8.649987716,8.028637177,1.822442072,4.162711864,True,True,True,True,True,True
US.CTRE,CTRE,CareTrust REIT,41.46,38.978,37.274,36.221,9794520143,55.264,-3.76,26.70290602,43.0798005,6.367694597,4.571551215,2.907153309,True,True,True,True,True,True
US.CTS,CTS,CTS Corp,58.92,52.737,48.295,46.421,1684694257,63.835,-4.998,35.96301157,62.01974695,11.72421639,9.197639507,4.036966028,True,True,True,True,True,True
US.CTUY,CTUY,CENTURY NEXT FINL CORP,66,65.339,57.914,54.129,121896060,53.551,-6.884,42.98246185,70.8793333,1.011646949,12.82073419,6.992554823,True,True,True,True,True,True
US.CTVA,CTVA,Corteva,82.51,81.107,72.59,71.969,5.51843382e+10,36.973,-3.643,60.23814912,85.62948203,1.729813703,11.73302108,0.8628715141,True,True,True,True,True,True
US.CTXAY,CTXAY,AMPOL LTD UNSP ADS EACH REP 2 ORD SHS,49.298,46.99,42.416,41.183,5873848838,63.284,-4.183,30.19156807,51.4501602,4.911683337,10.78366654,2.993953816,True,True,True,True,True,True
US.CUBI,CUBI,Customers Bancorp,72.35,72.345,71.861,70.521,2447245117,46.043,-12.366,49.54020391,82.55928064,0.006911327666,0.6735224948,1.90014322,True,True,True,True,True,True
US.CUGCY,CUGCY,中国东方集团(ADR),4.2,2.805,2.651,2.594,781739490,73.231,-10.828,2.424508315,4.709998654,49.73262032,5.809128631,2.197378566,True,True,True,True,True,True
US.CURB,CURB,Curbline Properties,27.8,27.033,24.99,24.251,2933993763,31.401,-3.939,21.1566122,28.93994441,2.837272963,8.175270108,3.047297019,True,True,True,True,True,True
US.CURR,CURR,Currenc Group,3.76,3.092,2.423,2.236,422179887.6,1050.55,-20.423,0.326800226,4.724983349,21.60413972,27.61040033,8.363148479,True,True,True,True,True,True
US.CVE,CVE,Cenovus能源,30.495,26.382,21.006,19.766,5.68676554e+10,144.842,-1.134,12.45497096,30.8447798,15.59017512,25.5926878,6.273398766,True,True,True,True,True,True
US.CVEO,CVEO,Civeo,34.4,29.539,25.837,25.117,376449382.4,74.177,-5.753,19.7500244,36.49983554,16.45621043,14.32828889,2.866584385,True,True,True,True,True,True
US.CVGI,CVGI,商用汽车集团,5.14,3.89,2.369,2.223,186365863,311.2,-11.226,1.25,5.789983554,32.13367609,64.20430561,6.567701305,True,True,True,True,True,True
US.CVLG,CVLG,Covenant Logistics,34.94,29.435,25.503,24.869,879474355.7,95.215,-2.701,17.89821479,35.90992713,18.70222524,15.41779399,2.549358639,True,True,True,True,True,True
US.CVS,CVS,西维斯健康,96.615,78.542,77.907,75.925,1.232737168e+11,69.347,-1.843,57.05149781,98.42904734,23.01061852,0.8150743836,2.610470859,True,True,True,True,True,True
US.CW,CW,寇蒂斯莱特,735.21,708.05,636.998,603.633,2.715950949e+10,81.537,-3.353,404.9918198,760.7168355,3.835887296,11.15419515,5.527365137,True,True,True,True,True,True
US.CWAN,CWAN,Clearwater Analytics,24.345,23.86,22.491,21.697,7266697444,54.718,-2.888,15.73507931,25.0689925,2.032690696,6.086879196,3.659492096,True,True,True,True,True,True
US.CWBC,CWBC,西部社区银行,23.36,23.302,22.795,22.163,633855052.2,36.405,-8.722,17.12547194,25.59214707,0.2489056733,2.224171968,2.851599513,True,True,True,True,True,True
US.CWEN.A,CWEN.A,Clearway Energy-A,40.43,38.422,33.792,32.167,8298981884,62.227,-2.366,24.92186874,41.4097548,5.226172505,13.7014678,5.051761122,True,True,True,True,True,True
US.CX,CX,西麦斯,12.765,11.691,11.43,10.803,1.841928806e+10,93.764,-6.62,6.587911067,13.66995074,9.186553759,2.283464567,5.803943349,True,True,True,True,True,True
US.CXDO,CXDO,Crexendo,9.75,7.048,6.737,6.634,316049886.8,91.929,-1.415,5.080003543,9.889942689,38.33711691,4.616298056,1.552607778,True,True,True,True,True,True
US.CYATY,CYATY,CONTEMPORARY AMPEREX TECHNOLOGY CO UNSPON ADS EACH REP 0.4 ORD,21.598,20.57,17.645,16.906,3.996841343e+11,93.697,-11.558,11.15040501,24.42052419,4.997569276,16.57693398,4.371229149,True,True,True,True,True,True
US.CYBQY,CYBQY,赛百达因(ADR),1.9,1.667,1.376,1.342,401149006.4,115.664,-18.103,0.8810000742,2.319987301,13.97720456,21.14825581,2.533532042,True,True,True,True,True,True
US.CYD,CYD,玉柴国际,50.275,42.148,41.06,39.324,1886233639,206.772,-11.096,16.38839268,56.54976154,19.28205372,2.649780809,4.414606856,True,True,True,True,True,True
US.CYRX,CYRX,Cryoport,13.17,9.813,9.551,9.412,663798462.2,148.022,-4.496,5.310012821,13.78999832,34.2097218,2.743168255,1.476838079,True,True,True,True,True,True
US.CYTK,CYTK,Cytokinetics,76.33,65.947,64.171,59.528,1.036336936e+10,156.055,-4.825,29.81000176,80.19963226,15.74446146,2.767605305,7.799690902,True,True,True,True,True,True
US.CZWI,CZWI,Citizens Community Bancorp,20.78,19.945,18.178,17.594,200404647.4,63.674,-7.674,12.69596882,22.50720274,4.186512911,9.720541314,3.319313402,True,True,True,True,True,True
US.DAC,DAC,达那俄斯,130.881,118.208,103.909,100.611,2382495425,64.072,-3.201,79.77046662,135.2090414,10.72093259,13.76107941,3.277971594,True,True,True,True,True,True
US.DAL,DAL,达美航空,70.69,66.956,65.888,63.878,4.647577961e+10,58.097,-6.899,44.71305591,75.92829293,5.576796702,1.620932492,3.146623251,True,True,True,True,True,True
US.DAO,DAO,有道,12.29,10.594,10.366,10.068,1482599615,53.625,-5.751,8,13.03992615,16.00906173,2.19949836,2.959872865,True,True,True,True,True,True
US.DAR,DAR,美国达尔令国际,61.775,60.029,46.224,42.633,9817737849,111.921,-6.429,29.15001345,66.01938635,2.908594179,29.86543787,8.423052565,True,True,True,True,True,True
US.DAVE,DAVE,Dave Inc,228.84,224.7,211.753,211.266,2909528283,50.344,-20.456,152.2109296,287.689832,1.842456609,6.11419909,0.2305150852,True,True,True,True,True,True
US.DAWN,DAWN,Day One Biopharmaceuticals(已退市),21.53,18.212,11.998,10.724,2224784659,282.076,0,5.635004554,21.53,18.21875686,51.79196533,11.87989556,True,True,True,True,True,True
US.DBI,DBI,Designer Brands,6.58,6.496,6.069,5.431,333931848.2,213,-24.108,2.102236422,8.670215569,1.293103448,7.035755479,11.74737617,True,True,True,True,True,True
US.DBIN,DBIN,DACOTAH BANKS INC,44.15,41.784,37.407,36.3,485791853.9,34.048,-1.079,32.93596324,44.63157469,5.662454528,11.70101853,3.049586777,True,True,True,True,True,True
US.DBRG,DBRG,DigitalBridge Group,15.655,15.504,14.148,13.461,2855039640,75.34,-0.095,8.928367743,15.66988639,0.9739422085,9.584393554,5.103632717,True,True,True,True,True,True
US.DBSDY,DBSDY,DBS GROUP HLDGS LTD SPONS ADR EACH REP 4 ORD SHS,187.97,176.539,171.04,166.111,1.333475486e+11,50.63,-0.397,124.7892186,188.7192153,6.475056503,3.215037418,2.967292955,True,True,True,True,True,True
US.DC,DC,Dakota Gold,5.665,5.527,5.453,5.177,758702669.5,98.737,-21.862,2.850500913,7.249993601,2.496833725,1.357051164,5.331272938,True,True,True,True,True,True
US.DCCPY,DCCPY,DCC UNSP ADR EACH REPR 0.1 ORD,39.5,33.379,32.709,32.422,6748506665,38.354,-1.25,28.54995157,40,18.33787711,2.048365893,0.8852014065,True,True,True,True,True,True
US.DCO,DCO,杜科蒙,143.78,134.536,113.76,108.435,2169001673,117.059,-8.019,66.24005455,156.3148911,6.871023369,18.26300985,4.910776041,True,True,True,True,True,True
US.DCOM,DCOM,迪募社区银行,35.72,34.659,31.672,31.017,1575733899,50.233,-5.751,23.77640066,37.89960636,3.061253931,9.431043193,2.111745172,True,True,True,True,True,True
US.DD,DD,杜邦,49.43,46.342,42.938,40.013,2.026241016e+10,85.443,-5.383,26.65509078,52.24219749,6.663501791,7.927709721,7.31012421,True,True,True,True,True,True
US.DEC,DEC,Diversified Energy,16.109,15.959,14.238,14.235,1165073259,36.207,-14.766,11.82685178,18.89973485,0.9399085156,12.08737182,0.0210748156,True,True,True,True,True,True
US.DELL,DELL,戴尔科技,241.65,190.165,151.001,146.319,1.560451132e+11,130.611,-8.462,104.7868488,263.988726,27.07385691,25.93625208,3.199857845,True,True,True,True,True,True
US.DFIHY,DFIHY,DFI RETAIL GROUP HOLDING LIMITED UNSPON ADR EA REP 5 COM USD0.055555,20.5,17.964,13.704,12.674,5549967952,128.27,-4.651,8.980593157,21.49996329,14.11712314,31.08581436,8.126873915,True,True,True,True,True,True
US.DFKCY,DFKCY,大福库(ADR),22.732,19.882,17.955,17.312,1.671727136e+10,102.598,-10.222,11.22024897,25.32023436,14.33457399,10.73238652,3.714186691,True,True,True,True,True,True
US.DFTX,DFTX,Definium Therapeutics,21.02,20.561,16.268,14.723,2292583779,231.284,-19.923,6.345009116,26.24973463,2.232381693,26.38923039,10.49378523,True,True,True,True,True,True
US.DGICB,DGICB,多尼戈尔股份-B,19.08,17.733,16.552,16.174,690352662.6,38.698,-7.596,13.75650694,20.64845678,7.596007444,7.135089415,2.337084209,True,True,True,True,True,True
US.DGII,DGII,美国迪进国际,62.62,54.022,46.511,43.584,2360911701,104.04,-10.299,30.69006077,69.80970112,15.91573803,16.14886801,6.715767254,True,True,True,True,True,True
US.DGXX,DGXX,Digi Power X,7.569,3.494,3.415,3.199,689404277.3,552.465,-17.732,1.160062226,9.200418146,116.628506,2.313323572,6.752110034,True,True,True,True,True,True
US.DHC,DHC,Diversified Healthcare Trust,8.33,7.379,5.921,5.428,2016750694,183.775,-5.662,2.935424192,8.829951875,12.88792519,24.62421888,9.082535004,True,True,True,True,True,True
US.DHLGY,DHLGY,Deutsche Post AG,27.26,26.386,25.811,24.855,6.102114139e+10,31.99,-7.231,20.65307978,29.38481605,3.312362617,2.227732362,3.84630859,True,True,True,True,True,True
US.DIMC,DIMC,DIMECO INC,51.5,48.588,43.953,41.998,130988808,47.988,-2.83,34.80011893,52.99989709,5.993249362,10.54535527,4.654983571,True,True,True,True,True,True
US.DINO,DINO,HF Sinclair,68.955,61.686,54.432,52.817,1.243089276e+10,107.825,-7.142,33.17935763,74.25854531,11.78387316,13.32671958,3.057727626,True,True,True,True,True,True
US.DIOD,DIOD,Diodes,99.81,85.379,65.309,62.224,4585743901,136.069,-15.271,42.28001135,117.7991007,16.90228276,30.73083342,4.95789406,True,True,True,True,True,True
US.DK,DK,Delek US,44.24,43.11,37.079,34.632,2711360858,159.816,-10.626,17.0274348,49.49985454,2.621201577,16.26527145,7.065719566,True,True,True,True,True,True
US.DKILY,DKILY,大金工业(ADR),16.06,13.28,12.699,12.634,4.703036289e+10,50.656,-2.251,10.66004673,16.4298356,20.93373494,4.575163399,0.5144847238,True,True,True,True,True,True
US.DKL,DKL,Delek Logistics Partners LP,51.84,50.583,47.207,45.724,2756239695,41.803,-5.262,36.55775971,54.71933121,2.485024613,7.151481772,3.243373283,True,True,True,True,True,True
US.DLICY,DLICY,DAIICHI LIFE GROUP INC UNSP ADR EACH REPR 2 ORD,20.55,18.359,17.226,16.993,3.705180429e+10,84.304,-11.077,11.15005643,23.10988158,11.93420121,6.577266922,1.371152828,True,True,True,True,True,True
US.DMLP,DMLP,多尔切斯特,27.41,27.13,24.224,24.046,1322681884,37.833,-3.683,19.88638425,28.45811228,1.032067822,11.99636724,0.7402478583,True,True,True,True,True,True
US.DNKEY,DNKEY,丹麦银行,25.19,24.307,22.809,21.879,4.079862631e+10,45.854,-4.769,17.27069535,26.45147063,3.6326984,6.567582972,4.250651309,True,True,True,True,True,True
US.DNLZY,DNLZY,DYNO NOBEL LTD,2.61,2.231,2.197,2.096,4582110493,91.916,0,1.359969987,2.61,16.9878978,1.547564861,4.81870229,True,True,True,True,True,True
US.DOCN,DOCN,DigitalOcean,152.691,97.225,65.95,57.912,1.593547116e+10,497.382,-7.33,25.56002692,164.7685335,57.04911288,47.42228961,13.87967951,True,True,True,True,True,True
US.DOW,DOW,陶氏化学,38.94,38.459,29.704,27.939,2.807287901e+10,98.877,-8.867,19.57994137,42.72875907,1.250682545,29.4741449,6.317334192,True,True,True,True,True,True
US.DPMAY,DPMAY,DIPLOMA PLC UNSPON ADR EACH REP 0.25 OR,22.29,21.248,19.156,18.878,1.195589585e+10,72.757,-14.17,12.90251625,25.96994058,4.903990964,10.9208603,1.472613624,True,True,True,True,True,True
US.DRH,DRH,DIAMONDROCK HOSPITALITY CO,10.285,9.919,9.221,8.876,2103185728,46.886,-5.642,7.002028784,10.89997668,3.689888094,7.569677909,3.886885985,True,True,True,True,True,True
US.DRTS,DRTS,Alpha Tau Medical,10.42,7.688,6.194,5.557,917061459.5,270.818,-3.606,2.810003829,10.80980144,35.5359001,24.12011624,11.46301961,True,True,True,True,True,True
US.DSFGY,DSFGY,大新金融(ADR),14.35,11.955,9.418,8.756,1528634224,71.245,-3.626,8.37980671,14.88990807,20.0334588,26.93777872,7.560529922,True,True,True,True,True,True
US.DSGN,DSGN,Design Therapeutics,13.98,12.261,9.991,8.91,873148496.5,322.995,-18.956,3.305003605,17.24988895,14.02006362,22.7204484,12.13243547,True,True,True,True,True,True
US.DSX,DSX,黛安娜船舶,2.645,2.515,2.138,2.022,326767722.4,95.9,-9.262,1.350178663,2.914986004,5.168986083,17.63330215,5.736894164,True,True,True,True,True,True
US.DTIL,DTIL,Precision BioSciences,7.61,6.771,5.577,5.422,196355099.7,115.58,-13.718,3.53001206,8.819916089,12.3910796,21.40935987,2.858723718,True,True,True,True,True,True
US.DTM,DTM,DT Midstream,147.56,137.801,125.53,120.34,1.505320325e+10,53.655,-1.92,96.0333214,150.4486134,7.08195151,9.775352505,4.312780455,True,True,True,True,True,True
US.DVA,DVA,德维特,194.25,158.514,135.566,135.072,1.247085e+10,92.326,-4.163,101.0003848,202.6878972,22.54438094,16.92754821,0.3657308695,True,True,True,True,True,True
US.DVN,DVN,戴文能源,48.605,47.864,40.703,39.007,5.604119094e+10,64.893,-7.787,29.47669095,52.70948782,1.548136386,17.59329779,4.34793755,True,True,True,True,True,True
US.DY,DY,戴康工业,438.72,387.235,360.766,337.854,1.321388709e+10,130.816,-5.299,190.0734784,463.2686033,13.29554405,7.336888731,6.781627567,True,True,True,True,True,True
US.E,E,埃尼石油,55.32,54.014,43.558,41.08,8.132809684e+10,101.143,-4.62,27.50282138,57.99958062,2.417891658,24.00477524,6.032132425,True,True,True,True,True,True
US.EACO,EACO,EACO CORP,109,89.567,77.404,68.177,529913310,210.364,0,35.12005258,109,21.69660701,15.71365821,13.53388973,True,True,True,True,True,True
US.EBCOY,EBCOY,荏原制作所(ADR),18.59,16.013,14.784,13.743,1.697832037e+10,148.77,-5.104,7.472766009,19.5898668,16.0931743,8.313041126,7.574765335,True,True,True,True,True,True
US.EBMT,EBMT,Eagle Bancorp Montana,21.75,21.438,19.78,18.988,173248124.2,48.488,-8.565,14.64764829,23.78738995,1.455359642,8.382204247,4.171055403,True,True,True,True,True,True
US.ECG,ECG,Everus Construction,158,131.923,106.456,99.338,8064573748,185.662,-7.913,55.31012175,171.5768784,19.76683368,23.92255956,7.165435181,True,True,True,True,True,True
US.ECO,ECO,Okeanis Eco Tankers,53.89,51.043,41.428,37.584,2104116458,173.146,-7.801,19.7293755,58.44965781,5.577650216,23.20894081,10.22775649,True,True,True,True,True,True
US.ECPG,ECPG,安可资本,80.315,76.067,60.718,56.015,1721986690,125.129,-13.304,35.67510183,92.63979884,5.584550462,25.27915939,8.395965366,True,True,True,True,True,True
US.ECVT,ECVT,Ecovyst,14.525,13.272,10.906,10.389,1589264588,106.69,-3.745,7.027432387,15.09012519,9.44092827,21.6944801,4.976417365,True,True,True,True,True,True
US.EDAP,EDAP,EDAP TMS,4.15,3.683,3.352,3.014,155550241.9,242.975,-17.821,1.210000729,5.049951934,12.67988053,9.874701671,11.21433311,True,True,True,True,True,True
US.EDRVY,EDRVY,EDP RENEWABLES SA UNSP ADR EA REPR 2 ORD SHS EUR5,33.21,29.818,27.344,26.361,1.745240489e+10,141.055,0,13.77693887,33.21,11.37567912,9.047688707,3.728993589,True,True,True,True,True,True
US.EE,EE,Excelerate Energy,35.7,34.29,32.145,30.215,4064774083,69.166,-17.128,21.10353144,43.07848248,4.111986002,6.672888474,6.38755585,True,True,True,True,True,True
US.EFGSY,EFGSY,EIFFAGE UNSP ADR EACH REPR 1/5 ORD,33.314,32.178,29.826,29.004,1.599072e+10,40.862,-6.368,23.65009726,35.57971634,3.530362359,7.885737276,2.834091849,True,True,True,True,True,True
US.EFXT,EFXT,Enerflex,27.72,23.405,18.13,16.111,3383695965,313.971,-4.905,6.696121226,29.14979757,18.43623157,29.09542195,12.53181056,True,True,True,True,True,True
US.EGHT,EGHT,8x8,2.305,2.034,2.021,2.017,321128796.8,47.756,-19.965,1.560004331,2.879990004,13.32350049,0.6432459179,0.1983143282,True,True,True,True,True,True
US.EHAB,EHAB,Enhabit,13.8,13.766,11.135,10.3,706913362.8,113.292,-2.953,6.470003563,14.21991406,0.2469853262,23.62819937,8.106796117,True,True,True,True,True,True
US.EKTAY,EKTAY,ELEKTA UNSP ADR EACH REPR 1 ORD SEK0.00,6.046,6.001,5.743,5.516,2309921710,42.029,-10.847,4.256877117,6.78160017,0.7498750208,4.492425562,4.115300943,True,True,True,True,True,True
US.ELA,ELA,Envela,24.07,17.418,13.747,12.104,624940867.3,351.594,-10.719,5.330008813,26.95982348,38.19037777,26.70400815,13.57402512,True,True,True,True,True,True
US.ELEZY,ELEZY,ENDESA SA UNSP ADR EA REPR 0.50 ORD SHS,21.34,21.339,19.168,18.184,4.38925627e+10,51.306,-7.177,14.10386898,22.9899917,0.004686255213,11.32616861,5.411350638,True,True,True,True,True,True
US.ELVA,ELVA,Electrovaya,10.07,8.866,7.818,7.296,498540323.6,237.919,-15.235,2.980004084,11.87990326,13.57996842,13.40496291,7.154605263,True,True,True,True,True,True
US.ELVN,ELVN,Enliven Therapeutics,41.54,38.837,27.972,25.894,2529991457,180.96,-14.403,14.78502278,48.52973819,6.959857867,38.84241384,8.025025102,True,True,True,True,True,True
US.EME,EME,EMCOR Group,914.2,809.35,722.885,699.701,4.062730215e+10,103.237,-3.966,449.8196687,951.9545161,12.9548403,11.96110031,3.313415302,True,True,True,True,True,True
US.EMYB,EMYB,EMBASSY BANCORP INC,20.292,19.742,18.141,17.38,150452099.4,41.718,-1.639,14.31857633,20.63012779,2.785938608,8.825312827,4.378596087,True,True,True,True,True,True
US.ENB,ENB,恩桥,54.755,53.222,48.654,47.646,1.195792157e+11,39.135,-1.758,39.35386495,55.7348181,2.88038781,9.388745016,2.115602569,True,True,True,True,True,True
US.ENBP,ENBP,ENB FINACIAL CORP,25.32,24.748,22.555,21.234,144399960,60.867,-1.544,15.73971044,25.71707159,2.311297883,9.722899579,6.221154752,True,True,True,True,True,True
US.ENGGY,ENGGY,ENAGAS SA UNSP ADR EACH REP 0.50 ORD,9.635,9.42,8.472,8.215,5010388384,38.507,-4.698,6.956327117,10.10996621,2.282377919,11.1898017,3.128423615,True,True,True,True,True,True
US.ENIC,ENIC,Enel Chile,4.209,4.119,3.948,3.82,5822302452,41.931,-8.015,2.965525502,4.575746046,2.184996358,4.331306991,3.35078534,True,True,True,True,True,True
US.ENLT,ENLT,Enlight Renewable Energy,86.285,79.405,58.27,50.684,1.202129678e+10,411.47,-10.119,16.87000215,95.99915444,8.664441786,36.27080831,14.96724805,True,True,True,True,True,True
US.ENPH,ENPH,Enphase Energy,51.18,37.637,36.512,36.428,6759917524,98.99,-3.098,25.71988542,52.81624734,35.98320801,3.081178791,0.2305918524,True,True,True,True,True,True
US.ENS,ENS,艾诺斯,232.55,191.979,164.321,149.149,8569787024,206.194,-2.978,75.94858162,239.6879058,21.13304059,16.83168919,10.17237796,True,True,True,True,True,True
US.ENTG,ENTG,英特格,133.5,131.293,110.537,104.165,2.035875e+10,102.056,-16.058,66.07079226,159.0383836,1.680973091,18.77742294,6.117217875,True,True,True,True,True,True
US.ENVA,ENVA,易诺华,164.14,151.741,145.201,137.49,4084606829,84.426,-7.097,89.00046631,176.6789017,8.171160069,4.504101211,5.608407884,True,True,True,True,True,True
US.EOG,EOG,EOG能源,138.985,136.294,117.781,116.944,7.402737624e+10,39.181,-7.773,99.85917618,150.6988192,1.974408264,15.71815488,0.7157271857,True,True,True,True,True,True
US.EPD,EPD,Enterprise Products,39.245,37.437,33.744,32.827,8.490727455e+10,37.461,-1.096,28.54991598,39.67989161,4.829446804,10.94416785,2.793432236,True,True,True,True,True,True
US.EQ,EQ,Equillium,2.34,2.07,1.565,1.524,147950141,766.666,-13.333,0.2700002077,2.699989615,13.04347826,32.26837061,2.690288714,True,True,True,True,True,True
US.EQIX,EQIX,易昆尼克斯,1062.125,1030.761,883.273,855.447,1.047512794e+11,52.132,-5.896,698.1601504,1128.67147,3.042800416,16.69789521,3.252802336,True,True,True,True,True,True
US.EQNR,EQNR,Equinor,38.845,38.109,28.913,27.593,9.677465782e+10,78.597,-9.723,21.75008539,43.0286784,1.931302317,31.80576211,4.783821984,True,True,True,True,True,True
US.EQUEY,EQUEY,EQUATORIAL SA SPON ADR EACH REP 1 ORD,8.13,7.986,6.96,6.571,1.023030079e+10,40.977,-15.224,5.766898147,9.589978296,1.803155522,14.74137931,5.919951301,True,True,True,True,True,True
US.ERIC,ERIC,爱立信,12.495,11.602,10.456,9.761,4.154072885e+10,80.469,-2.762,6.923626772,12.84991464,7.696948802,10.96021423,7.120172114,True,True,True,True,True,True
US.ESCA,ESCA,Escalade,18.44,17.936,14.678,14.041,254564900.7,64.782,-13.508,11.19054266,21.31989086,2.809991079,22.19648453,4.536713909,True,True,True,True,True,True
US.ESEA,ESEA,Euroseas,69.285,68.304,60.521,59.829,488866715.1,94.162,-7.323,35.68411945,74.7596491,1.436226283,12.85999901,1.156629728,True,True,True,True,True,True
US.ESI,ESI,Element Solutions,42.2,37.184,31.038,29.595,1.028022376e+10,104.614,-7.283,20.62419971,45.51484625,13.48967298,19.8015336,4.875823619,True,True,True,True,True,True
US.ESOA,ESOA,Energy Services of America,17.91,14.942,11.727,11.301,334194850.9,129.826,-10.18,7.792851984,19.93987976,19.86347209,27.41536625,3.769577913,True,True,True,True,True,True
US.ESP,ESP,Espey Manufacturing & Electronics,66.63,62.591,51.416,49.468,199617983.3,98.5,-10.886,33.56675063,74.7693965,6.453004426,21.73447954,3.937899248,True,True,True,True,True,True
US.ET,ET,Energy Transfer,20.19,18.956,17.407,17.153,6.94770058e+10,31.509,-1.367,15.35256142,20.46982247,6.509812197,8.898718906,1.480790532,True,True,True,True,True,True
US.ETON,ETON,Eton Pharmaceutical,29.92,24.513,19.36,18.996,819579351.4,128.658,-7.397,13.08504404,32.30996836,22.05768368,26.61673554,1.916192883,True,True,True,True,True,True
US.ETR,ETR,安特吉,110.54,110.414,100.336,97.406,5.061481207e+10,41.516,-6.673,78.11130897,118.4437515,0.1141159636,10.04425132,3.008028253,True,True,True,True,True,True
US.EVC,EVC,超视野传播,8.155,4.066,3.197,2.974,750579512.9,386.345,-13.244,1.676793223,9.39992623,100.5656665,27.18173287,7.498318763,True,True,True,True,True,True
US.EWBC,EWBC,华美银行,118.97,113.883,110.597,108.664,1.629844529e+10,38.263,-6.104,86.04615841,126.704013,4.466865116,2.971147499,1.778878009,True,True,True,True,True,True
US.EWCZ,EWCZ,European Wax Center,5.82,5.789,4.615,4.537,319137814.3,79.629,-10.667,3.240011357,6.514949683,0.535498359,25.43878657,1.719197708,True,True,True,True,True,True
US.EWTX,EWTX,Edgewise Therapeutics,33.5,32.074,26.65,23.631,3604365701,175.72,-16.166,12.15000725,39.9599208,4.445968697,20.35272045,12.77559138,True,True,True,True,True,True
US.EXEL,EXEL,伊克力西斯,50.17,44.357,43.052,41.937,1.261048451e+10,48.629,-2.827,33.75518909,51.62956788,13.10503415,3.031218062,2.65875003,True,True,True,True,True,True
US.EXPD,EXPD,康捷国际物流,156.34,146.66,145.739,139.33,2.044788573e+10,43.006,-6.489,109.3240843,167.1888869,6.600300014,0.6319516396,4.59987081,True,True,True,True,True,True
US.EXSR,EXSR,EXCHANGE BANK SANTA ROSA(CA),148,144.435,127.768,121.725,253722912,51.517,-1,97.67880832,149.4949495,2.468238308,13.04473734,4.96446909,True,True,True,True,True,True
US.EZPW,EZPW,艾茨克普,32.48,29.105,23.536,21.864,1998688565,152.762,-12.511,12.85003284,37.1246671,11.59594571,23.66162475,7.647274058,True,True,True,True,True,True
US.FACO,FACO,FIRST ACCEPTANCE CORPORATION,5.1,4.776,4.145,3.963,188191213.8,70,-5.204,3,5.379973839,6.783919598,15.22316043,4.592480444,True,True,True,True,True,True
US.FANG,FANG,Diamondback Energy,203.24,191.679,165.093,158.781,5.717411448e+10,57.704,-4.732,128.8743469,213.3350128,6.031437977,16.10365067,3.975286716,True,True,True,True,True,True
US.FANUY,FANUY,发那科(ADR),26.27,20.205,19.225,18.071,4.902816382e+10,114.099,-4.611,12.27002461,27.53986309,30.01732244,5.097529259,6.385922196,True,True,True,True,True,True
US.FBAK,FBAK,FIRST NATIONAL BANK ALASKA,338.055,316.093,297.126,287.247,1070581309,47.4,-0.863,229.3453189,340.9978111,6.94795519,6.38348714,3.439200409,True,True,True,True,True,True
US.FBLA,FBLA,FB Bancorp,14.08,13.761,13.089,12.782,227553765.1,31.465,-1.192,10.71007492,14.24985831,2.318145484,5.134082054,2.401815052,True,True,True,True,True,True
US.FBNC,FBNC,第一银行(北卡),57.15,56.81,54.557,53.944,2364604853,45.529,-8.369,39.2705234,62.36972204,0.598486182,4.129625896,1.136363636,True,True,True,True,True,True
US.FCAP,FCAP,First Capital,56.3,52.034,51.168,48.574,188353395.3,70.091,-20.178,33.09992886,70.53193355,8.198485606,1.69246404,5.340305513,True,True,True,True,True,True
US.FCEL,FCEL,燃料电池能源,20.49,9.598,8.544,7.929,1085516474,442.063,-8.157,3.780003431,22.30981131,113.4819754,12.33614232,7.756337495,True,True,True,True,True,True
US.FCFS,FCFS,第一富金融服务,228.02,204.671,178.31,169.813,9995641370,93.17,-3.19,118.0411037,235.5335193,11.40806465,14.78380349,5.003739407,True,True,True,True,True,True
US.FCX,FCX,麦克莫兰铜金,62.705,61.155,54.548,51.426,9.013500354e+10,79.859,-11.646,34.86342079,70.97018811,2.534543373,12.11226809,6.070859099,True,True,True,True,True,True
US.FDX,FDX,联邦快递,374.44,369.454,321.336,297.91,8.934391372e+10,78.568,-7.323,209.6904261,404.0268891,1.349559079,14.97435706,7.863448693,True,True,True,True,True,True
US.FEIM,FEIM,高频电子,57.355,52.029,46.508,42.648,564483723.1,227.555,-11.747,17.51003648,64.98929215,10.23659882,11.87107594,9.05083474,True,True,True,True,True,True
US.FELTY,FELTY,富士电机(ADR),24.09,19.117,18.593,18.001,1.420333468e+10,125.984,-5.12,10.66004673,25.38996627,26.01349584,2.818264938,3.288706183,True,True,True,True,True,True
US.FFBC,FFBC,第一金融银行,29.755,28.779,26.913,26.414,3122173523,33.52,-4.692,22.28505093,31.21983464,3.391361757,6.933452235,1.889149693,True,True,True,True,True,True
US.FFDF,FFDF,FFD FINANCIAL CORP,46.2,44.163,38.702,37.288,133916475,44.895,0,31.88515822,46.2,4.612458393,14.11038189,3.792104699,True,True,True,True,True,True
US.FFMH,FFMH,FIRST FMRS & MERCHANTS CORP,57,51.944,45.555,42.836,225710937,59.387,0,35.76201321,57,9.733559218,14.02480518,6.347464749,True,True,True,True,True,True
US.FGFH,FGFH,FORESIGHT FINANCIAL GROUP INC,46.5,46.251,40.558,38.093,167698902,56.359,-2.622,29.7392539,47.75205899,0.538366738,14.0366882,6.471005172,True,True,True,True,True,True
US.FIBK,FIBK,First Interstate BancSystem,33.985,33.743,33.696,32.824,3301400743,39.242,-11.356,24.40714727,38.33874825,0.7171857867,0.1394824311,2.656592737,True,True,True,True,True,True
US.FINN,FINN,FIRST NATIONAL OF NEBRASKA INC,18000,16641.624,14127.496,13501.901,4864140000,56.801,-6.735,11479.51863,19299.84453,8.162520677,17.79599159,4.633384588,True,True,True,True,True,True
US.FIRRY,FIRRY,第一拖拉机股份(ADR),9.5,5.185,4.143,4.004,1067463016,164.822,-22.472,3.587315253,12.2536374,83.22082932,25.15085687,3.471528472,True,True,True,True,True,True
US.FISI,FISI,金融机构,33.87,32.953,31.374,30.017,666777351.9,43.216,-5.126,23.64959222,35.69998103,2.782751191,5.032829732,4.520771563,True,True,True,True,True,True
US.FIX,FIX,美国舒适系统,1974.78,1618.038,1243.73,1118.582,6.951704287e+10,337.839,-4.746,451.0288028,2073.17278,22.04781346,30.09559953,11.1880935,True,True,True,True,True,True
US.FJTNY,FJTNY,富士传媒(ADR),12.55,11.465,11.116,10.377,3575390032,88.721,-4.417,6.650028349,13.12994989,9.463584823,3.139618568,7.121518743,True,True,True,True,True,True
US.FKKFY,FKKFY,FUKUOKA FINANCIAL GROUP INC. UNSPON ADS EACH REP 0.5 ORD SHS,20.76,19.936,17.717,16.928,7845729228,72.712,-13.283,12.02001019,23.93994257,4.133226324,12.5246938,4.660916824,True,True,True,True,True,True
US.FLEX,FLEX,伟创力,139.78,84.869,70.26,66.308,5.13934611e+10,248.133,-5.13,40.15132148,147.3384632,64.70089196,20.79276971,5.960065151,True,True,True,True,True,True
US.FLNG,FLNG,Flex LNG,31.91,30.768,27.006,26.221,1726087718,61.021,-4.461,19.81729091,33.39997279,3.711648466,13.93023772,2.993783609,True,True,True,True,True,True
US.FLOC,FLOC,Flowco Holdings,27.26,23.284,20.188,19.078,2462816040,96.637,-0.872,13.86310816,27.49979824,17.07610376,15.33584308,5.818219939,True,True,True,True,True,True
US.FLXS,FLXS,Flexsteel Industries,54.085,49.062,44.154,43.803,220432125.2,87.573,-9.387,28.83410725,59.6879035,10.23806612,11.11564071,0.8013149784,True,True,True,True,True,True
US.FLYW,FLYW,Flywire,16.09,13.363,13.309,13.17,1985793689,61.465,-10.858,9.965007896,18.04985304,20.40709422,0.4057404764,1.055429005,True,True,True,True,True,True
US.FMBL,FMBL,FARMERS & MERCHANTS BANK (CALIF),8494.99,8350.393,8138.775,7693.847,1027265161,56.443,-0.888,5430.086357,8571.10138,1.731619099,2.600121026,5.782906783,True,True,True,True,True,True
US.FMBM,FMBM,F&M BANK CORP,34.23,31.434,28.837,27.172,122672960.5,84.92,-0.748,18.51070733,34.48797002,8.894827257,9.005791171,6.127631385,True,True,True,True,True,True
US.FMCB,FMCB,FARMERS & MERCHANTS BANCORP CA,1310,1203.084,1123.699,1098.872,907886330,35.436,-1.529,967.2465223,1330.340913,8.88682752,7.064614278,2.259316827,True,True,True,True,True,True
US.FMX,FMX,FEMSA,121.8,112.579,103.422,98.908,4.156708075e+10,55.373,-3.11,78.39199861,125.7095676,8.190692758,8.854015587,4.563837101,True,True,True,True,True,True
US.FN,FN,Fabrinet,709.887,612.834,515.568,473.542,2.543507739e+10,218.814,-5.208,222.6649394,748.8891468,15.83675188,18.86579462,8.874819974,True,True,True,True,True,True
US.FNBKY,FNBKY,FINECOBANK SPA UNSP ADR EACH REP 2 ORD SHS,52,50.138,41.855,38.591,1.590729977e+10,41.865,-4.936,36.65456596,54.69999158,3.71375005,19.78975033,8.457930606,True,True,True,True,True,True
US.FNKO,FNKO,Funko,5.035,4.087,3.728,3.624,281611880.1,126.801,-17.323,2.220007848,6.089964561,23.19549792,9.629828326,2.869757174,True,True,True,True,True,True
US.FNRN,FNRN,FIRST NORTHERN COMMUNITY BANCORP,17.76,15.663,13.805,13.109,291388426.6,92.247,-1.278,9.238115549,17.98991106,13.3882398,13.45889171,5.309329468,True,True,True,True,True,True
US.FOLD,FOLD,爱美医疗 (已退市),14.49,14.403,12.139,10.88,4549870317,162.976,-0.068,5.510008518,14.4998599,0.6040408248,18.6506302,11.57169118,True,True,True,True,True,True
US.FONR,FONR,福纳,18.865,18.676,17.241,16.807,118861913.2,45.115,-0.448,13.00003446,18.94989553,1.011994003,8.32318311,2.582257393,True,True,True,True,True,True
US.FORM,FORM,FormFactor,126.41,118.788,82.913,70.168,9854262729,384.7,-20.541,26.08004952,159.0883349,6.416473044,43.26824503,18.16355034,True,True,True,True,True,True
US.FOTB,FOTB,FIRST OTTAWA BANCSHARES INC,219.99,196.199,168.884,157.802,207073507.1,63.677,-6.399,134.4049561,235.0295403,12.12595375,16.17382345,7.02272468,True,True,True,True,True,True
US.FR,FR,第一工业地产,60.695,60.518,58.166,56.021,8046361885,31.65,-6.132,46.10330422,64.65994801,0.2924749661,4.043599354,3.828921297,True,True,True,True,True,True
US.FRAF,FRAF,富兰克林金融服务,55.53,53.587,50.803,49.128,249498067,70.851,-6.888,32.50200467,59.63785549,3.625879411,5.479991339,3.409461,True,True,True,True,True,True
US.FRCOY,FRCOY,迅销(ADR),45.49,43.526,39.941,37.921,1.395813982e+11,55.521,-8.544,29.25006912,49.73976557,4.512245554,8.975739215,5.326863743,True,True,True,True,True,True
US.FRGAP,FRGAP,FRANCHISE GROUP INC 7.50% CUM PERPETUAL PFD STK SER A,25.15,24.623,22.853,22.341,114209293.8,33.57,0,18.82907839,25.15,2.140275352,7.745153809,2.291750593,True,True,True,True,True,True
US.FRO,FRO,Frontline,36.725,35.136,28.466,26.447,8175825599,138.923,-7.142,15.37106097,39.54963493,4.52242714,23.4314621,7.634136197,True,True,True,True,True,True
US.FRST,FRST,Primis Financial,13.87,13.622,12.664,12.168,343588638.6,55.908,-6.708,8.896272161,14.86729837,1.820584349,7.564750474,4.076265615,True,True,True,True,True,True
US.FRT,FRT,FRT信托,113.19,108.842,102.451,100.522,9778393208,30.024,-3.437,87.05315942,117.2188105,3.994781426,6.238104069,1.918982909,True,True,True,True,True,True
US.FSBC,FSBC,Five Star Bancorp,40.3,39.036,37.224,35.753,861458965.9,57.694,-4.343,25.5558233,42.12969255,3.238036684,4.867827208,4.114340055,True,True,True,True,True,True
US.FSRL,FSRL,FIRST RELIANCE BANCSHARES INC,14.99,14.53,13.161,12.279,117401680,66.555,-11.823,9.00003002,16.99989793,3.16586373,10.40194514,7.182995358,True,True,True,True,True,True
US.FSTR,FSTR,LB福斯特,39.1,31.407,29.382,28.394,408934388,115.071,-8.064,18.18004287,42.5295858,24.49453943,6.891974678,3.479608368,True,True,True,True,True,True
US.FSUGY,FSUGY,福蒂斯丘金属,32.095,28.952,28.129,27.067,4.940968952e+10,84.112,-4.013,17.4323238,33.43681957,10.85589942,2.925806108,3.923597,True,True,True,True,True,True
US.FTI,FTI,德希尼布FMC,71.92,70.569,56.211,51.529,2.867464043e+10,149.961,-7.534,28.77248851,77.77994073,1.914438351,25.54304318,9.086145666,True,True,True,True,True,True
US.FTK,FTK,Flotek工业,20.21,16.796,16.549,15.63,731146931.4,84.566,-2.035,10.95001246,20.62981677,20.32626816,1.492537313,5.87971849,True,True,True,True,True,True
US.FTNT,FTNT,飞塔信息,122.245,87.677,83.585,83.296,8.949581474e+10,74.336,-0.257,70.12034233,122.5599791,39.42653147,4.895615242,0.346955436,True,True,True,True,True,True
US.FUNC,FUNC,马里兰第一联合,37.04,37.007,36.966,36.498,238786397.7,35.993,-10.488,27.23669601,41.37992671,0.08917231875,0.1109127306,1.282262042,True,True,True,True,True,True
US.FUWAY,FUWAY,古河电气工业(ADR),178.745,122.703,68.592,57.544,2.514935179e+10,927.27,-5.355,17.40000195,188.8583655,45.67288493,78.88820854,19.19922147,True,True,True,True,True,True
US.FVCB,FVCB,FVCBankcorp,15.39,15.262,14.21,13.884,276970628.9,40.746,-16.029,10.93459139,18.32775601,0.838684314,7.403237157,2.348026505,True,True,True,True,True,True
US.FVR,FVR,FrontView REIT,17.87,16.669,15.475,14.757,404791740.4,75.868,-3.353,10.16102986,18.48996865,7.204991301,7.715670436,4.865487565,True,True,True,True,True,True
US.FXCNY,FXCNY,富智康集团(ADR),35,16.173,12.28,11.779,2730938665,365.301,0,7.522012633,35,116.4100662,31.7019544,4.253332201,True,True,True,True,True,True
US.FXLG,FXLG,F S BANCORP(LAGRANGE),46.15,43.583,40.035,37.924,190676062.8,38.45,0,33.33333333,46.15,5.889911204,8.862245535,5.56639595,True,True,True,True,True,True
US.GALDY,GALDY,GALDERMA GROUP AG UNSP ADS EACH REPR 0.2 ORD SHS,39.67,39.526,38.897,37.791,4.65267066e+10,66.683,-9.963,23.79966763,44.05966436,0.3643171583,1.617091292,2.926622741,True,True,True,True,True,True
US.GARPY,GARPY,GOLDEN AGRI RESOURCES UNSP ADR EACH REP 100 ORD,23.261,21.879,20.01,19.841,3044869711,43.946,-1.025,16.15953205,23.50189442,6.316559258,9.340329835,0.8517715841,True,True,True,True,True,True
US.GASS,GASS,斯蒂加斯海运,10.085,9.524,8.057,7.79,375017643.3,93.199,-4.134,5.220006315,10.51989235,5.890382192,18.20776964,3.427471117,True,True,True,True,True,True
US.GCO,GCO,格涅斯科,32.865,30.914,29.695,29.642,356855531.8,67.507,-15.622,19.62007558,38.94972623,6.311056479,4.105068193,0.1788003509,True,True,True,True,True,True
US.GDEN,GDEN,黄金娱乐(已退市),28.55,27.82,26.577,26.236,753686054,48.56,-10.246,19.21782445,31.80916728,2.624011503,4.676976333,1.299740814,True,True,True,True,True,True
US.GDNGY,GDNGY,GUDANG GARAM TBK UNSPN ADR EACH REPR 4 ORD S,3.92,3.52,2.944,2.756,1885606240,101.025,-7.981,1.950006218,4.259989785,11.36363636,19.56521739,6.821480406,True,True,True,True,True,True
US.GEV,GEV,GE Vernova,1052.93,966.487,768.13,731.215,2.829433443e+11,150.271,-10.915,420.7159439,1181.938598,8.944041668,25.82336323,5.048446763,True,True,True,True,True,True
US.GFS,GFS,GlobalFoundries,71.23,54.13,44.201,41.583,3.906370302e+10,126.055,-7.469,31.51003074,76.97960683,31.59061519,22.46329269,6.295842051,True,True,True,True,True,True
US.GGB,GGB,盖尔道钢铁,4.555,4.008,3.823,3.612,8961200530,80.651,-7.826,2.521436361,4.941740621,13.64770459,4.839131572,5.841638981,True,True,True,True,True,True
US.GGDVY,GGDVY,粤海投资(ADR),51.59,49.106,45.869,43.94,6745724172,40.429,-1.3,36.73742603,52.26950355,5.058444997,7.057053784,4.390077378,True,True,True,True,True,True
US.GHIFF,GHIFF,GAMEHOST INC,9.8,8.643,7.76,7.508,202662461.4,53.834,0,6.37050327,9.8,13.38655559,11.37886598,3.356419819,True,True,True,True,True,True
US.GHM,GHM,Graham,97.75,89.19,74.896,69.014,1082364245,172.663,-5.578,35.85011534,103.5246023,9.597488508,19.08513138,8.522908395,True,True,True,True,True,True
US.GHRS,GHRS,GH Research,21.03,17.383,15.484,14.915,1441757369,97.279,-14.719,10.6600297,24.65965455,20.98026808,12.2642728,3.814951391,True,True,True,True,True,True
US.GKOS,GKOS,Glaukos,142.19,118.112,109.445,104.036,8351374805,94.354,-3.107,73.16031571,146.7495072,20.38573557,7.919046096,5.199161829,True,True,True,True,True,True
US.GL,GL,Globe Life,155.42,146.236,140.57,140.287,1.206754875e+10,33.978,-0.81,116.0041201,156.6891824,6.280259307,4.03073202,0.2017293121,True,True,True,True,True,True
US.GLNCY,GLNCY,嘉能可(ADR),15.24,14.615,12.28,11.242,8.927135867e+10,124.381,-4.987,6.792018932,16.03991033,4.276428327,19.01465798,9.233232521,True,True,True,True,True,True
US.GLNG,GLNG,Golar LNG,57.005,52.699,43.866,43.066,5791096222,63.647,-1.358,34.83412467,57.78978528,8.170933035,20.13632426,1.857613895,True,True,True,True,True,True
US.GLSI,GLSI,Greenwich LifeSciences,26.48,24.747,19.764,17.673,366868192.7,240.359,-22.346,7.780020508,34.09998197,7.002869035,25.21250759,11.83160754,True,True,True,True,True,True
US.GLW,GLW,康宁,196.77,157.069,118.128,106.647,1.693477048e+11,321.383,-7.091,46.69623597,211.7878785,25.27615252,32.96508872,10.76542237,True,True,True,True,True,True
US.GLYYY,GLYYY,GLORY LTD UNSP ADR REP 1 ORD,25.346,22.848,20.041,20.019,1320363368,56.357,-8.959,16.21033916,27.84020386,10.93312325,14.00628711,0.1098955992,True,True,True,True,True,True
US.GNENY,GNENY,GANFENG LITHIUM GROUP CO LTD UNSPON EACH ADS REP 1 ORD SHS,9.85,9.499,7.865,6.929,2.065243988e+10,359.138,-17.087,2.145324499,11.87992233,3.695125803,20.77558805,13.50844278,True,True,True,True,True,True
US.GNK,GNK,根科船务贸易,24.54,23.431,20.271,19.378,1069380832,101.875,-9.944,12.15603715,27.24971129,4.733045965,15.58877214,4.608318712,True,True,True,True,True,True
US.GNRC,GNRC,Generac,265.03,220.835,188.451,187.304,1.560196653e+10,124.43,-4.252,118.0902731,276.7995154,20.01267915,17.18430786,0.6123734677,True,True,True,True,True,True
US.GOOG,GOOG,谷歌-C,393.59,330.785,312.947,291.01,4.76903934e+12,141.536,-1.579,162.9529346,399.9044919,18.98665296,5.70000671,7.538228927,True,True,True,True,True,True
US.GOOGL,GOOGL,谷歌-A,397.46,332.75,313.237,291.064,4.814909304e+12,145.862,-1.56,161.6597929,403.7586347,19.44703231,6.229468422,7.617912212,True,True,True,True,True,True
US.GPRE,GPRE,绿色平原能源,16.6,16.287,12.875,11.983,1162500888,318.136,-12.354,3.970000191,18.93982612,1.921778105,26.50097087,7.443878828,True,True,True,True,True,True
US.GPRK,GPRK,GeoPark,9.62,9.289,8.202,7.742,622251191.1,68.556,-6.918,5.707302024,10.33497346,3.563354505,13.25286515,5.941617153,True,True,True,True,True,True
US.GRC,GRC,Gorman-Rupp,73.96,67.729,56.796,53.356,1953301572,114.519,-6.782,34.47713256,79.34089983,9.1998996,19.24959504,6.447259915,True,True,True,True,True,True
US.GS,GS,高盛,955.48,881.337,866.246,837.155,2.818722156e+11,67.428,-2.457,570.6811286,979.5474816,8.412559554,1.742114827,3.474983725,True,True,True,True,True,True
US.GSAT,GSAT,全球星,81.69,72.537,63.293,55.426,1.052076777e+10,359.966,-1.578,17.76000835,82.99973583,12.61838786,14.60509061,14.19369971,True,True,True,True,True,True
US.GSBX,GSBX,GOLDEN STATE BANCORP,37.2,32.939,27.79,26.147,103974781.2,55,-1.898,24,37.91971621,12.93603327,18.52824757,6.283703675,True,True,True,True,True,True
US.GSL,GSL,环球租船,41.21,39.052,35.788,34.191,1485020235,83.203,-3.489,22.49417313,42.69979588,5.525965379,9.120375545,4.670819806,True,True,True,True,True,True
US.GTE,GTE,Gran Tierra Energy,9.08,8.532,5.999,5.524,321067801.2,193.851,-6.777,3.090001395,9.740085601,6.422878575,42.22370395,8.598841419,True,True,True,True,True,True
US.GTX,GTX,Garrett Motion,31.41,21.038,18.565,17.179,5879590879,232.646,-3.175,9.442470374,32.43996902,49.30126438,13.32076488,8.067989988,True,True,True,True,True,True
US.GVA,GVA,花岗岩建筑,138.88,126.951,119.226,116.102,6075541557,65.247,-4.22,84.04388582,144.9989559,9.396538822,6.47929143,2.690737455,True,True,True,True,True,True
US.GWW,GWW,美国固安捷,1263.7,1133.49,1059.66,1038.495,5.966321848e+10,39.947,-1.685,902.9847014,1285.358287,11.48752967,6.967329143,2.038045441,True,True,True,True,True,True
US.GZPZY,GZPZY,GTT (GAZTRANSPORT ET TECHNIGAZ) SPON ADR EA REP 0.20 ORD SHS,48.955,43.033,35.671,33.643,9072466659,93.479,0,25.30248761,48.955,13.76153185,20.638614,6.027999881,True,True,True,True,True,True
US.HACBY,HACBY,八十二银行(ADR),27.393,23.782,19.739,18.092,6250910298,169.616,0,10.16000534,27.393,15.18375242,20.48229394,9.103471147,True,True,True,True,True,True
US.HAFC,HAFC,韩美金融,29.085,27.535,26.959,26.14,865756762,38.824,-6.296,20.9509883,31.03922992,5.629199201,2.136577766,3.133129304,True,True,True,True,True,True
US.HAFN,HAFN,Hafnia,8.615,8.037,6.633,6.377,4305615943,88.256,-9.648,4.576215366,9.534930051,7.191738211,21.16689281,4.014426846,True,True,True,True,True,True
US.HAL,HAL,哈里伯顿,41.335,38.475,32.5,29.922,3.453116538e+10,119.134,-2.649,18.86288755,42.45975902,7.433398311,18.38461538,8.615734242,True,True,True,True,True,True
US.HALMY,HALMY,HALMA UNSPON ADS EACH REP 2 ORD SHS,120.34,112.994,102.681,99.622,2.272632861e+10,55.614,-5.713,77.33237369,127.6315929,6.501230154,10.04372766,3.070606894,True,True,True,True,True,True
US.HAS,HAS,孩之宝,95.2,93.531,87.511,84.692,1.346991388e+10,50.757,-10.397,63.14797986,106.2464426,1.784435107,6.879135194,3.32853162,True,True,True,True,True,True
US.HASI,HASI,HA Sustainable Infrastructure,40.94,38.79,34.668,32.798,5258037317,77.8,-7.228,23.02587177,44.1296943,5.542665635,11.88992731,5.701567169,True,True,True,True,True,True
US.HBCP,HBCP,Home Bancorp,62.48,61.744,58.75,57.447,490007584.9,33.093,-5.096,46.94461767,65.834949,1.192018658,5.096170213,2.268177625,True,True,True,True,True,True
US.HBM,HBM,Hudbay Minerals,25.16,22.804,21.117,18.984,9989482393,213.102,-12.462,8.035719989,28.74180356,10.33152079,7.98882417,11.2357775,True,True,True,True,True,True
US.HCSG,HCSG,Healthcare Services Group,21.54,20.219,19.346,18.388,1478617866,70.142,-11.685,12.6600134,24.38996773,6.533458628,4.512560736,5.209919513,True,True,True,True,True,True
US.HCXLY,HCXLY,HISCOX UNSP ADR EACH REP 2 ORD,45.03,42.864,39.154,38.176,7228765101,53.311,-5.583,29.37166935,47.69268246,5.053191489,9.475404812,2.561818944,True,True,True,True,True,True
US.HG,HG,Hamilton Insurance,31.41,30.443,27.128,25.893,3117630929,64.841,-6.836,19.05472546,33.7147396,3.176428079,12.21984665,4.769628857,True,True,True,True,True,True
US.HGKGY,HGKGY,电能实业(ADR),8.56,8.106,7.415,7.162,1.824226012e+10,49.629,-0.395,5.720816152,8.593946087,5.600789539,9.318948078,3.532532812,True,True,True,True,True,True
US.HHULY,HHULY,HAMBURGER HAFEN UND LOGISTIK AG UNSPON ADR EA REPR 0.5 ORD SHS,12.21,11.57,9.795,9.552,1836858676,60.622,-3.82,7.601698397,12.69494697,5.531547105,18.12149056,2.543969849,True,True,True,True,True,True
US.HIMX,HIMX,奇景光电,19.32,11.087,9.186,8.961,3369408000,182.043,-11.376,6.850019323,21.79996389,74.25814016,20.69453516,2.510880482,True,True,True,True,True,True
US.HLDCY,HLDCY,恒基地产(ADR),4.251,3.952,3.862,3.755,2.057928373e+10,53.409,-5.329,2.771023864,4.490287416,7.565789474,2.330398757,2.849533955,True,True,True,True,True,True
US.HLIO,HLIO,Helios Technologies,76.685,67.841,62.546,59.777,2534159963,168.346,-4.143,28.5769119,79.99937407,13.03636444,8.465769194,4.632216404,True,True,True,True,True,True
US.HLIT,HLIT,谐波,12.98,10.359,10.181,10.045,1408283739,66.41,-15.659,7.800012019,15.38990527,25.30167005,1.748354779,1.353907417,True,True,True,True,True,True
US.HLT,HLT,希尔顿酒店,317.225,313.317,295.933,288.814,7.220778711e+10,31.576,-7.994,241.0964006,344.7872965,1.247299061,5.874302629,2.464908211,True,True,True,True,True,True
US.HLX,HLX,螺旋能源,10.05,9.67,8.075,7.626,1480325725,82.065,-6.511,5.520006591,10.7499278,3.929679421,19.75232198,5.887752426,True,True,True,True,True,True
US.HNGKY,HNGKY,HONGKONG LAND HOLDINGS LTD UNSPON ADR EA REP 5 USD0.10,41.2,40.523,37.147,35.628,1.769875306e+10,70.285,-10.043,24.19473236,45.79965984,1.670656171,9.088217083,4.263500617,True,True,True,True,True,True
US.HNLGY,HNLGY,恒隆集团(ADR),10.42,9.994,8.651,8.018,2837612412,66.734,-7.316,6.249475212,11.2425014,4.262557535,15.52421685,7.894736842,True,True,True,True,True,True
US.HNTIY,HNTIY,HUNTING UNSP ADR EACH REP 1 ORD SHS,6.747,5.444,4.281,4.021,986915079.5,127.183,-8.334,2.969852498,7.360417167,23.93460691,27.16654987,6.466053221,True,True,True,True,True,True
US.HOFT,HOFT,胡克家具,12.91,12.799,11.869,11.346,139137099,53.867,-18.545,8.390363106,15.84924191,0.8672552543,7.835537956,4.609554028,True,True,True,True,True,True
US.HOKCY,HOKCY,香港中华煤气(ADR),0.915,0.893,0.891,0.877,1.707564713e+10,30.711,-9.396,0.7000175961,1.009889188,2.463605823,0.2244668911,1.596351197,True,True,True,True,True,True
US.HOPE,HOPE,Hope Bancorp,11.86,11.683,11.201,10.985,1516169152,30.292,-7.879,9.102631013,12.87437175,1.515021827,4.303187215,1.966317706,True,True,True,True,True,True
US.HOVNP,HOVNP,HOVNANIAN ENTERPRISES INC PRF STK SERIES 'A' USD25.00,20.82,20.631,20.046,19.746,116592000,42.886,-4.931,14.57105665,21.89988324,0.9160971354,2.918287938,1.519295047,True,True,True,True,True,True
US.HP,HP,赫尔默里奇和佩恩材料,38.97,36.663,31.885,28.806,3894309199,174.23,-6.501,14.21069905,41.67959016,6.292447427,14.98510271,10.6887454,True,True,True,True,True,True
US.HPE,HPE,慧与科技,33.03,25.917,23.688,23.448,4.382599056e+10,98.908,-4.798,16.60566694,34.69464927,27.44530617,9.409827761,1.023541453,True,True,True,True,True,True
US.HQI,HQI,HireQuest,12.965,10.845,10.091,9.949,180213500,76.586,-1.705,7.342031645,13.18988758,19.54817888,7.472004757,1.427279124,True,True,True,True,True,True
US.HR,HR,医疗保健房地产信托,20.305,18.172,17.506,17.308,7036120641,51.935,-1.071,13.36426761,20.52482083,11.73783843,3.804409917,1.143979663,True,True,True,True,True,True
US.HSBC,HSBC,汇丰控股,88.255,85.9,78.787,75.104,3.02961764e+11,59.244,-4.555,55.42124036,92.46686573,2.741559953,9.02813916,4.903866638,True,True,True,True,True,True
US.HSHP,HSHP,喜玛拉雅航运,15.575,13.817,10.856,9.986,731557750,211.851,-6.68,4.994372312,16.68988427,12.72345661,27.2752395,8.712197076,True,True,True,True,True,True
US.HST,HST,美国豪斯特酒店,21.17,20.095,18.513,17.906,1.450231878e+10,54.6,-5.426,13.69340233,22.38458773,5.34958945,8.545346513,3.389925165,True,True,True,True,True,True
US.HTB,HTB,HomeTrust Bancshares,45.44,43.989,42.671,42.007,763635104,32.749,-4.029,34.23001303,47.34763627,3.298551911,3.088748799,1.580688933,True,True,True,True,True,True
US.HTCMY,HTCMY,日立建机(ADR),73.48,72.283,66.284,64.949,7815923506,31.396,-15.579,55.92255472,87.03995451,1.655991035,9.050449581,2.055458899,True,True,True,True,True,True
US.HTLD,HTLD,哈特兰快递,13.48,11.309,10.007,9.582,1044561102,93.516,-3.16,6.965832283,13.91986782,19.19709966,13.01089238,4.435399708,True,True,True,True,True,True
US.HUHU,HUHU,虎虎科技,9.62,8.847,8.424,7.893,245249865.4,113.777,-21.147,4.500016372,12.1999163,8.737425116,5.021367521,6.727480046,True,True,True,True,True,True
US.HUN,HUN,亨斯迈,13.88,13.2,11.301,10.905,2433845675,93.169,-12.676,7.18541795,15.89482845,5.151515152,16.80382267,3.631361761,True,True,True,True,True,True
US.HUT,HUT,Hut 8,102.12,67.988,55.584,49.048,1.149811072e+10,592.634,-9.032,14.74371746,112.259256,50.202977,22.31577432,13.32572174,True,True,True,True,True,True
US.HWBK,HWBK,Hawthorn Bancshares,36.5,34.097,33.091,32.413,251725352.5,37.366,-2.144,26.57134953,37.29970569,7.047540839,3.040101538,2.091753309,True,True,True,True,True,True
US.HWM,HWM,Howmet Aerospace,265.21,246.885,224.232,213.77,1.061125056e+11,66.119,-5.49,159.6506119,280.6158079,7.422484153,10.10248314,4.894045002,True,True,True,True,True,True
US.HXL,HXL,赫氏,90.255,86.001,80.06,75.589,6807680492,80.235,-7.967,50.07628929,98.06808427,4.946454111,7.420684487,5.914881795,True,True,True,True,True,True
US.HYLN,HYLN,Hyliion,4.23,2.076,2.038,1.977,754324225.2,281.081,-3.203,1.110000236,4.369970144,103.7572254,1.864573111,3.085483055,True,True,True,True,True,True
US.HZO,HZO,海上麦斯服务,33.33,28.511,26.961,26.615,734198372.8,62.426,-3.698,20.52011377,34.60987311,16.90224826,5.749044917,1.300018786,True,True,True,True,True,True
US.IBIDY,IBIDY,IBIDEN CO LTD UNSP ADR 4 REP 1 ORD SHS,25.913,17.231,10.994,9.506,2.894379981e+10,791.229,-13.625,2.90755799,30.00057887,50.38593233,56.73094415,15.65327162,True,True,True,True,True,True
US.IBKR,IBKR,盈透证券,87.3,74.427,70.997,69.409,1.480801963e+11,78.256,-1.289,48.97450857,88.43999149,17.29614253,4.83119005,2.287887738,True,True,True,True,True,True
US.ICHR,ICHR,Ichor Holdings,72.82,57.749,36.586,31.882,2530517574,455.03,-6.641,13.12001153,77.99997858,26.0974216,57.84453069,14.75440688,True,True,True,True,True,True
US.IDCBY,IDCBY,工商银行(ADR),17.495,17.033,15.985,15.551,3.117663734e+11,37.682,-4.053,12.70681716,18.23402503,2.712381847,6.556146387,2.790817311,True,True,True,True,True,True
US.IESC,IESC,IES Holdings,684.66,541.349,465.31,439.537,1.364108847e+10,190.122,-2.219,235.9903765,700.1973799,26.47294075,16.34157873,5.86367018,True,True,True,True,True,True
US.IESFY,IESFY,INTERCONEXION ELECTRICA SA I.S.A SPON ADR EA REP 25 COM COP32.8,193.932,189.108,168.364,154.566,8592545467,111.114,-22.14,91.86126927,249.077832,2.550923282,12.32092371,8.92693089,True,True,True,True,True,True
US.IEX,IEX,IDEX Corp,209.45,200.72,189.221,182.363,1.550245264e+10,34.256,-6.43,156.0079252,223.8431121,4.349342367,6.077021049,3.760631268,True,True,True,True,True,True
US.IFNNY,IFNNY,英飞凌科技(ADR),75.67,55.156,48.032,45.921,9.83331392e+10,112.448,-5.4,35.61812773,79.98942918,37.19268983,14.83177881,4.597025326,True,True,True,True,True,True
US.IFRX,IFRX,InflaRx,2.279,1.422,1.209,1.207,335739342.8,220.455,-22.703,0.7111762962,2.948367983,60.26722925,17.617866,0.1657000829,True,True,True,True,True,True
US.IGGHY,IGGHY,IG GROUP HLDGS SPON ADR EA REPR 1 ORD,21,19.485,16.139,15.102,6946895886,60.789,0,13.06059494,21,7.775211701,20.73238738,6.86664018,True,True,True,True,True,True
US.IHG,IHG,洲际酒店,148.68,138.602,135.267,131.34,2.214139839e+10,37.294,-1.951,108.2931519,151.6384665,7.271179348,2.465494171,2.989949749,True,True,True,True,True,True
US.IHS,IHS,IHS Holding,8.23,8.223,7.637,7.463,2770802330,61.372,-8.044,5.100017351,8.949932576,0.08512708257,7.673170093,2.331502077,True,True,True,True,True,True
US.IIPR,IIPR,"Innovative Industrial Properties, Inc.",54.13,52.541,49.268,49.177,1557562061,33.092,-11.833,40.67111472,61.39485295,3.024304829,6.643257287,0.1850458548,True,True,True,True,True,True
US.ILKAY,ILKAY,ILUKA RESOURCES UNSP ADR EACH REPR 5  SHS,30.57,25.513,22.69,22.189,2636326199,169.071,-14.14,11.36131356,35.6044724,19.82126759,12.44160423,2.257875524,True,True,True,True,True,True
US.ILMN,ILMN,Illumina,140.725,128.934,127.136,119.952,2.12916925e+10,79.153,-9.518,78.55017778,155.5281713,9.144988909,1.414233577,5.989062292,True,True,True,True,True,True
US.ILPT,ILPT,Industrial Logistics Properties Trust,7.78,6.513,5.861,5.841,518657364.4,167.634,-6.265,2.906955021,8.299994666,19.45340089,11.1243815,0.3424071221,True,True,True,True,True,True
US.IMMX,IMMX,Immix Biopharma,9.78,9.577,6.685,5.575,532143756.1,422.994,-15.761,1.870002333,11.60982443,2.119661689,43.26103216,19.9103139,True,True,True,True,True,True
US.IMO,IMO,帝国石油,133.715,127.265,107.154,102.15,6.466359989e+10,96.377,-0.531,68.09096788,134.428817,5.068164853,18.76831476,4.898678414,True,True,True,True,True,True
US.IMOS,IMOS,南茂科技,51.23,43.45,34.937,30.649,1793006762,240.172,-16.386,15.06002846,61.26964384,17.90563867,24.36671723,13.99066854,True,True,True,True,True,True
US.IMTX,IMTX,Immatics,10.82,10.511,10.185,9.308,1478803602,133.945,-12.812,4.625018701,12.40996467,2.939777376,3.200785469,9.422002578,True,True,True,True,True,True
US.IMVT,IMVT,Immunovant,27.72,26.386,25.098,22.757,5641912030,101.015,-8.09,13.79001567,30.15993907,5.055711362,5.131883019,10.28694468,True,True,True,True,True,True
US.INDV,INDV,Indivior,37.33,33.221,32.753,30.407,4412577158,237.37,-8.951,11.06500282,40.99990115,12.36868246,1.428876744,7.715328707,True,True,True,True,True,True
US.ING,ING,荷兰国际集团,29.48,27.177,26.617,25.906,8.4802168e+10,52.599,-3.344,19.31860628,30.49991723,8.474077345,2.103918548,2.744537945,True,True,True,True,True,True
US.INPOY,INPOY,INPOST S.A. UNSPON ADR EACH REP 0.5 ORD SHS,8.815,8.731,7.528,7.355,8813988197,66.95,-3.871,5.280023959,9.16996952,0.9620891078,15.98034006,2.3521414,True,True,True,True,True,True
US.INSW,INSW,International Seaways,84.35,76.302,60.656,56.15,4175731009,156.59,-8.968,32.87345571,92.65972405,10.54756101,25.79464521,8.024933215,True,True,True,True,True,True
US.INTC,INTC,英特尔,108.885,69.502,50.808,44.789,5.472575178e+11,474.138,-17.977,18.96495268,132.7493508,56.66455642,36.79341836,13.43856751,True,True,True,True,True,True
US.INTT,INTT,inTEST,18.96,15.756,11.021,10.113,238224640.3,236.341,-5.2,5.637136121,20,20.33511043,42.96343345,8.97854247,True,True,True,True,True,True
US.INVX,INVX,Innovex International,27.55,26.075,23.929,22.226,1894329074,104.985,-6.546,13.44000781,29.47974405,5.656759348,8.968197585,7.662197426,True,True,True,True,True,True
US.IPI,IPI,Intrepid Potash,42.35,40.62,33.146,32.258,568888820.5,87.804,-15.872,22.55010543,50.33995816,4.258985721,22.54872383,2.752805506,True,True,True,True,True,True
US.IPSEY,IPSEY,IPSEN SA SPONS ADR EA REPR 0.25 ORD,48.76,47.299,41.084,39.119,1.607250915e+10,72.823,-4.579,28.21383728,51.09986271,3.08886023,15.12754357,5.023134538,True,True,True,True,True,True
US.IRDM,IRDM,铱星通讯,41.9,34.072,23.91,23.235,4429992474,171.618,-6.074,15.42607633,44.60958627,22.97487673,42.50104559,2.905100065,True,True,True,True,True,True
US.IRM,IRM,铁山,125.265,112.826,99.846,98.425,3.726942917e+10,62.384,-6.581,77.14122081,134.0894251,11.02494106,13.00002003,1.443738887,True,True,True,True,True,True
US.ISDAY,ISDAY,ISRAEL DISCOUNT BANK UNSP ADR EACH REPR 10 ORD,125.75,124.919,110.078,104.991,1.538544761e+10,72.372,-6.169,72.95268373,134.0175422,0.6652310697,13.48225804,4.845177206,True,True,True,True,True,True
US.ISOU,ISOU,IsoEnergy,11.5,11.234,10.301,9.848,697232718,93.602,-15.316,5.940021281,13.57989703,2.367811999,9.057373071,4.599918765,True,True,True,True,True,True
US.ISTR,ISTR,Investar Holding,27.72,27.68,26.67,25.609,382358176.2,57.846,-12.389,17.56142063,31.63986257,0.1445086705,3.787026622,4.1430747,True,True,True,True,True,True
US.ITAYY,ITAYY,INDO TAMBANGRAYA MEGAH TBK UNSP ADR EA REPR 2 ORD SHS,2.9,2.881,2.7,2.692,1616603695,32.283,-19.181,2.192269604,3.588265136,0.6594932315,6.703703704,0.2971768202,True,True,True,True,True,True
US.ITCFY,ITCFY,INVESTEC LIMITED UNSP ADR EACH REP 2 SHS,18.15,15.386,15.235,14.96,8001633502,34.451,0,13.49934177,18.15,17.96438321,0.9911388251,1.838235294,True,True,True,True,True,True
US.ITOCY,ITOCY,伊藤忠商事(ADR),13.03,12.7,12.594,12.27,9.10785623e+10,30.587,-13.708,9.978022315,15.09989339,2.598425197,0.8416706368,2.640586797,True,True,True,True,True,True
US.ITRN,ITRN,Ituran定位和控制,57.94,53.485,45.027,42.494,1147712717,87.351,-7.013,30.92590912,62.30978524,8.32943816,18.78428498,5.960841531,True,True,True,True,True,True
US.IVR,IVR,景顺抵押资本,8.04,8.034,7.78,7.491,746299082.8,36.186,-10.357,5.903690541,8.96891001,0.07468259895,3.264781491,3.857962889,True,True,True,True,True,True
US.IX,IX,欧力士,36.59,31.757,29.957,28.799,4.06227801e+10,83.953,-5.108,19.89095041,38.55962568,15.21869194,6.008612344,4.02097295,True,True,True,True,True,True
US.JAPAY,JAPAY,日本烟草(ADR),19.79,18.576,18.316,17.754,7.02640651e+10,41.155,-4.285,14.02004888,20.6759651,6.535314384,1.419523914,3.165483835,True,True,True,True,True,True
US.JAZZ,JAZZ,爵士制药,228.84,197.984,174.02,161.818,1.435806693e+10,117.942,-2.621,105.000413,234.9993325,15.58509779,13.77083094,7.54057027,True,True,True,True,True,True
US.JBAXY,JBAXY,JULIUS BAER GRUPPE AG UNSP ADR EACH REP 0.2 ORD SHS,17.12,15.345,14.905,14.552,1.754763774e+10,43.706,-2.616,11.9132117,17.57988992,11.56728576,2.95202952,2.425783397,True,True,True,True,True,True
US.JBHT,JBHT,JB亨特运输服务,261.82,226.763,203.792,187.687,2.468941733e+10,102.519,-0.539,129.281697,263.2388574,15.45975313,11.27178692,8.58077544,True,True,True,True,True,True
US.JBIO,JBIO,Jade Biosciences,22.58,19.251,15.22,13.37,1114545978,243.945,-19.357,6.565003125,27.9999504,17.29260818,26.4848883,13.83694839,True,True,True,True,True,True
US.JBL,JBL,捷普科技,344.07,301.148,253.023,243.264,3.630028715e+10,113.298,-7.579,161.3095294,372.2855195,14.25279265,19.02001004,4.011691002,True,True,True,True,True,True
US.JCI,JCI,江森自控,143.14,137.752,126.092,121.067,8.733194741e+10,51.151,-2.837,94.70000198,147.3194529,3.911376967,9.247216318,4.150594299,True,True,True,True,True,True
US.JDVB,JDVB,JD BANCSHARES INC,33.9,32.444,28.134,26.773,116139535.5,39.369,-1.887,24.32391708,34.55199617,4.487732709,15.31954219,5.083479625,True,True,True,True,True,True
US.JFBC,JFBC,JEFFERSONVILLE BANCORP,28,26.827,23.574,22.785,118566140,50.198,-1.754,18.64205915,28.49988804,4.372460581,13.7991007,3.462804477,True,True,True,True,True,True
US.JGCCY,JGCCY,日挥控股(ADR),31.86,27.871,22.996,21.058,3852687577,125.794,0,14.11020665,31.86,14.31236769,21.19933902,9.203153196,True,True,True,True,True,True
US.JHG,JHG,骏利亨德森集团,51.705,51.402,47.863,46.817,7966479312,48.125,-3.822,34.90632911,53.75969556,0.5894712268,7.394020433,2.234231155,True,True,True,True,True,True
US.JLHL,JLHL,巨龙在线,25.96,9.629,6.019,5.541,556806486.7,861.481,-15.858,2.700001352,30.85260631,169.6022432,59.97674032,8.626601696,True,True,True,True,True,True
US.JMHLY,JMHLY,JARDINE MATHESON HLDGS UNSPON ADR EA REP 1 COM USD0.25,72.9,72.619,69.322,66.53,2.13498168e+10,79.592,-10.643,40.59200855,81.58286424,0.3869510734,4.756065895,4.196603036,True,True,True,True,True,True
US.JMSB,JMSB,John Marshall Bancorp,20.825,20.474,19.987,19.865,293887044,31.205,-5.354,15.87210853,22.00304292,1.714369444,2.436583779,0.614145482,True,True,True,True,True,True
US.JPDYY,JPDYY,Japan Display(ADR),5.71,3.159,1.863,1.708,2215704688,454.368,-19.236,1.030001732,7.069981675,80.75340298,69.56521739,9.074941452,True,True,True,True,True,True
US.JPPTY,JPPTY,JAPAN POST BANK CO LTD UNSP ADR EA REPR 1 ORD,18.02,17.003,14.816,13.652,6.418663431e+10,99.117,-20.929,9.049955554,22.78964475,5.981297418,14.76106911,8.526223264,True,True,True,True,True,True
US.JXN,JXN,Jackson Financial,110.04,107.951,105.743,103.019,7674531164,44.617,-10.206,76.09063941,122.5471635,1.935137238,2.088081481,2.644172434,True,True,True,True,True,True
US.KALU,KALU,凯撒铝业,170.805,144.079,121.66,109.977,2791057208,157.392,-6.663,66.35987132,182.9981679,18.54954574,18.42758507,10.62313029,True,True,True,True,True,True
US.KALV,KALV,KalVista Pharmaceuticals,26.75,20.748,16.49,15.657,1424193754,172.126,-0.372,9.830005218,26.84988156,28.92808945,25.82171013,5.320304017,True,True,True,True,True,True
US.KBCSY,KBCSY,KBC GROEP NV UNSP ADR EA REPR 0.50 ORD SHS,64.83,64.732,64.575,62.95,5.143377762e+10,35.816,-11.338,47.73369853,73.12038979,0.1513934376,0.2431281456,2.58141382,True,True,True,True,True,True
US.KBDCY,KBDCY,建滔化工(ADR),36.8,13.708,11.705,11.661,8157174370,252.513,0,10.43933132,36.8,168.4563758,17.11234515,0.3773261298,True,True,True,True,True,True
US.KBLB,KBLB,KRAIG BIOCRAFT LABORATORIES INC,0.135,0.134,0.105,0.1,149214974.8,88.421,-15.681,0.07164806471,0.1601062631,0.7462686567,27.61904762,5,True,True,True,True,True,True
US.KEN,KEN,Kenon,88.26,83.035,68.916,62.372,4599087119,181.867,-7.995,31.31264036,95.92956905,6.292527248,20.48725985,10.49188739,True,True,True,True,True,True
US.KEX,KEX,卡比海运,146.78,139.065,121.82,114.144,7852730000,84.594,-6.918,79.51504383,157.6889194,5.547765433,14.156132,6.7248388,True,True,True,True,True,True
US.KEY,KEY,KeyCorp,20.82,20.796,20.024,19.541,2.257357882e+10,42.493,-9.933,14.61124406,23.11612466,0.115406809,3.855373552,2.471726114,True,True,True,True,True,True
US.KEYS,KEYS,Keysight Technologies,352.065,318.11,245,225.838,6.03800259e+10,130.339,-4.892,152.8464567,370.1739076,10.6739807,29.84081633,8.484843118,True,True,True,True,True,True
US.KFRC,KFRC,K力,39.44,32.773,30.803,30.676,703294080,65.565,-16.968,23.82145985,47.49975913,20.34296525,6.39548096,0.4140044334,True,True,True,True,True,True
US.KGS,KGS,Kodiak Gas Services,74.06,62.626,46.993,43.677,7356706182,152.139,-3.416,29.37268729,76.67936718,18.25759269,33.26665674,7.592096527,True,True,True,True,True,True
US.KGTFY,KGTFY,KRUNG THAI BANK PUBLIC CO LTD UNSP ADR EA REPR 20 ORD SHS,20.99,15.734,12.1,11.529,1.466787629e+10,105.487,0,10.21475811,20.99,33.40536418,30.03305785,4.952727904,True,True,True,True,True,True
US.KHOLY,KHOLY,KOC HOLDING UNSP ADR EACH REPR 5 ORD,22,21.35,20.541,20.535,1.115403333e+10,31.957,-10.264,16.67209773,24.5163591,3.044496487,3.938464534,0.0292184076,True,True,True,True,True,True
US.KISB,KISB,KISH BANCORP INC,61.601,51.98,43.521,40.923,186103705.1,94.915,-2.22,31.60403253,62.99959092,18.50904194,19.43659383,6.348508174,True,True,True,True,True,True
US.KLAC,KLAC,科磊,1840.09,1653.869,1418.646,1303.692,2.403663951e+11,149.795,-5.118,736.6400448,1939.345714,11.25971888,16.58081015,8.817573476,True,True,True,True,True,True
US.KLIC,KLIC,库力索法半导体,100.79,77.941,59.946,54.408,5274630673,228.985,-5.812,30.63665517,107.0093855,29.31576449,30.01868348,10.1786502,True,True,True,True,True,True
US.KMI,KMI,金德尔摩根,33.345,32.451,29.39,28.665,7.418681487e+10,33.55,-3.09,24.96817671,34.40821381,2.754922807,10.41510718,2.529216815,True,True,True,True,True,True
US.KN,KN,Knowles,34.78,28.866,25.504,24.564,2975799755,116.159,-6.202,16.09000782,37.07968187,20.48777108,13.18224592,3.826738316,True,True,True,True,True,True
US.KNOP,KNOP,KNOT Offshore,10.775,10.373,10.153,9.607,372308844.4,77.352,-6.709,6.075488294,11.54988155,3.875445869,2.166847237,5.683355886,True,True,True,True,True,True
US.KNRRY,KNRRY,KNORR BREMSE,29.61,28.899,27.504,26.754,1.909259248e+10,33.516,-11.067,22.17711735,33.29472749,2.460292744,5.071989529,2.80331913,True,True,True,True,True,True
US.KNSA,KNSA,Kiniksa Pharmaceuticals International,57.33,49.062,44.157,41.899,4410856457,123.073,-4.242,25.70010714,59.86967146,16.85214626,11.10809158,5.389150099,True,True,True,True,True,True
US.KNTK,KNTK,Kinetik Holdings,50.46,46.893,40.104,39.968,8192674852,67.133,-1.271,30.19152412,51.10960305,7.606679035,16.92848594,0.3402722178,True,True,True,True,True,True
US.KNX,KNX,Knight-Swift Transportation,68.095,60.051,54.623,51.42,1.10658414e+10,77.517,-1.304,38.35970639,68.99469077,13.39528068,9.937205939,6.229093738,True,True,True,True,True,True
US.KOF,KOF,可口可乐凡萨瓶装,103.93,100.419,96.648,92.847,2.183394968e+10,33.925,-9.712,77.60313608,115.1094276,3.496350292,3.901787931,4.093831788,True,True,True,True,True,True
US.KOP,KOP,科佩斯控股,40.81,38.851,32.649,31.717,784850819.1,64.069,-12.037,24.8736812,46.39450678,5.042341252,18.99598763,2.938487247,True,True,True,True,True,True
US.KOPN,KOPN,高平电子,5.219,3.146,2.869,2.72,920120798.9,324.276,-19.091,1.230095504,6.450456686,65.89319771,9.654932032,5.477941176,True,True,True,True,True,True
US.KORE,KORE,KORE Group,9.19,9.085,6.087,5.161,161632350.7,359.5,-0.327,2,9.22014989,1.155751238,49.25250534,17.94225925,True,True,True,True,True,True
US.KOS,KOS,Kosmos Energy,3.01,2.763,1.853,1.83,1785440396,259.992,-9.34,0.8361296918,3.320097066,8.939558451,49.10955208,1.256830601,True,True,True,True,True,True
US.KOTMY,KOTMY,小糸制作所(ADR),16.91,15.913,15.461,15.003,4451116318,45.875,-7.787,11.59211654,18.33797838,6.265317665,2.923484897,3.052722789,True,True,True,True,True,True
US.KPCPY,KPCPY,KASIKORNBANK PUBLIC COMPANY LIMITED UNSP ADR EA REPR 4 ORD SHS,25.015,23.364,22.809,21.946,1.481718243e+10,51.677,-5.541,16.49228294,26.48238918,7.066426982,2.433250033,3.932379477,True,True,True,True,True,True
US.KRG,KRG,凯特地产信托,26.055,25.48,23.81,23.17,5387974523,30.235,-3.069,20.00614274,26.87994553,2.2566719,7.013859723,2.76219249,True,True,True,True,True,True
US.KRNGY,KRNGY,KAROON ENERGY LTD UNSP ADR EACH REPR 2 ORD SHS,2.748,2.131,2,1.923,976798802.3,102.396,-2.291,1.357734343,2.812432836,28.95354294,6.55,4.004160166,True,True,True,True,True,True
US.KRNY,KRNY,卡尼金融储蓄,7.88,7.658,7.313,7.013,510144509.9,45.73,-4.751,5.407260001,8.273052735,2.898929224,4.717626145,4.277769856,True,True,True,True,True,True
US.KRP,KRP,Kimbell Royalty,15.295,14.631,13.257,13.215,1648412354,38.733,-2.268,11.02477421,15.64994065,4.53830907,10.36433582,0.3178206583,True,True,True,True,True,True
US.KRYPY,KRYPY,嘉里建设(ADR),14.858,12.646,11,10.364,4298649991,72.277,0,8.624482665,14.858,17.49169698,14.96363636,6.136626785,True,True,True,True,True,True
US.KRYS,KRYS,Krystal Biotech,309.26,268.795,248.727,225.322,9116909341,151.84,-3.198,122.8001906,319.4768703,15.05422348,8.068283701,10.38735676,True,True,True,True,True,True
US.KTHN,KTHN,KATAHDIN BANKSHARES CORP,32.87,32.331,28.28,26.869,104671688.2,47.311,0,22.31333709,32.87,1.667130618,14.32461103,5.251404965,True,True,True,True,True,True
US.KTWIY,KTWIY,栗田工业(ADR),113.23,99.837,91.361,86.137,6195211530,74.441,-0.369,64.91019886,113.6493662,13.41486623,9.277481639,6.064757305,True,True,True,True,True,True
US.KUBTY,KUBTY,久保田(ADR),92.574,83.567,78.449,74.181,2.105770141e+10,76.566,-14.255,52.43025271,107.9643128,10.77817799,6.523983735,5.75349483,True,True,True,True,True,True
US.KVHI,KVHI,KVH通信,11,9.092,7.245,6.845,214475261,118.253,-3.93,5.040022359,11.44998439,20.98548174,25.49344375,5.843681519,True,True,True,True,True,True
US.KW,KW,Kennedy-Wilson,10.995,10.862,9.873,9.399,1531639509,94.301,-0.811,5.658745966,11.08489853,1.224452219,10.01721868,5.04308969,True,True,True,True,True,True
US.KYOCY,KYOCY,京瓷(ADR),18.45,16.63,15.303,14.827,2.430614055e+10,74.385,-4.503,10.58003842,19.31997864,10.94407697,8.67150232,3.210359479,True,True,True,True,True,True
US.KYSEY,KYSEY,KYUSHU ELECTRIC POWER CO INC UNSP ADR EACH REPR 1 SH,11.8,11.435,10.365,10.312,5578838657,42.34,-16.073,8.290009836,14.05983772,3.191954526,10.32320309,0.5139643134,True,True,True,True,True,True
US.KZIA,KZIA,Kazia Therapeutics,13.82,10.089,8.591,8.382,157919744.2,326.543,-20.574,3.240001594,17.39984388,36.98087025,17.43685252,2.49343832,True,True,True,True,True,True
US.LAMR,LAMR,拉马尔户外广告,144.78,134.721,128.707,126.392,1.469156512e+10,34.871,-8.765,107.3470205,158.6890996,7.466541965,4.672628528,1.831603266,True,True,True,True,True,True
US.LAR,LAR,Lithium Argentina AG,9.845,8.353,6.718,5.883,1612611000,475.73,-18.298,1.710002953,12.04988862,17.86184604,24.33760048,14.19343872,True,True,True,True,True,True
US.LASR,LASR,nLIGHT,75.955,67.995,49.709,44.258,4284523492,524.116,-12.645,12.17001327,86.94980253,11.70674314,36.78609507,12.31641737,True,True,True,True,True,True
US.LBRT,LBRT,Liberty Energy,32.86,30.25,23.363,20.359,5362469930,234.565,-4.692,9.821708786,34.47769337,8.628099174,29.47823482,14.75514514,True,True,True,True,True,True
US.LCUT,LCUT,生活时光品牌家具,7.3,5.916,4.344,4.214,166841558.4,156.525,-10.4,2.845726537,8.147321429,23.39418526,36.1878453,3.084954912,True,True,True,True,True,True
US.LEA,LEA,李尔,134.115,124.445,118.172,114.06,6718504202,59.348,-5.515,84.16484675,141.9431656,7.770501025,5.308364079,3.605120112,True,True,True,True,True,True
US.LECO,LECO,林肯电气,261.9,258.557,253.378,249.456,1.434874411e+10,40.685,-15.242,186.1605715,308.9973808,1.292945076,2.043981719,1.572221153,True,True,True,True,True,True
US.LEE,LEE,李氏企业,9.005,8.485,6.23,5.853,200180573.7,169.61,-9.679,3.340009644,9.969995903,6.128461992,36.19582665,6.441141295,True,True,True,True,True,True
US.LFST,LFST,LifeStance Health,7.73,6.908,6.668,6.294,2951580159,106.684,-13.048,3.740008902,8.889962278,11.89924725,3.599280144,5.942167143,True,True,True,True,True,True
US.LFUS,LFUS,美国力特保险丝,443.08,377.104,314.229,299.805,1.120500758e+10,122.059,-8.444,199.5325567,483.9442527,17.49543892,20.00929259,4.811127233,True,True,True,True,True,True
US.LGRDY,LGRDY,LEGRAND SA UNSPON ADR EACH REPR 0.20 ORD,35.302,33.712,32.414,32.218,4.613885422e+10,50.079,-6.879,23.52227827,37.90981626,4.716421452,4.004442525,0.6083555776,True,True,True,True,True,True
US.LINC,LINC,林肯教育服务,48.99,41.254,30.165,27.879,1553998465,183.342,-8.429,17.29005936,53.49947036,18.75212101,36.76114702,8.19972022,True,True,True,True,True,True
US.LIND,LIND,Lindblad Expeditions,18.805,18.475,16.087,15.392,1233608000,90.913,-15.823,9.850036404,22.33983155,1.786197564,14.8442842,4.51533264,True,True,True,True,True,True
US.LION,LION,Lionsgate Studios,12.56,10.928,8.966,8.35,3644751760,126.51,-3.458,5.54500905,13.00988171,14.9341142,21.88266786,7.377245509,True,True,True,True,True,True
US.LITE,LITE,Lumentum,972.62,819.006,516.398,422.589,7.5669836e+10,1269.115,-10.413,71.04005142,1085.670912,18.75615075,58.5997622,22.19863745,True,True,True,True,True,True
US.LIVN,LIVN,LivaNova,70.495,64.087,62.069,59.829,3872539761,71.876,-3.826,41.01503409,73.29943644,9.998907735,3.251220416,3.744003744,True,True,True,True,True,True
US.LKHLY,LKHLY,中国龙工(ADR),18.15,15.799,11.383,10.493,1553676300,125.987,-0.765,8.031435437,18.28991787,14.88068865,38.79469384,8.48184504,True,True,True,True,True,True
US.LMED,LMED,LataMed AI Corp,2.54,1.545,0.925,0.908,142582379.3,594.843,-1.167,0.3655502034,2.569991804,64.4012945,67.02702703,1.872246696,True,True,True,True,True,True
US.LNKB,LNKB,Linkbancorp(已退市),8.69,8.581,8.08,7.817,325593409.2,36.492,-8.627,6.366673505,9.510468081,1.270248223,6.20049505,3.36446207,True,True,True,True,True,True
US.LNTH,LNTH,Lantheus,94.73,82.354,69.701,66.068,6167499148,100.486,-3.602,47.25018206,98.26967364,15.02780679,18.15325462,5.498879942,True,True,True,True,True,True
US.LOGC,LOGC,ContextLogic,8.66,8.379,7.94,7.878,395535445.7,35.312,-5.251,6.400023649,9.139938152,3.353622151,5.528967254,0.7870017771,True,True,True,True,True,True
US.LONA,LONA,LeonaBio,11,9.251,6.459,5.824,103328654,338.771,-22.589,2.507002514,14.20986681,18.90606421,43.22650565,10.90315934,True,True,True,True,True,True
US.LPG,LPG,Dorian LPG,40.3,35.739,30.282,29.995,1722587351,115.02,-3.241,18.74244256,41.64987236,12.76196872,18.0206063,0.9568261377,True,True,True,True,True,True
US.LQDA,LQDA,Liquidia,56.99,39.789,35.03,32.415,5068003469,380.927,-4.619,11.85003129,59.74984536,43.2305411,13.58549814,8.067252815,True,True,True,True,True,True
US.LQDT,LQDT,Liquidity Services,33.16,32.506,30.151,29.181,1033969620,53.022,-14.602,21.67008665,38.82994918,2.011936258,7.810686213,3.324080737,True,True,True,True,True,True
US.LRCX,LRCX,泛林集团,286.83,247.91,206.717,183.416,3.588117053e+11,263.593,-4.993,78.88765735,301.9040702,15.69924569,19.92724353,12.70390806,True,True,True,True,True,True
US.LSAK,LSAK,Lesaka Technologies,4.94,4.925,4.539,4.524,423536941.6,36.464,-10.83,3.620002345,5.539979814,0.3045685279,8.504075788,0.3315649867,True,True,True,True,True,True
US.LSBK,LSBK,莱克肖尔万通金控,15.78,15.469,14.819,14.285,124153454.1,45.969,-2.46,10.81051456,16.17797827,2.010472558,4.386260881,3.738186909,True,True,True,True,True,True
US.LSCC,LSCC,莱迪思半导体,120.805,106.702,88.007,82.509,1.655123416e+10,175.182,-7.073,43.90003707,129.9998924,13.21718431,21.24262843,6.663515495,True,True,True,True,True,True
US.LSTR,LSTR,莱帝运输,175.44,166.679,149.74,143.773,5952365162,49.91,-10.414,117.0302181,195.8341705,5.25621104,11.31227461,4.150292475,True,True,True,True,True,True
US.LTRX,LTRX,创力,6.25,6.053,5.781,5.372,248855812.5,194.811,-24.15,2.120002307,8.239947264,3.254584504,4.705068327,7.61355175,True,True,True,True,True,True
US.LUCN,LUCN,LUCENT INC,8.69,8.625,8.194,7.466,147625720,334.5,-5.543,2,9.199953418,0.7536231884,5.259946302,9.750870613,True,True,True,True,True,True
US.LUNR,LUNR,Intuitive Machines,34.08,23.597,17.561,15.618,7389031957,338.046,-9.956,7.78000484,37.84816312,44.42513879,34.37161893,12.44077347,True,True,True,True,True,True
US.LXP,LXP,LXP Industrial Trust,50.815,48.942,48.084,46.634,2995671897,39.043,-3.745,36.54624828,52.79206275,3.826978873,1.78437734,3.109319381,True,True,True,True,True,True
US.LXRX,LXRX,莱斯康制药,2.235,1.748,1.494,1.42,992778931.6,328.982,-11.66,0.5210008812,2.529997736,27.8604119,17.00133869,5.211267606,True,True,True,True,True,True
US.LYB,LYB,利安德巴塞尔,74.958,73.637,56.22,54.681,2.419513962e+10,87.711,-10.701,39.93266244,83.94046966,1.793935114,30.98007826,2.814505953,True,True,True,True,True,True
US.LYBC,LYBC,LYONS BANCORP INC,52.49,50.808,45.738,43.928,178545942.3,38.079,-0.284,38.01446998,52.63949617,3.310502283,11.08487472,4.120378802,True,True,True,True,True,True
US.MAC,MAC,马塞里奇房产,22.095,20.442,18.802,18.402,6128737327,54.873,-2.039,14.26652806,22.55489429,8.086292926,8.722476332,2.173676774,True,True,True,True,True,True
US.MAHLY,MAHLY,美迪发路控股(ADR),19,18.855,17.811,17.262,3889272564,30.136,-6.633,14.60011065,20.34980239,0.7690267833,5.861546235,3.180396246,True,True,True,True,True,True
US.MAKO,MAKO,Mako Mining,8.5,7.206,6.574,6.114,744299499.5,179.605,-3.189,3.040002861,8.779994009,17.95725784,9.613629449,7.523716061,True,True,True,True,True,True
US.MALRY,MALRY,MINERAL RESOURCES LTD UNSP ADR EA REPR 1 ORD SHS AUD0.00,45.71,42.401,37.404,34.111,9033750309,282.04,-10.774,11.96471574,51.22946226,7.804061225,13.35953374,9.653777374,True,True,True,True,True,True
US.MANU,MANU,曼联,19.32,17.507,16.944,16.83,3331431777,46.142,-3.012,13.22001889,19.9199901,10.35585766,3.322710104,0.6773618538,True,True,True,True,True,True
US.MAR,MAR,万豪酒店,353.37,344.238,318.646,304.91,9.317964871e+10,40.322,-7.007,251.8279386,379.9963438,2.652815784,8.031483213,4.504935883,True,True,True,True,True,True
US.MARUY,MARUY,丸红(ADR),369.9,362.912,318.688,297.422,6.058737101e+10,94.684,-13.181,190.0002055,426.058812,1.925535667,13.87689527,7.150109945,True,True,True,True,True,True
US.MASI,MASI,麦斯莫医疗,178.38,177.838,156.066,153.673,9341597561,41.638,-0.346,125.9407786,178.9993377,0.3047717586,13.95050812,1.557202632,True,True,True,True,True,True
US.MATW,MATW,马修国际,26.93,26.341,25.447,24.986,840281655.3,41.011,-12.136,19.09780088,30.64964035,2.236057857,3.513184265,1.845033219,True,True,True,True,True,True
US.MATX,MATX,Matson,182.11,168.042,141.373,131.873,5511246103,110.961,-3.959,86.3240125,189.6169344,8.371716595,18.86428102,7.203900723,True,True,True,True,True,True
US.MCARY,MCARY,Mercari软件(ADR),12.255,11.474,9.375,9.054,4045217607,78.905,-2.35,6.850004192,12.5499232,6.806693394,22.38933333,3.545394301,True,True,True,True,True,True
US.MCB,MCB,Metropolitan Bank,86.475,85.39,81.579,79.914,1071840071,39.498,-11.365,61.99013606,97.56303943,1.27064059,4.671545373,2.083489751,True,True,True,True,True,True
US.MCCK,MCCK,MESTEK INC,72,67.429,57.738,51.96,543301776,121.47,0,32.51004651,72,6.778982337,16.78444006,11.12009238,True,True,True,True,True,True
US.MCEM,MCEM,MONARCH CEMENT COMPANY,289.9,259.466,239.219,236.31,1083288753,43.843,-0.034,201.5391781,289.9985995,11.72947515,8.463792592,1.231010114,True,True,True,True,True,True
US.MCHP,MCHP,微芯科技,94.46,77.253,70.223,68.747,5.111565536e+10,97.595,-10.811,47.80485336,105.9099216,22.27356866,10.01096507,2.147002778,True,True,True,True,True,True
US.MCW,MCW,Mister Car Wash,7.095,7.009,6.115,5.975,2333506761,53.904,-7.737,4.610016634,7.689973229,1.226993865,14.61978741,2.343096234,True,True,True,True,True,True
US.MCY,MCY,默邱利通用,99.02,92.932,89.49,86.396,5484581846,70.526,-3.272,58.06739148,102.3695311,6.551026557,3.846239803,3.581184314,True,True,True,True,True,True
US.MD,MD,Pediatrix Medical,23.28,21.657,21.204,19.928,1909334431,96.368,-6.962,11.8552921,25.02203401,7.494112758,2.13638936,6.403050984,True,True,True,True,True,True
US.MDU,MDU,MDU Resources,22.23,21.537,20.458,19.472,4646203914,43.158,-3.263,15.52829741,22.97983192,3.217718345,5.274220354,5.063681183,True,True,True,True,True,True
US.MDV,MDV,Modiv Industrial,17.97,15.541,14.71,14.544,185516349.9,38.409,-0.443,12.98325976,18.04996133,15.62962486,5.649218219,1.141364136,True,True,True,True,True,True
US.MEC,MEC,Mayville Engineering,25.42,20.49,18.864,17.734,520957632.5,110.082,-9.682,12.10003713,28.14499878,24.06051733,8.619592875,6.371940904,True,True,True,True,True,True
US.MEOH,MEOH,梅思恩,61.73,58.968,47.338,44.58,4775695955,99.132,-7.52,30.99953799,66.74956747,4.683896351,24.56800034,6.186630776,True,True,True,True,True,True
US.MFC,MFC,宏利金融,37.715,36.63,35.478,34.18,6.305948e+10,30.346,-6.657,28.9345281,40.40474379,2.962052962,3.247082699,3.797542422,True,True,True,True,True,True
US.MFG,MFG,瑞穗金融,8.747,8.29,7.882,7.517,1.066475841e+11,74.538,-14.892,5.011516117,10.27752973,5.512665862,5.17635118,4.855660503,True,True,True,True,True,True
US.MFGI,MFGI,MERCHANTS FINANCIAL GROUP INC,37,34.472,29.248,27.925,302613417,53.224,0,24.14765311,37,7.333488048,17.86105033,4.737690242,True,True,True,True,True,True
US.MG,MG,Mistras Group,16.69,16.464,13.972,12.819,531020405.9,131.163,-14.654,7.220013583,19.55569095,1.372691934,17.83567134,8.994461346,True,True,True,True,True,True
US.MGA,MGA,曼格纳国际,60.82,57.961,53.674,51.215,1.681241823e+10,81.923,-10.982,33.43172661,68.32326046,4.932627111,7.987107352,4.801327736,True,True,True,True,True,True
US.MGNX,MGNX,Macrogenics,4.145,3.176,2.162,2.039,263469144.8,249.789,-3.828,1.1850001,4.309986275,30.51007557,46.90101758,6.032368808,True,True,True,True,True,True
US.MGRT,MGRT,美华创富,133.11,70.402,27.655,21.689,1883440625,9031.224,-19.425,1.457745424,165.2001241,89.0713332,154.5724101,27.50703121,True,True,True,True,True,True
US.MGTX,MGTX,MeiraGTx Holdings,9.585,8.935,8.308,8.196,887662210.9,99.065,-19.113,4.815010173,11.84986463,7.274762171,7.546942706,1.366520254,True,True,True,True,True,True
US.MGYOY,MGYOY,MOL HUNGARIAN OIL & GAS PLC SPON ADR EA 0.5 ORD SHS SER 'A',6.43,6.393,5.407,5.135,1.014572879e+10,67.012,-12.99,3.850022753,7.389955178,0.5787580166,18.23562049,5.2969815,True,True,True,True,True,True
US.MIDD,MIDD,The Middleby,145.9,142.206,141.878,140.135,6596794966,31.654,-13.892,110.8207878,169.4383797,2.597640043,0.2311845388,1.243800621,True,True,True,True,True,True
US.MIELY,MIELY,三菱电机(ADR),81.015,73.217,65.132,61.399,8.28959972e+10,108.747,-5.796,38.81013859,85.99953293,10.65053198,12.41325309,6.079903581,True,True,True,True,True,True
US.MINDP,MINDP,"MIND Technology, Inc.",13.3,12.632,11.204,10.958,105993299.3,90,-19.879,7,16.59989266,5.288157061,12.74544805,2.244935207,True,True,True,True,True,True
US.MIRM,MIRM,Mirum Pharmaceuticals,108.83,95.905,86.622,82.436,6636586934,153.742,-5.356,42.89002215,114.9888001,13.47687816,10.71667706,5.077878597,True,True,True,True,True,True
US.MITK,MITK,Mitek Systems,14.335,14.313,11.689,11.232,647352129.1,68.053,-13.015,8.530047068,16.47985285,0.1537064207,22.44845581,4.068732194,True,True,True,True,True,True
US.MITSY,MITSY,三井物产(ADR),768.8,759.604,649.284,605.508,1.089461952e+11,98.144,-7.982,388.000646,835.4887087,1.210630802,16.99102396,7.229631978,True,True,True,True,True,True
US.MKSI,MKSI,MKS仪器,302.72,259.665,208.287,184.125,2.044695873e+10,279.073,-7.378,79.85796931,326.8337976,16.58097934,24.66692592,13.12260692,True,True,True,True,True,True
US.MLAB,MLAB,Mesa Laboratories,98.14,92.997,85.238,80.692,542205147.8,78.06,-19.078,55.11625295,121.2772794,5.530285923,9.102747601,5.633767908,True,True,True,True,True,True
US.MLI,MLI,木勒工业,136.63,122.559,117.231,111.665,1.510727391e+10,90.854,-3.448,71.58875371,141.5092385,11.48100099,4.544872943,4.984552008,True,True,True,True,True,True
US.MLR,MLR,Miller Industries,46.7,46.373,42.023,41.652,532179937.2,40.2,-6.394,33.30955777,49.88996432,0.7051517047,10.35147419,0.8907135312,True,True,True,True,True,True
US.MMSMY,MMSMY,三井金属(ADR),57.71,46.313,32.891,27.289,1.650861032e+10,982.739,-13.865,5.330001044,66.99947756,24.6086412,40.80751573,20.52841804,True,True,True,True,True,True
US.MNAT,MNAT,MARQUETTE NATIONAL CORP,32.55,32.229,30.042,28.956,141173581.5,30.186,-1.839,25.00268846,33.15980889,0.9959973937,7.279808268,3.750518027,True,True,True,True,True,True
US.MNPP,MNPP,MERCHANTS NATIONAL PROPERTIES INC,2135,1972.761,1783.485,1724.866,196298640,33.354,-0.668,1601.001845,2149.357709,8.223956171,10.6127049,3.398466895,True,True,True,True,True,True
US.MNST,MNST,怪物饮料,87.55,76.621,76.047,73.043,8.562461003e+10,50.714,-1.374,58.09015752,88.76969562,14.2637136,0.7547963759,4.112645976,True,True,True,True,True,True
US.MNTHY,MNTHY,MINTH GRP ADR EA REPR 20 ORD SHS,97.932,93.389,91.822,89.502,5737868755,99.047,-17.172,49.2004401,118.2353793,4.864598614,1.706562697,2.592120846,True,True,True,True,True,True
US.MOD,MOD,摩丁制造,276.5,234.988,186.867,175.749,1.458017597e+10,219.708,-5.969,86.48516772,294.0519616,17.66558292,25.7514703,6.326067289,True,True,True,True,True,True
US.MOG.B,MOG.B,Moog-B,312.5,312.088,277.144,257.931,9893511762,85.716,-9.247,168.2676775,344.3412339,0.1320140473,12.6086078,7.44889137,True,True,True,True,True,True
US.MOV,MOV,摩凡陀,27.14,25.739,22.499,21.188,603244880.9,93.825,-7.182,14.00232168,29.2400181,5.443101908,14.40064003,6.187464603,True,True,True,True,True,True
US.MOVE,MOVE,Corvex,20.24,13.227,9.218,8.166,1350734899,488.563,-21.176,3.438884198,25.67745864,53.02033719,43.49099588,12.8826843,True,True,True,True,True,True
US.MPC,MPC,马拉松原油,253.08,235.309,202.596,196.003,7.388332359e+10,66.215,-3.26,152.2606263,261.608435,7.552197324,16.14691307,3.363724025,True,True,True,True,True,True
US.MPCB,MPCB,MOUNTAIN PACIFIC BANCORP INC,15.5,14.689,12.175,11.692,108298500,58.811,-3.125,9.760029217,16,5.521138267,20.64887064,4.131029764,True,True,True,True,True,True
US.MPFRY,MPFRY,MAPFRE SA UNSP ADR EACH REP 2 ORD,10.42,9.273,8.875,7.828,1.596271808e+10,44.194,0,7.226375577,10.42,12.36924404,4.484507042,13.37506387,True,True,True,True,True,True
US.MPTI,MPTI,M-tron Industries,79.855,67.689,60.673,57.417,345088830.8,119.502,-8.454,36.38007854,87.22937103,17.97337824,11.56362797,5.670794364,True,True,True,True,True,True
US.MPWR,MPWR,Monolithic Power Systems,1565.993,1327.599,1123.3,1057.143,7.693721152e+10,145.259,-6.531,638.5058245,1675.414308,17.95677761,18.18739428,6.258093749,True,True,True,True,True,True
US.MQBKY,MQBKY,MACQUARIE GROUP LIMITED ADR EACH REPR 1 ORD,173.27,156.033,145.416,144.605,6.603985317e+10,43.744,-3.391,120.5406834,179.3518202,11.0470221,7.301122297,0.5608381453,True,True,True,True,True,True
US.MRAAY,MRAAY,村田制作所(ADR),19.431,14.022,11.692,10.916,7.074015957e+10,185.75,-5.994,6.8,20.66995724,38.57509628,19.928156,7.108831074,True,True,True,True,True,True
US.MRCY,MRCY,Mercury Systems,91.58,81.528,80.953,78.075,5498763857,108.088,-11.806,44.01022644,103.8392634,12.32950643,0.710288686,3.686199167,True,True,True,True,True,True
US.MRTN,MRTN,马尔登运输,15.815,13.803,12.309,12.072,1290332170,70.878,-0.771,9.255141095,15.93788106,14.57654133,12.13746039,1.963220676,True,True,True,True,True,True
US.MRVI,MRVI,Maravai LifeSciences,4.155,3.463,3.442,3.236,1072780464,108.793,-16.816,1.990009244,4.994950952,19.98267398,0.6101104009,6.365883807,True,True,True,True,True,True
US.MRVL,MRVL,迈威尔科技,180.01,128.231,99.093,93.162,1.576433488e+11,208.03,-6.297,58.43911307,192.1069763,40.37947142,29.40470063,6.366329619,True,True,True,True,True,True
US.MRX,MRX,Marex Group,56.15,46.688,40.082,38.548,4038918350,102.938,-4.213,27.66854901,58.61964567,20.26644962,16.48121351,3.979454187,True,True,True,True,True,True
US.MS,MS,摩根士丹利,193.845,175.916,172.492,166.534,3.057487754e+11,60.254,-1.85,120.9610993,197.4987264,10.19179608,1.985019595,3.577647808,True,True,True,True,True,True
US.MSADY,MSADY,MS&AD保险(ADR),27.91,25.741,24.47,24.145,4.049572198e+10,40.604,-1.898,19.85007539,28.44998063,8.426246067,5.194115243,1.346034376,True,True,True,True,True,True
US.MSBI,MSBI,Midland States,26.659,23.481,20.75,19.755,552625346.6,96.009,-5.44,13.60090608,28.1926819,13.53434692,13.16144578,5.03669957,True,True,True,True,True,True
US.MSGE,MSGE,Madison Square Garden Entertainment,68.21,61.256,56.028,52.394,3226690011,93.174,-2.368,35.3101349,69.86438873,11.35235732,9.331048761,6.935908692,True,True,True,True,True,True
US.MSGS,MSGS,麦迪逊运动,349.04,327.036,279.066,261.279,8403524387,87.655,-2.344,186.0009059,357.417875,6.728311256,17.18948206,6.807665369,True,True,True,True,True,True
US.MSM,MSM,MSC Industrial Direct,105.25,95.533,89.13,88.611,5876561233,40.731,-3.236,74.78807086,108.7697904,10.1713544,7.183888702,0.5857060636,True,True,True,True,True,True
US.MSSMY,MSSMY,米思米(ADR),10.1,9.608,8.637,8.403,5351648075,62.903,-11.071,6.200008594,11.35737498,5.120732723,11.24232951,2.784719743,True,True,True,True,True,True
US.MSWV,MSWV,MAIN STREET FINANCIAL SERVICES CORP,19.32,18.696,17.63,16.81,151285878.2,56.879,-2.629,12.31522383,19.84163663,3.337612323,6.046511628,4.87804878,True,True,True,True,True,True
US.MT,MT,安赛乐米塔尔,60.8,56.771,50.749,46.619,4.62340114e+10,107.646,-9.841,29.28060256,67.43641788,7.096933293,11.86624367,8.859048886,True,True,True,True,True,True
US.MTCPY,MTCPY,港铁公司(ADR),12.88,12.518,11.335,11.065,2.667954662e+10,41.28,-10.617,9.116647792,14.40989897,2.891835757,10.43670049,2.440126525,True,True,True,True,True,True
US.MTNOY,MTNOY,MTN集团,12.575,12.016,10.81,10.191,2.304962762e+10,97.773,-5.593,6.358299667,13.31998687,4.652130493,11.15633673,6.073986851,True,True,True,True,True,True
US.MTRN,MTRN,Materion,203.92,165.813,144.152,136.612,4241838821,177.96,-5.424,73.36307382,215.6149552,22.98191336,15.02649981,5.519280883,True,True,True,True,True,True
US.MTSI,MTSI,MACOM Technology Solutions,379.19,266.101,214.42,193.029,2.893059454e+10,220.912,-5.496,118.1601187,401.2422755,42.498525,24.10269564,11.08175456,True,True,True,True,True,True
US.MTSUY,MTSUY,三菱商事(ADR),36.93,33.283,28.347,26.925,1.352195121e+11,94.676,-1.282,18.96998089,37.40959096,10.95754589,17.41277737,5.281337047,True,True,True,True,True,True
US.MTX,MTX,Minerals Technologies,77.6,72.14,66.134,65.001,2406277758,46.945,-7.991,52.80887407,84.33957548,7.568616579,9.081561678,1.743050107,True,True,True,True,True,True
US.MTZ,MTZ,MasTec,421.99,356.137,271.632,251.368,3.334504045e+10,190.107,-4.403,145.4601233,441.4259862,18.49091782,31.11010485,8.06148754,True,True,True,True,True,True
US.MU,MU,美光科技,737.91,486.448,362.435,307.043,8.322226203e+11,713.511,-9.858,90.70682511,818.6084178,51.69350064,34.21661815,18.0404699,True,True,True,True,True,True
US.MUFG,MUFG,三菱日联金融,18.95,17.534,16.945,16.493,2.138977125e+11,45.728,-5.932,13.00367809,20.14500149,8.075738565,3.475951608,2.7405566,True,True,True,True,True,True
US.MUR,MUR,墨菲石油,39.74,38.73,33.367,31.327,5696712150,102.726,-8.306,19.60281365,43.33980413,2.607797573,16.07276651,6.511954544,True,True,True,True,True,True
US.MUSA,MUSA,Murphy USA,569.67,511.459,433.913,420.876,1.052219512e+10,65.797,-6.584,343.5948781,609.8205875,11.38136195,17.87132444,3.097586938,True,True,True,True,True,True
US.MUX,MUX,McEwen,22.674,22.618,21.736,19.596,1354546733,217.118,-23.656,7.150019866,29.69977994,0.2475904147,4.057784321,10.92059604,True,True,True,True,True,True
US.MXCHY,MXCHY,ORBIA ADVANCE CORP S A B DE CV UNSP ADS EACH REPR 2 ORD SHS,2.67,2.342,1.978,1.825,2571797544,167,-2.909,1,2.749997425,14.00512383,18.40242669,8.383561644,True,True,True,True,True,True
US.MXL,MXL,MaxLinear,89.02,38.905,24.449,22.307,7977649487,712.864,-14.558,10.95140146,104.1876361,128.8137771,59.12716267,9.60236697,True,True,True,True,True,True
US.MYE,MYE,Myers Industries,22.685,21.343,19.838,18.885,851984093.8,97.379,-6.454,11.4931173,24.25010155,6.287775852,7.586450247,5.046333069,True,True,True,True,True,True
US.MYFW,MYFW,First Western Financial,28.47,26.257,25.255,24.552,276983719,41.571,-5.1,20.11005079,30,8.428228663,3.967531182,2.863310525,True,True,True,True,True,True
US.MYRG,MYRG,MYR Group,465.44,332.799,267.719,247.686,7247382996,201.158,-3.025,154.5501033,479.9587523,39.85618947,24.30907033,8.088063112,True,True,True,True,True,True
US.NATL,NATL,NCR Atleos,44.43,44.233,40.46,39.911,3278037269,88.582,-8.391,23.56004285,48.49960157,0.4453688423,9.325259516,1.375560622,True,True,True,True,True,True
US.NBIS,NBIS,NEBIUS,220.38,140.62,112.808,105.854,5.600359414e+10,535.296,-5.628,34.68934166,233.522655,56.72023894,24.65427984,6.569425813,True,True,True,True,True,True
US.NBR,NBR,纳伯斯实业,102.62,87.745,67.716,60.256,1518356182,340.996,-3.005,23.27005234,105.799268,16.95253291,29.57794317,12.38050982,True,True,True,True,True,True
US.NBTX,NBTX,Nanobiotix,50.225,35.047,26.767,23.002,2435687090,1279.807,-12.101,3.640001826,57.13944413,43.30755842,30.93361228,16.3681419,True,True,True,True,True,True
US.NCTKY,NCTKY,NABTESCO CORP UNSPON ADR EA REPR 0.5 ORD JPY0.00,17.945,14.962,13.877,13.148,4205752530,150.628,-7.785,7.160014045,19.45995771,19.93717417,7.818692801,5.544569516,True,True,True,True,True,True
US.NDSN,NDSN,Nordson,276.96,274.655,260.011,250.196,1.54498253e+10,46.271,-8.997,189.3471707,304.3416151,0.8392346762,5.632069412,3.922924427,True,True,True,True,True,True
US.NE,NE,Noble,52.34,48.856,38.101,35.456,8350634709,149.035,-4.086,21.01712611,54.56971871,7.131160963,28.22760557,7.459950361,True,True,True,True,True,True
US.NEE,NEE,新纪元能源,93.958,93.105,87.257,83.619,1.959345125e+11,51.456,-4.852,62.03649905,98.74931685,0.9161699157,6.702041097,4.350685849,True,True,True,True,True,True
US.NESR,NESR,National Energy Services Reunited,25.45,22.914,18.718,16.288,2566562640,365.265,-6.605,5.470000967,27.24985278,11.06746967,22.41692489,14.91895874,True,True,True,True,True,True
US.NEWP,NEWP,New Pacific Metals,5.215,4.836,3.817,3.382,961190014,370.27,-17.208,1.108937419,6.29891777,7.837055418,26.6963584,12.86221171,True,True,True,True,True,True
US.NEWT,NEWT,NewtekOne,12.8,12.213,11.793,11.66,369394188.8,37.862,-12.705,9.284646966,14.66292457,4.806353885,3.561434749,1.140651801,True,True,True,True,True,True
US.NEXA,NEXA,Nexa Resources,14.8,12.682,10.204,8.888,1960091443,233.483,-12.374,4.438007335,16.88996417,16.70083583,24.28459428,14.80648065,True,True,True,True,True,True
US.NFBK,NFBK,Northfield Bancorp,13.93,13.567,12.21,11.934,581770458.4,43.786,-1.97,9.688008568,14.20993573,2.675609936,11.11384111,2.31271996,True,True,True,True,True,True
US.NGKSY,NGKSY,日本特殊陶业(ADR),25,24.971,19.39,18.454,9784036350,105.252,-7.53,12.18014928,27.03579539,0.1161347163,28.78287777,5.072071096,True,True,True,True,True,True
US.NGL,NGL,NGL Energy,17.36,13.7,11.05,9.66,2149416057,459.999,-1.976,3.100005536,17.70994858,26.71532847,23.98190045,14.38923395,True,True,True,True,True,True
US.NGLOY,NGLOY,ANGLO AMERICAN SPON ADR EACH REP 0.5 ORD (P/S),25.65,23.339,21.737,20.35,5.496733168e+10,90.309,-8.523,13.47808039,28.03983515,9.901880972,7.369922252,6.815724816,True,True,True,True,True,True
US.NGNE,NGNE,Neurogene,30.11,24.431,23.009,22.253,475795239.1,105.529,-19.202,14.65000073,37.26577391,23.24505751,6.18019036,3.397294747,True,True,True,True,True,True
US.NGS,NGS,Natural Gas Services,42.715,39.003,34.667,32.525,538139161,90.024,-1.282,22.47873953,43.26971778,9.517216624,12.50757204,6.585703305,True,True,True,True,True,True
US.NHC,NHC,National HealthCare,192.95,168.479,148.213,138.998,3013809731,109.146,-3.338,92.2561273,199.6130848,14.52465886,13.6735644,6.629591793,True,True,True,True,True,True
US.NHYDY,NHYDY,Norsk Hydro,11.335,10.425,8.607,8.057,2.227642987e+10,116.945,-3.342,5.224826569,11.72691345,8.729016787,21.12234228,6.82636217,True,True,True,True,True,True
US.NINOY,NINOY,尼康(ADR),14.546,12.118,11.941,11.692,4791716198,60.026,-3.024,9.089772912,14.99958753,20.03630962,1.482287916,2.129661307,True,True,True,True,True,True
US.NISUY,NISUY,NISSUI CORPORATION UNSPON ADR EACH REP 10 ORD NPV,86.8,56.56,47.387,46.24,2632406862,102.803,-5.498,42.80015582,91.84990794,53.46534653,19.35762973,2.480536332,True,True,True,True,True,True
US.NJR,NJR,新泽西能源,57.06,55.439,50.095,49.005,5758584955,34.347,-1.467,42.47210582,57.90953285,2.923934414,10.66773131,2.22426283,True,True,True,True,True,True
US.NKRKY,NKRKY,NOKIAN RENKAAT OYJ (NOKIA TYRES) UNPS ADR EA REPR 0.50 ORD SHS,5.99,5.604,5.285,4.966,1651745411,82.227,-10.993,3.287108936,6.729807768,6.887937188,6.035950804,6.423681031,True,True,True,True,True,True
US.NMM,NMM,Navios Maritime,70.89,68.816,59.477,56.085,2023626720,94.318,-8.925,36.48143764,77.83694757,3.013833992,15.70186795,6.047962913,True,True,True,True,True,True
US.NN,NN,NextNav,20.5,18.064,15.906,15.852,2796957250,89.114,-15.246,10.84002242,24.18764896,13.4853853,13.56720734,0.340651022,True,True,True,True,True,True
US.NNCHY,NNCHY,NISSAN CHEMICAL CORPORATION UNSP ADR EA REPR 1 ORD SHS,46.95,40.761,37.8,37.5,6296398066,76.172,-5.391,26.65009196,49.62529992,15.18363141,7.833333333,0.8,True,True,True,True,True,True
US.NNGRY,NNGRY,NN GROUP N.V. UNSP ADR EACH REP 0.5 ORD SHS,44.05,41.25,38.772,37.719,2.305145715e+10,49.592,-2.371,29.44676186,45.11979023,6.787878788,6.391210152,2.791696492,True,True,True,True,True,True
US.NOK,NOK,诺基亚,13.89,10.143,7.762,6.926,7.77386968e+10,252.822,-8.492,3.936829336,15.17900074,36.94173322,30.67508374,12.07045914,True,True,True,True,True,True
US.NOV,NOV,华高,20.485,19.447,17.478,16.285,7350036070,79.548,-2.15,11.40920534,20.93510475,5.337584203,11.26559103,7.325759902,True,True,True,True,True,True
US.NOVT,NOVT,Novanta,153.3,127.404,125.246,122.251,5459297831,55.998,-7.405,98.27049065,165.5596954,20.32589244,1.723009118,2.449877711,True,True,True,True,True,True
US.NPCE,NPCE,NeuroPace,15.26,15.224,14.743,13.447,520270548.7,101.785,-22.142,7.562504646,19.59978422,0.2364687336,3.262565285,9.637837436,True,True,True,True,True,True
US.NPKI,NPKI,NPK International,15.33,14.706,13.545,12.757,1294573062,100.917,-7.09,7.630016375,16.49983855,4.243166055,8.571428571,6.177000862,True,True,True,True,True,True
US.NPO,NPO,Enpro,310,273.575,246.54,240.269,6549265840,79.57,-5.192,172.6346272,326.9766264,13.31444759,10.9657662,2.609991301,True,True,True,True,True,True
US.NPSKY,NPSKY,日本精工(ADR),16.738,15.349,13.444,12.415,4095004968,86.386,-9.281,8.980288219,18.45037974,9.049449476,14.16988991,8.288360854,True,True,True,True,True,True
US.NRC,NRC,NRC Health,18.74,17.321,16.395,15.84,422337683,73.189,-17.013,10.82054865,22.58185017,8.192367646,5.648063434,3.503787879,True,True,True,True,True,True
US.NRDBY,NRDBY,NORDEA BANK ABP SPON ADS EACH REP 1 ORD SHS,17.95,17.933,17.499,16.847,6.091787813e+10,37.501,-7.219,13.05445051,19.34663347,0.09479730107,2.480141722,3.870125245,True,True,True,True,True,True
US.NREF,NREF,NexPoint Real Estate Finance,15,14.056,13.718,13.598,280304745,30.138,-6.483,11.52622601,16.03986441,6.71599317,2.463916023,0.882482718,True,True,True,True,True,True
US.NRSDY,NRSDY,NORDIC SEMICONDUCTOR ADS EACH REP 1 ORD SHS,22.46,15.586,13.247,13.175,4434965570,118.27,-4.016,10.29000779,23.39973329,44.10368279,17.65682796,0.5464895636,True,True,True,True,True,True
US.NRXXY,NRXXY,NORDEX SE UNSP ADR EACH REP 0.50 ORD SHS,27.62,24.166,14.995,12.934,1.308353876e+10,397.657,-6.499,5.550007334,29.53979102,14.29280808,61.1603868,15.93474563,True,True,True,True,True,True
US.NSA,NSA,National Storage Affiliates Trust,41.5,39.872,33.428,32.405,3204320120,56.625,-5.713,26.49640862,44.01455132,4.083065811,19.2772526,3.156920228,True,True,True,True,True,True
US.NSC,NSC,诺福克南方,317.005,298.745,293.621,290.235,7.119742129e+10,36.603,-1.544,232.0629854,321.9763143,6.112236188,1.745106787,1.166640826,True,True,True,True,True,True
US.NTB,NTB,毕达菲尔特银行,54.6,53.418,49.623,47.986,2162737723,38.533,-4.741,39.41299185,57.31741883,2.21273728,7.647663382,3.411411662,True,True,True,True,True,True
US.NTCT,NTCT,网侦系统,38.41,33.211,29.469,28.187,2746131208,88.376,-6.133,20.39007092,40.91959901,15.65445184,12.69808952,4.548195977,True,True,True,True,True,True
US.NTOIY,NTOIY,NESTE OYJ UNSP ADR EACH REPR 0.5 ORD,16.54,15.756,12.664,11.773,2.541479043e+10,233.813,-8.669,4.954869942,18.10995171,4.975882204,24.41566646,7.568164444,True,True,True,True,True,True
US.NTRS,NTRS,北方信托,164.14,151.329,141.607,138.105,3.138898462e+10,61.663,-5.222,101.5321997,173.1836502,8.465660911,6.865479814,2.535751783,True,True,True,True,True,True
US.NTST,NTST,Netstreit,20.42,20.049,18.881,18.614,1986061595,39.342,-3.588,14.65459086,21.17993611,1.850466357,6.186113024,1.434404212,True,True,True,True,True,True
US.NUE,NUE,纽柯钢铁,227.16,192.457,172.4,164.246,5.17336342e+10,117.119,-3.52,104.6246528,235.4477612,18.0315603,11.63399072,4.964504463,True,True,True,True,True,True
US.NVAX,NVAX,诺瓦瓦克斯医药,9.055,8.95,8.294,8.292,1488987168,47.716,-24.352,6.130006228,11.96991328,1.173184358,7.909332047,0.02411963338,True,True,True,True,True,True
US.NVCR,NVCR,Novocure,17.91,13.101,12.824,12.73,2074353035,82.382,-10.717,9.820048031,20.05980982,36.70712159,2.160012477,0.7384131972,True,True,True,True,True,True
US.NVCT,NVCT,Nuvectis Pharma,11.32,8.9,7.935,7.541,300269033.6,103.963,-15.142,5.55002623,13.33993259,27.19101124,12.16131065,5.22477125,True,True,True,True,True,True
US.NVDA,NVDA,英伟达,228.07,193.126,188.291,185.973,5.522146538e+12,76.562,-3.612,129.1727552,236.6165913,18.09388689,2.567833832,1.246417491,True,True,True,True,True,True
US.NVEC,NVEC,NVE Corp,89,76.472,69.574,67.966,430507774,57.906,-19.112,56.36264613,110.0286816,16.38246679,9.914623279,2.365888827,True,True,True,True,True,True
US.NVGS,NVGS,Navigator,23.407,20.543,18.624,17.934,1444730194,75.871,-1.381,13.30918685,23.73477727,13.94148858,10.30390893,3.847440616,True,True,True,True,True,True
US.NVMI,NVMI,Nova,525.57,483.804,408.937,377.384,1.670417659e+10,193.614,-6.978,179.0003201,564.9953774,8.632834784,18.30770999,8.360979798,True,True,True,True,True,True
US.NVRI,NVRI,Enviri,19.38,19.036,17.506,15.892,1602834567,163.673,-3.027,7.350013084,19.98494426,1.807102332,8.739860619,10.15605336,True,True,True,True,True,True
US.NVT,NVT,nVent Electric,169.415,134.366,116.607,110.608,2.739787038e+10,170.412,-3.191,62.65069598,174.9992253,26.08472381,15.22978895,5.423658325,True,True,True,True,True,True
US.NVTS,NVTS,纳微半导体,20.535,12.778,10.641,9.654,4799299864,992.287,-13.79,1.880000403,23.81974249,60.70590077,20.08269899,10.22374145,True,True,True,True,True,True
US.NWE,NWE,NorthWestern,69.64,69.437,66.36,63.59,4283418234,42.413,-7.368,48.90003019,75.17920373,0.2923513401,4.636829415,4.356030822,True,True,True,True,True,True
US.NWPP,NWPP,NEW PEOPLES BANKSHARES INC,4.25,3.958,3.381,3.238,100110947.2,46.156,0,2.907851884,4.25,7.377463365,17.06595682,4.416306362,True,True,True,True,True,True
US.NWPX,NWPX,NWPX 基础设施,112.082,86.497,71.411,66.239,1080130312,195.028,-1.915,37.99029245,114.2702758,29.57906055,21.1255969,7.80808889,True,True,True,True,True,True
US.NXDT,NXDT,NexPoint Diversified Real Estate Trust,4.969,4.747,3.983,3.895,249516032.9,111.425,-9.499,2.350242403,5.490547066,4.676637877,19.18152147,2.259306804,True,True,True,True,True,True
US.NXPI,NXPI,恩智浦,291.62,228.265,222.667,222.373,7.362561606e+10,60.897,-4.892,181.2463874,306.6198427,27.75502158,2.514068093,0.1322102953,True,True,True,True,True,True
US.NXT,NXT,Nextpower,143.19,118.372,105.471,95.909,2.126025596e+10,177.016,-8.668,51.69015508,156.779661,20.96610685,12.23179831,9.96986727,True,True,True,True,True,True
US.NYAX,NYAX,Nayax,63.71,62.54,53.88,52.157,2381361236,65.48,-14.86,38.50012086,74.82969227,1.870802686,16.07275427,3.303487547,True,True,True,True,True,True
US.NYMTO,NYMTO,New York Mortgage Trust 7.875% Series C Preferred Stock,25.06,24.741,23.846,22.946,104796083.4,38.497,-0.531,18.09425475,25.19377897,1.289357746,3.753250021,3.922252244,True,True,True,True,True,True
US.OBE,OBE,Obsidian Energy,13.08,10.658,7.874,7.441,873440125.4,185.589,-10.349,4.580008334,14.58990976,22.72471383,35.35687071,5.819110335,True,True,True,True,True,True
US.OBK,OBK,Origin Bancorp,45.46,43.574,39.995,38.983,1404900068,43.384,-5.014,31.7050717,47.85968459,4.328269151,8.948618577,2.596003386,True,True,True,True,True,True
US.OCC,OCC,Optical Cable,11.985,9.691,7.591,7.471,105846702,391.188,-14.086,2.440002606,13.94999651,23.67144774,27.66433935,1.606210681,True,True,True,True,True,True
US.OCS,OCS,Oculis,29.795,27.373,24.435,22.746,1799262635,86.218,-13.575,16.00006444,34.4749783,8.848135024,12.02373644,7.425481403,True,True,True,True,True,True
US.ODC,ODC,美国石油勘探,77.66,69.239,60.86,60.808,1124517344,71.288,-1.938,45.33884452,79.19479513,12.16222071,13.76766349,0.08551506381,True,True,True,True,True,True
US.ODFL,ODFL,Old Dominion Freight Line,200.51,199.8,174.313,167.206,4.169972042e+10,59.66,-14.234,125.5856194,233.7872817,0.3553553554,14.62139944,4.250445558,True,True,True,True,True,True
US.OFED,OFED,Oconee Federal Financial,18.35,15.816,13.904,13.579,102910378.2,61.576,0,11.35688469,18.35,16.02175013,13.75143843,2.393401576,True,True,True,True,True,True
US.OHI,OHI,Omega Healthcare Investors,47.425,45.787,43.893,42.831,1.412325985e+10,41.376,-2.093,33.54529765,48.4388246,3.577434643,4.315038844,2.479512503,True,True,True,True,True,True
US.OII,OII,国际海洋工程,37.485,36.428,30.242,28.601,3738950659,103.17,-6.567,18.45006645,40.11965794,2.901614143,20.45499636,5.737561624,True,True,True,True,True,True
US.OJIPY,OJIPY,OJI HOLDINGS CORP ADR(EACH CNV INTO 10 ORD)NPV,55.39,52.908,49.062,46.174,4855687358,42.757,-1.071,38.80019894,55.98964914,4.691162017,7.83906078,6.254602157,True,True,True,True,True,True
US.OKE,OKE,欧尼克(万欧卡),91.39,87.043,77.533,75.896,5.757870234e+10,46.441,-2.953,62.40738591,94.17086566,4.994083384,12.26574491,2.156898914,True,True,True,True,True,True
US.OLN,OLN,欧林,27.08,27.056,23.591,23.295,3084351585,54.888,-10.477,17.48360105,30.2492097,0.08870490834,14.68780467,1.27065894,True,True,True,True,True,True
US.OLPX,OLPX,Olaplex,2.03,1.823,1.506,1.477,1364245617,104.575,-0.49,0.9923011121,2.03999598,11.35490949,21.04913679,1.963439404,True,True,True,True,True,True
US.OMRNY,OMRNY,欧姆龙(ADR),36.34,31.613,28.779,28.291,7145527223,56.435,-10.843,23.23009557,40.75955898,14.95270933,9.847458216,1.72493019,True,True,True,True,True,True
US.OMVKY,OMVKY,OMV AG SPON ADR-EACH 5 REP 0.25 NPV(LEVEL 1),18.218,17.561,15.435,14.953,2.375569702e+10,53.42,-2.475,11.87459262,18.68033837,3.741244804,13.77389051,3.223433425,True,True,True,True,True,True
US.ON,ON,安森美半导体,113.613,78.676,64.175,60.587,4.45084454e+10,179.591,-4.643,40.63542818,119.1448976,44.40617215,22.59602649,5.922062489,True,True,True,True,True,True
US.ONTO,ONTO,Onto Innovation,273.87,246.366,195.533,175.255,1.362227582e+10,206.319,-13.338,89.40679488,316.0208627,11.16387813,25.99714626,11.5705686,True,True,True,True,True,True
US.OOMA,OOMA,Ooma,18.75,15.561,12.927,12.719,515150183.8,91.472,-4.141,9.792554525,19.55997872,20.49354155,20.3759573,1.635348691,True,True,True,True,True,True
US.OPHLY,OPHLY,小野药品工业(ADR),5.374,5.071,4.781,4.536,7575898395,61.366,-6.547,3.330317415,5.750484201,5.97515283,6.065676637,5.401234568,True,True,True,True,True,True
US.OPLN,OPLN,OPENLANE,35.365,30.674,28.894,28.73,3746784039,61.927,-8.19,21.84008843,38.51976909,15.29308209,6.160448536,0.570831883,True,True,True,True,True,True
US.ORA,ORA,奥玛特科技,130.705,113.811,113.703,108.452,8032051245,86.257,-5.638,70.17454378,138.5144444,14.84390788,0.09498430121,4.841773319,True,True,True,True,True,True
US.ORANY,ORANY,ORANGE SPON ADR EACH REPR 1 ORD SHS,21.26,20.581,18.382,17.738,5.653635571e+10,56.97,-2.7,13.5439893,21.84994861,3.299159419,11.96278969,3.63062352,True,True,True,True,True,True
US.ORMP,ORMP,Oramed Pharmaceuticals,4.64,3.741,3.12,2.868,187670270.6,152.01,-7.385,1.841196778,5.009987583,24.03100775,19.90384615,8.786610879,True,True,True,True,True,True
US.ORN,ORN,Orion Group,15.425,12.186,11.368,10.427,624392863.1,139.518,-2.681,6.440017034,15.84993681,26.5796816,7.195636875,9.02464755,True,True,True,True,True,True
US.OSS,OSS,One Stop Systems,16.69,10.235,8.351,7.69,413392416.8,604.215,-3.693,2.370014839,17.32999678,63.06790425,22.56017243,8.595578674,True,True,True,True,True,True
US.OTSKY,OTSKY,大冢控股(ADR),35.525,34.45,30.958,30.003,3.746598291e+10,63.86,-5.317,21.68009276,37.51993494,3.120464441,11.27979844,3.183015032,True,True,True,True,True,True
US.OUT,OUT,Outfront Media Inc.,31.27,29.089,24.871,23.101,5505505958,114.228,-10.554,14.59659802,34.95964045,7.497679535,16.95951108,7.662005974,True,True,True,True,True,True
US.OUTKY,OUTKY,OUTOKUMPU OYJ ADR EACH REPR 0.5 ORD UNSPON (POST R/S),3.167,2.733,2.035,1.938,2985470764,104.267,-8.119,1.550421752,3.44684973,15.87998536,34.2997543,5.005159959,True,True,True,True,True,True
US.OVBC,OVBC,俄亥俄河谷银行,45.6,43.966,40.755,39.451,214821645.6,69.841,-2.699,26.84864079,46.8648832,3.716508211,7.878787879,3.30536615,True,True,True,True,True,True
US.OVCHY,OVCHY,OVERSEA-CHINESE BANKING CORP UNSP ADR EACH REP 2 ORD,35.84,33.747,30.815,29.442,8.046014183e+10,55.321,-3.061,23.07479349,36.97170386,6.202032773,9.514846666,4.663406019,True,True,True,True,True,True
US.OVID,OVID,Ovid Therapeutics,2.675,2.537,1.887,1.7,499262272.9,890.373,-13.848,0.2701002552,3.10497725,5.439495467,34.44621092,11,True,True,True,True,True,True
US.OVV,OVV,Ovintiv,59.502,57.461,46.392,44.808,1.672105639e+10,75.356,-6.237,33.93211524,63.46000021,3.551974383,23.85971719,3.535083021,True,True,True,True,True,True
US.OXY,OXY,西方石油,58.834,58.453,48.277,47.446,5.852430581e+10,52.369,-12.765,38.61284119,67.44311343,0.6518057243,21.0783603,1.751464823,True,True,True,True,True,True
US.PAA,PAA,Plains All American Pipeline,22.685,21.572,18.875,18.25,1.600498623e+10,53.929,-0.722,14.73731396,22.84997683,5.159465974,14.28874172,3.424657534,True,True,True,True,True,True
US.PAAS,PAAS,泛美白银,56.575,55.728,51.435,47.131,2.383787625e+10,152.993,-18.954,22.3622788,69.80603608,1.519882285,8.346456693,9.131993805,True,True,True,True,True,True
US.PACS,PACS,PACS Group,38.37,34.289,31.074,26.248,6072911067,411.599,-10.933,7.50001466,43.07992859,11.90177608,10.34627019,18.38616276,True,True,True,True,True,True
US.PAGP,PAGP,Plains GP Holdings,24.38,23.317,20.222,19.572,5682880488,55.083,-0.57,15.72061412,24.51976265,4.55890552,15.30511324,3.321070918,True,True,True,True,True,True
US.PANL,PANL,Pangaea Logistics Solutions,8.39,7.482,7.151,6.64,548831204,103.11,-10.649,4.13076658,9.38993408,12.13579257,4.628723255,7.695783133,True,True,True,True,True,True
US.PBA,PBA,Pembina Pipeline,48.61,44.737,40.84,39.931,2.826355535e+10,42.437,-0.102,34.12736859,48.65963283,8.657263563,9.542115573,2.276426836,True,True,True,True,True,True
US.PBAM,PBAM,PRIVATE BANCORP OF AMERICA INC,73.75,70.563,63.003,61.769,421484863.8,38.497,-6.086,53.25025091,78.52929276,4.516531327,11.9994286,1.99776587,True,True,True,True,True,True
US.PBCO,PBCO,PBCO FINL CORP,20.75,18.899,17.084,16.316,106330407.8,53.005,0,13.56164831,20.75,9.794169004,10.62397565,4.707036038,True,True,True,True,True,True
US.PBFS,PBFS,Pioneer Bancorp,14.71,14.113,13.857,13.635,368879742.7,30.871,-3.096,11.24007611,15.17997193,4.230142422,1.847441726,1.628162816,True,True,True,True,True,True
US.PBNC,PBNC,PB FINL CORP,75,59.579,52.019,49.613,226234425,67.235,0,44.84707149,75,25.88328102,14.53315135,4.849535404,True,True,True,True,True,True
US.PBT,PBT,帕米亚盆地皇室信托,27.95,22.244,19.563,18.856,1302715848,164.65,-4.931,10.56111846,29.39969917,25.65186118,13.70444206,3.749469665,True,True,True,True,True,True
US.PBYI,PBYI,Puma Biotechnology,6.96,6.908,6.214,5.838,354260213.8,129.702,-11.879,3.030012799,7.898230842,0.7527504343,11.16832958,6.440561836,True,True,True,True,True,True
US.PCFBY,PCFBY,太平洋航运(ADR),8.36,7.821,7.004,6.609,2158045300,86.231,-6.525,4.489048547,8.943567799,6.891701828,11.66476299,5.976698442,True,True,True,True,True,True
US.PCRHY,PCRHY,PANASONIC HOLDINGS CORP UNSPON ADR EACH REP 1 ORD,20.86,18.288,14.906,13.825,4.870164848e+10,124.302,-5.78,9.299961659,22.13967311,14.06386702,22.68885013,7.819168174,True,True,True,True,True,True
US.PDEX,PDEX,Pro-Dex,59.95,51.145,41.967,41.41,191405902.1,155.432,-2.71,23.47004291,61.61989927,17.21575912,21.86956418,1.345085728,True,True,True,True,True,True
US.PDFS,PDFS,PDF Solutions,45.29,39.453,33.056,30.244,1864696954,161.035,-19.783,17.35016377,56.459354,14.79481915,19.35200871,9.297711943,True,True,True,True,True,True
US.PDLB,PDLB,PDL Community Bancorp,17.55,17.158,16.342,15.916,404581782.1,37.002,-2.77,12.81003197,18.04998457,2.28464856,4.993268878,2.676551897,True,True,True,True,True,True
US.PEB,PEB,Pebblebrook Hotel Trust,14.005,13.34,12.13,11.81,1587736136,61.733,-5.658,8.659333593,14.84492591,4.985007496,9.975267931,2.709568163,True,True,True,True,True,True
US.PEBK,PEBK,北加利福尼亚国民银行,40.27,39.576,36.003,34.478,219934202.3,53.656,-5.524,26.20789296,42.6245819,1.753588033,9.924172986,4.423110389,True,True,True,True,True,True
US.PFG,PFG,信安金融,100.11,93.691,89.265,86.555,2.162499976e+10,37.29,-2.805,72.91863938,102.9991255,6.85124505,4.958270319,3.130957195,True,True,True,True,True,True
US.PFIS,PFIS,人民金服,56.835,55.466,51.563,50.925,568965418.4,33.363,-5.053,42.61676777,59.85971121,2.468178704,7.569381145,1.252822779,True,True,True,True,True,True
US.PFLC,PFLC,PACIFIC FINANCIAL CORP,16.4,13.601,12.475,12.011,164393600,64.55,-3.523,9.966575509,16.9988702,20.57936916,9.026052104,3.863125468,True,True,True,True,True,True
US.PFS,PFS,Provident Financial Services,21.49,21.431,20.381,19.945,2800441134,41.465,-8.432,15.19103665,23.46889743,0.2753021324,5.151857122,2.186011532,True,True,True,True,True,True
US.PGC,PGC,皮帕克格拉德斯通金融,41.5,37.958,32.067,30.947,735312687,71.099,-5.206,24.2549635,43.77914214,9.331366247,18.37091091,3.619090703,True,True,True,True,True,True
US.PGUCY,PGUCY,PROSEGUR CASH UNSPON ADS EACH REP 5 ORD SHS,3.595,3.285,2.574,2.567,1051570951,67.735,-20.763,2.143261693,4.537021846,9.436834094,27.62237762,0.2726918582,True,True,True,True,True,True
US.PHIN,PHIN,Phinia,77.11,70.835,64.902,62.586,2854655227,89.467,-4.714,40.69838019,80.92479483,8.858615091,9.141474839,3.700508101,True,True,True,True,True,True
US.PHVS,PHVS,Pharvaris,29.62,28.227,26.284,25.433,2052147235,91.591,-11.131,15.46001639,33.32995758,4.93499132,7.392329935,3.346046475,True,True,True,True,True,True
US.PKBK,PKBK,帕克合众银行,30.11,29.035,25.934,24.766,353218904.5,65.309,-4.26,18.21437429,31.44975977,3.702428104,11.95727616,4.716143099,True,True,True,True,True,True
US.PKE,PKE,帕克航空航天,33.225,30.781,24.832,23.282,662034638.5,156.128,-7.348,12.97202961,35.85999223,7.939962964,23.95699098,6.657503651,True,True,True,True,True,True
US.PKOH,PKOH,帕克俄亥俄控股,30.65,26.478,23.612,22.616,441303879.9,100.581,-3.978,15.28060983,31.91976839,15.75647708,12.13789599,4.403961797,True,True,True,True,True,True
US.PKST,PKST,Peakstone Realty Trust(已退市),20.99,20.897,16.928,15.954,781531920.6,85.201,-0.047,11.33363211,20.99986994,0.4450399579,23.44636106,6.105052025,True,True,True,True,True,True
US.PKX,PKX,浦项钢铁,78.61,67.197,60.027,57.757,2.32464948e+10,91.858,-14.924,40.97301129,92.39973671,16.98438918,11.94462492,3.930259536,True,True,True,True,True,True
US.PL,PL,Planet Labs PBC,42.293,33.955,23.727,20.105,1.507308e+10,1118.829,-2.661,3.469969947,43.44918275,24.55603004,43.10700889,18.01541905,True,True,True,True,True,True
US.PLAB,PLAB,福尼克斯,50.125,44.09,34.879,31.76,2955690499,202.139,-10.491,16.5900463,55.99995531,13.68791109,26.40844061,9.820528967,True,True,True,True,True,True
US.PLBC,PLBC,Plumas Bancorp,51.085,50.08,46.875,45.618,355967227.6,31.297,-5.195,38.907972,53.8842888,2.006789137,6.837333333,2.755491253,True,True,True,True,True,True
US.PLD,PLD,安博,140.58,137.009,130.976,125.518,1.31068076e+11,41.199,-3.341,99.56161163,145.439121,2.60639812,4.606187393,4.348380312,True,True,True,True,True,True
US.PLGO,PLGO,Pelagos Insurance,23.24,19.992,19.134,18.571,1986944633,60.961,-1.546,14.43828008,23.60493225,16.2464986,4.484164315,3.031608422,True,True,True,True,True,True
US.PLOW,PLOW,Douglas Dynamics,44.645,44.077,37.886,36.211,1032424197,72.879,-14.685,25.82442055,52.32960206,1.288653947,16.34112865,4.625666234,True,True,True,True,True,True
US.PLPC,PLPC,Preformed Line Products,343.53,304.573,255.349,238.21,1679178762,158.813,-7.603,132.7328998,371.7977856,12.79069386,19.27714618,7.194912052,True,True,True,True,True,True
US.PLSE,PLSE,Pulse Biosciences,24.29,21.326,17.848,17.505,1681103904,93.391,-13.187,12.56004674,27.97968046,13.89852762,19.48677723,1.95944016,True,True,True,True,True,True
US.PLUG,PLUG,普拉格能源,3.62,2.771,2.485,2.361,5050010570,388.317,-20.962,0.7413217234,4.580075407,30.63875857,11.50905433,5.252011859,True,True,True,True,True,True
US.PLXS,PLXS,普雷克萨斯,256.4,226.156,184.682,172.873,6860346344,122.28,-7.044,115.350009,275.8294247,13.37306992,22.45698011,6.831026245,True,True,True,True,True,True
US.PM,PM,菲利普莫里斯,191.415,166.698,163.473,162.594,2.983315415e+11,37.136,-0.795,139.5804165,192.9489441,14.82741245,1.972802848,0.5406103546,True,True,True,True,True,True
US.PNRG,PNRG,PrimeEnergy Resources,262,223.038,187.334,181.108,423916000,107.278,0,126.4002933,262,17.46877214,19.05900691,3.437727765,True,True,True,True,True,True
US.PNTG,PNTG,Pennant Group,36.375,31.925,29.513,28.306,1264669886,67.395,-3.103,21.73003973,37.53986192,13.93891934,8.172669671,4.264113615,True,True,True,True,True,True
US.POET,POET,POET Technologies,18.955,8.306,7.017,6.671,2896931123,390.18,-8.841,3.866946836,20.79333911,128.208524,18.36967365,5.186628691,True,True,True,True,True,True
US.POWI,POWI,帕沃英蒂格盛,71.04,58.821,46.738,45.92,3958347663,132.675,-12.929,30.53185774,81.58858862,20.77319325,25.85262527,1.781358885,True,True,True,True,True,True
US.POWL,POWL,Powell Industries,290.97,226.389,163.973,145.89,1.060051691e+10,432.678,-11.289,54.62399423,327.9976553,28.52656269,38.06480335,12.3949551,True,True,True,True,True,True
US.PPBN,PPBN,PINNACLE BANKSHARES CORP,52,48.202,42.708,40.019,115714352,65.158,-1.421,31.48500224,52.74957141,7.879341106,12.8641004,6.719308329,True,True,True,True,True,True
US.PPIH,PPIH,Perma-Pipe International Holdings,32.535,31.209,30.034,29.147,264287437.7,160.276,-11.398,12.5001921,36.72039006,4.248774392,3.912232803,3.04319484,True,True,True,True,True,True
US.PPLL,PPLL,PEOPLES,59.5,59.293,48.818,43.69,107970723,68.68,-14.535,35.27389139,69.61914234,0.3491137234,21.45724938,11.73723964,True,True,True,True,True,True
US.PR,PR,Permian Resources,20.53,20.419,16.437,15.616,1.718952519e+10,75.557,-9.459,11.69420758,22.67481031,0.5436113424,24.22583196,5.257428279,True,True,True,True,True,True
US.PRAX,PRAX,Praxis Precision Medicines,335.75,319.303,273.135,216.729,9360298370,853.564,-6.413,35.21001212,358.7570923,5.150906819,16.90299669,26.02605097,True,True,True,True,True,True
US.PRLB,PRLB,Proto Labs,72.44,61.84,56.88,54.868,1723640620,100.387,-0.916,36.15004965,73.10968471,17.14100906,8.720112518,3.666982576,True,True,True,True,True,True
US.PRM,PRM,Perimeter Solutions,33.03,26.619,26.317,24.872,5388086891,186.097,-5.331,11.54503543,34.88998511,24.08430069,1.147547213,5.809745899,True,True,True,True,True,True
US.PRSU,PRSU,Pursuit Attractions and Hospitality,41.98,39.297,36.511,36.23,1146830210,57.464,-7.675,26.66006198,45.46980774,6.827493193,7.630577086,0.7756003312,True,True,True,True,True,True
US.PRYMY,PRYMY,PRYSMIAN SPA UNSP ADR EACH REPR 0.50 ORD EUR0.10,88.71,68.023,57.824,54.734,5.088612277e+10,193.384,-4.345,30.23682273,92.7395327,30.41177249,17.63800498,5.645485439,True,True,True,True,True,True
US.PSIG,PSIG,PS International Group,7.28,6.246,5.117,4.713,111941444.2,226.164,-1.754,2.232005985,7.409970889,16.55459494,22.0637092,8.572034797,True,True,True,True,True,True
US.PSMT,PSMT,普尔斯玛特,158.96,153.436,138.985,132.502,4911208926,60.61,-3.925,98.97266671,165.4540723,3.600198128,10.39752491,4.892756336,True,True,True,True,True,True
US.PSTL,PSTL,Postal Realty Trust,22.54,20.204,17.594,16.878,588558136.7,84.538,-4.475,12.21428649,23.5959173,11.56206692,14.83460271,4.242208793,True,True,True,True,True,True
US.PSX,PSX,Phillips 66,174.445,170.992,149.985,144.168,6.994110956e+10,63.211,-8.48,106.8831145,190.6086101,2.01939272,14.00606727,4.034875978,True,True,True,True,True,True
US.PSZKY,PSZKY,POWSZECHNA KASA OSZCZED BK POLSKI UNSP ADR EA REPR 1 ORD SHS PLN1,26.342,25.741,24.039,23.219,3.29275e+10,56.579,-12.301,16.82345653,30.03683052,2.334796628,7.080161404,3.531590508,True,True,True,True,True,True
US.PTEN,PTEN,Patterson-UTI Energy,12.235,10.886,8.071,7.398,4644621984,146.143,-3.05,4.970687771,12.61990717,12.3920632,34.87795812,9.097053258,True,True,True,True,True,True
US.PTGX,PTGX,Protagonist Therapeutics,102.06,100.776,89.674,82.083,6563618728,131.743,-5.359,44.04016518,107.8390972,1.274112884,12.38040012,9.247956337,True,True,True,True,True,True
US.PTRRY,PTRRY,PRIO S.A. SPON ADS EACH REP 1 ORD SHS,13.5,12.869,9.727,9.134,1.085782726e+10,107.055,-6.054,6.520006761,14.36995721,4.903255886,32.30184024,6.492226845,True,True,True,True,True,True
US.PUGBY,PUGBY,PUIG BRANDS SA UNSPON ADS EACH REP 0.5 ORD,10.57,10.061,9.281,9.176,1.190816959e+10,41.215,-11.548,7.485040541,11.94998417,5.059139251,8.404266782,1.144289451,True,True,True,True,True,True
US.PUK,PUK,英国保诚,30.575,29.826,29.676,28.886,3.895581813e+10,40.747,-8.963,21.72337599,33.58524556,2.511231811,0.5054589567,2.734888874,True,True,True,True,True,True
US.PUMP,PUMP,ProPetro Holding,17.17,15.003,11.622,9.966,2106559648,280.931,-7.135,4.507377977,18.48920476,14.44377791,29.09137842,16.61649609,True,True,True,True,True,True
US.PUMSY,PUMSY,PUMA SE UNSPON ADR EACH REP 0.1 ORD SHS,3.01,2.697,2.501,2.443,4430988040,76.023,-1.954,1.710003806,3.069987557,11.60548758,7.836865254,2.374130168,True,True,True,True,True,True
US.PUTRY,PUTRY,PTT PUBLIC COMPANY UNSP ADR EACH REP 5 ORD SHS,5.52,5.204,4.704,4.569,3.127006678e+10,33.797,-13.75,4.125653042,6.4,6.072252114,10.6292517,2.954694682,True,True,True,True,True,True
US.PWR,PWR,广达服务,773.185,623.843,517.411,485.966,1.160242563e+11,141.43,-1.973,320.252247,788.7469779,23.93903594,20.57010771,6.470617286,True,True,True,True,True,True
US.QBIEY,QBIEY,QBE INSURANCE GROUP SPON ADR EA REPR 1 ORD SHS,16.53,15.549,13.643,13.477,2.469622446e+10,41.668,-2.477,11.66812548,16.94984773,6.309087401,13.97053434,1.231728129,True,True,True,True,True,True
US.QEPC,QEPC,Q.E.P. CO INC,50,46.002,40.306,39.621,156774650,44.003,-1.511,34.72149886,50.76709074,8.690926481,14.13189103,1.728881149,True,True,True,True,True,True
US.QNBC,QNBC,QNB CORP,43.9,41.018,37.001,36.019,218005512.3,40.955,-4.565,31.14469157,45.99989522,7.026183627,10.85646334,2.726338877,True,True,True,True,True,True
US.QTTB,QTTB,Q32 Bio,6.18,6.003,4.25,3.67,104790644.7,359.479,-23.182,1.345001621,8.044989456,2.948525737,41.24705882,15.80381471,True,True,True,True,True,True
US.QUAD,QUAD,Quad/Graphics,7.21,7.133,6.383,6.328,371744160.8,49.673,-16.55,4.817168093,8.639904134,1.079489696,11.74996083,0.8691529709,True,True,True,True,True,True
US.QUIK,QUIK,快辑半导体,19.59,12.582,8.877,8.105,357023949.5,308.125,-13.662,4.8,22.68989321,55.69861707,41.73707334,9.524984577,True,True,True,True,True,True
US.R,R,莱德系统,230.09,218.091,198.554,194.521,8902416332,62.9,-11.162,141.2461633,258.9995272,5.501831804,9.839640602,2.073297999,True,True,True,True,True,True
US.RAASY,RAASY,容联云,2.2,1.913,1.756,1.651,122357956.6,1366.666,-12.698,0.1500000682,2.519988087,15.0026137,8.940774487,6.35978195,True,True,True,True,True,True
US.RAIFY,RAIFY,RAIFFEISEN BANK INTERNATIONAL UNSP ADR EA REPR 0.25 ORD SHS,13.829,12.067,10.935,10.247,1.816205946e+10,115.336,-7.189,6.422056693,14.90017347,14.60180658,10.35208048,6.714160242,True,True,True,True,True,True
US.RAPP,RAPP,Rapport Therapeutics,36.745,33.244,29.605,27.37,1757400506,375.355,-13.067,7.730012307,42.26818354,10.53122368,12.29184259,8.165875046,True,True,True,True,True,True
US.RBB,RBB,RBB Bancorp,23.225,22.334,20.99,20.441,393335998.8,50.348,-5.971,15.44749514,24.69982665,3.989433151,6.403049071,2.685778582,True,True,True,True,True,True
US.RBC,RBC,RBC轴承,611.21,575.955,505.334,476.325,1.932582515e+10,74.039,-3.289,351.1913996,631.9963603,6.121137936,13.97511349,6.090169527,True,True,True,True,True,True
US.RBKB,RBKB,Rhinebeck Bancorp,15.77,15.705,13.223,13.055,176150600.4,67.587,-12.34,9.410037771,17.98996121,0.4138809296,18.77032443,1.286863271,True,True,True,True,True,True
US.RBSFY,RBSFY,RUBIS SCA UNSP ADR EACH REP 0.20 SHS,8.7,8.357,7.841,7.533,4470895156,50.55,-0.684,5.778811026,8.759917838,4.104343664,6.580793266,4.08867649,True,True,True,True,True,True
US.RCUS,RCUS,Arcus Biosciences,23.985,23.464,22,19.352,3016669291,203.223,-16.486,7.910020018,28.71973561,2.220422775,6.654545455,13.68334022,True,True,True,True,True,True
US.RDNW,RDNW,RideNow Group,7.93,6.774,5.772,5.229,305996305.7,443.15,-3.527,1.460001841,8.219916453,17.06524948,17.35966736,10.38439472,True,True,True,True,True,True
US.RELL,RELL,理查森电子,18.44,12.997,11.744,11.234,268429641.7,117.6,-7.15,8.474264706,19.85998923,41.87889513,10.66927793,4.539789923,True,True,True,True,True,True
US.REPX,REPX,Riley Exploration Permian,36.3,35.296,29.389,28.637,787562876.1,55.539,-11.026,23.33819814,40.7984355,2.844514959,20.0993569,2.625973391,True,True,True,True,True,True
US.REPYY,REPYY,REPSOL SA SPON ADR-EACH CNV INTO 1 ORD(BNY),26.26,26.24,21.289,20.009,2.8871253e+10,118.273,-9.698,12.03080546,29.08019756,0.0762195122,23.25614167,6.397121295,True,True,True,True,True,True
US.RES,RES,RPC Inc,7.015,7.003,6.003,5.634,1554790114,71.457,-13.523,4.091404842,8.111983533,0.1713551335,16.6583375,6.549520767,True,True,True,True,True,True
US.REX,REX,REX American Resources,49.22,44.665,37.124,35.238,1621194480,153.189,-7.758,19.44002307,53.35964094,10.19814172,20.31300506,5.352176628,True,True,True,True,True,True
US.RFIL,RFIL,RF Industries,17.69,12.89,9.691,9.147,191304383.2,344.472,-6.894,3.98000324,18.99984963,37.23816912,33.01000929,5.947305127,True,True,True,True,True,True
US.RHHBY,RHHBY,罗氏(ADR),51.3,50.488,49.687,47.247,3.265214782e+11,40.969,-13.101,36.39097958,59.03405102,1.608302963,1.612091694,5.164349059,True,True,True,True,True,True
US.RIG,RIG,Transocean,6.8,6.454,5.169,4.663,7591799997,190.598,-4.761,2.34000234,7.139932171,5.361016424,24.85974076,10.85138323,True,True,True,True,True,True
US.RILY,RILY,BRC Group Holdings Inc,9.02,7.695,6.565,6.406,334917939.8,223.877,-17.775,2.785007889,10.96989967,17.21897336,17.21249048,2.48204808,True,True,True,True,True,True
US.RILYG,RILYG,BRC GP HLDGS INC 5.00% SENIOR NOTES DUE (31/12/2026),24.13,23.137,20.713,20.233,511961384,271.921,-1.066,6.487936954,24.38999737,4.291826944,11.70279535,2.372361983,True,True,True,True,True,True
US.RILYZ,RILYZ,BRC GP HLDGS INC 5.25% SENIOR NOTES DUE 31/08/2028,19.8,16.922,13.822,13.272,420092640,343.852,-0.05,4.460946442,19.80990495,17.00744593,22.42801331,4.144062688,True,True,True,True,True,True
US.RIO,RIO,力拓,103.39,96.196,84.646,78.728,1.68089363e+11,95.59,-8.189,52.86057569,112.6117785,7.478481434,13.64506297,7.517020628,True,True,True,True,True,True
US.RIOT,RIOT,Riot Platforms,23.42,17.08,16.581,16.223,8856301807,195.334,-9.435,7.930004673,25.85987964,37.11943794,3.009468669,2.206743512,True,True,True,True,True,True
US.RKLB,RKLB,Rocket Lab,124.85,79.247,70.593,64.937,7.22570611e+10,421.941,-6.254,23.92032816,133.1790156,57.54539604,12.25900585,8.709980443,True,True,True,True,True,True
US.RLGT,RLGT,Radiant Logistics,8.35,7.675,6.945,6.748,391044411.1,44.463,-4.352,5.78002672,8.729926397,8.794788274,10.51115911,2.919383521,True,True,True,True,True,True
US.RLJ,RLJ,RLJ Lodging Trust,8.875,7.938,7.517,7.39,1348376318,41.216,-3.005,6.284698618,9.149956183,11.80398085,5.600638553,1.718538566,True,True,True,True,True,True
US.RLMD,RLMD,Relmada Therapeutics,7.08,6.912,4.803,3.921,742622778.8,1526.09,-11.5,0.4354002546,8,2.430555556,43.91005621,22.49426167,True,True,True,True,True,True
US.RMBS,RMBS,Rambus,127.66,109.49,103.46,98.83,1.380476521e+10,144.934,-21.1,52.12016298,161.7997465,16.59512284,5.828339455,4.684812304,True,True,True,True,True,True
US.RMIX,RMIX,Suncrete,17.8,13.255,11.996,11.804,1274509406,93.478,-5.066,9.200012405,18.74986833,34.28894757,10.49516506,1.626567265,True,True,True,True,True,True
US.RMR,RMR,The RMR Group,19.03,16.716,15.53,15.395,610737040.4,49.202,-6.81,12.75452072,20.42064599,13.84302465,7.636831938,0.876908087,True,True,True,True,True,True
US.RMYHY,RMYHY,RAMSAY HEALTH CARE UNSP ADR EACH REPR 0.25 ORD,6.975,6.802,5.949,5.752,6440151727,66.128,-2.787,4.198569778,7.174966311,2.543369597,14.33854429,3.424895688,True,True,True,True,True,True
US.RNECY,RNECY,瑞萨电子(ADR),11.62,8.856,7.777,7.321,4.216420957e+10,111.272,-6.29,5.500018933,12.39995732,31.21047877,13.87424457,6.228657287,True,True,True,True,True,True
US.RNG,RNG,RingCentral,40.55,39.645,32.573,31.805,3400466392,72.202,-16.512,23.54792627,48.56985435,2.28275949,21.71123323,2.414714668,True,True,True,True,True,True
US.ROG,ROG,罗杰斯,140,118.58,101.606,95.732,2498794900,128.889,-3.087,61.16501885,144.4594636,18.06375443,16.70570636,6.13587933,True,True,True,True,True,True
US.ROHCY,ROHCY,罗姆半导体(ADR),28,22.191,17.565,16.763,1.080898193e+10,193.809,0,9.530000783,28,26.17727908,26.33646456,4.784346477,True,True,True,True,True,True
US.ROIV,ROIV,Roivant Sciences,28.79,28.363,24.208,21.491,2.060503573e+10,172.117,-5.077,10.58000786,30.3298463,1.505482495,17.16374752,12.64250151,True,True,True,True,True,True
US.ROK,ROK,罗克韦尔自动化,448.97,394.177,391.708,379.136,4.995866668e+10,51.965,-3.131,295.4430296,463.4816092,13.9006081,0.6303164602,3.3159605,True,True,True,True,True,True
US.ROKU,ROKU,Roku Inc,124.1,107.58,102.589,100.594,1.83287945e+10,83.395,-5.548,67.66814799,131.3894888,15.35601413,4.865044011,1.983219675,True,True,True,True,True,True
US.RPRX,RPRX,Royalty Pharma,52.46,48.202,42.65,40.893,3.020815742e+10,66.674,-1.455,31.47461512,53.23456289,8.833658354,13.01758499,4.296578877,True,True,True,True,True,True
US.RRTS,RRTS,Roadrunner Transportation Systems,3.51,3.107,2.736,2.649,137217202.2,114.024,-23.026,1.64000299,4.559981292,12.9707113,13.55994152,3.284258211,True,True,True,True,True,True
US.RS,RS,Reliance,360.195,327.822,308.232,302.471,1.838742238e+10,39.557,-5.46,258.0988413,380.9974614,9.875176163,6.355602274,1.904645404,True,True,True,True,True,True
US.RSHGY,RSHGY,RESONA HOLDINGS UNSPON ADS EACH REP 0.5 ORD,25.82,23.649,22.091,21.575,2.908444142e+10,57.554,-10.502,16.38803204,28.8498067,9.180092181,7.052645874,2.39165701,True,True,True,True,True,True
US.RSVR,RSVR,Reservoir Media,10.095,9.86,8.343,8.21,662234210.8,44.835,-3.211,6.970000345,10.42990422,2.38336714,18.18290783,1.619975639,True,True,True,True,True,True
US.RUSHA,RUSHA,Rush Enterprises-A,69.56,68.824,61.529,60.001,5405666962,53.697,-9.413,45.25787751,76.7880601,1.069394397,11.85619789,2.546624223,True,True,True,True,True,True
US.RVMD,RVMD,Revolution Medicines,144.835,120.485,95.423,81.767,3.079140857e+10,325.985,-6.978,34.00002348,155.6997269,20.20998465,26.26410823,16.70111414,True,True,True,True,True,True
US.RXEEY,RXEEY,REXEL UNSP ADR EA REPR 1 ORD EUR5.00,43.13,40.077,38.414,36.617,1.265866634e+10,61.384,-5.559,26.72507807,45.66872439,7.617835666,4.32915083,4.907556599,True,True,True,True,True,True
US.RXT,RXT,Rackspace Technology,6.681,2.089,1.466,1.433,1669790743,1604.834,-12.418,0.3918856616,7.628279784,219.8180948,42.49658936,2.30286113,True,True,True,True,True,True
US.RY,RY,加拿大皇家银行,183.135,170.198,162.676,156.624,2.556497433e+11,51.952,-0.399,120.5216121,183.8686359,7.601146899,4.623915021,3.864031055,True,True,True,True,True,True
US.SABK,SABK,SOUTH ATLANTIC BANCSHARES INC,23.5,22.925,20.245,19.264,178353579,62.097,-4.665,14.49749224,24.64991871,2.508178844,13.2378365,5.092400332,True,True,True,True,True,True
US.SAIA,SAIA,Saia,453.71,391.293,353.108,340.526,1.21009965e+10,82.675,-1.896,248.3700561,462.4785941,15.9514737,10.81397193,3.694872051,True,True,True,True,True,True
US.SAN,SAN,桑坦德银行,11.75,11.576,11.339,10.875,1.692054223e+11,55.478,-10.166,7.557339302,13.0796803,1.503109883,2.090131405,4.266666667,True,True,True,True,True,True
US.SANM,SANM,新美亚电子,235.78,167.314,157.327,147.533,1.263727396e+10,200.624,-7.615,78.43019852,255.2145911,40.92066414,6.347925022,6.638514773,True,True,True,True,True,True
US.SAPMY,SAPMY,SAIPEM SPA,1.082,0.933,0.698,0.643,1.04969294e+10,174.962,-11.311,0.3935089212,1.21999346,15.96998928,33.66762178,8.553654743,True,True,True,True,True,True
US.SATL,SATL,Satellogic,9.225,6.032,3.768,3.718,1368293015,635.458,-4.937,1.254320437,9.704090971,52.93435013,60.08492569,1.344809037,True,True,True,True,True,True
US.SATS,SATS,回声星通信,137.845,120.736,104.715,92.567,3.994934025e+10,825.134,-1.214,14.90000368,139.5390035,14.17058707,15.29962279,13.12346733,True,True,True,True,True,True
US.SB,SB,Safe Bulkers,7.025,6.521,5.587,5.259,718269593.5,107.583,-4.81,3.384188493,7.379976888,7.728875939,16.71737963,6.236927172,True,True,True,True,True,True
US.SBFFY,SBFFY,SBM OFFSHORE NV ADR EACH REPR 1 ORD,41.616,40.167,32.475,28.556,6935110264,117.751,-5.739,19.11173772,44.14975441,3.607438942,23.68591224,13.72391091,True,True,True,True,True,True
US.SBGSY,SBGSY,SCHNEIDER ELECTRIC SE UNSPON ADR EA REPR 0.20 ORD SHS,61.26,59.35,57.057,55.817,1.720388079e+11,30.095,-7.159,47.08866597,65.98377872,3.218197136,4.018788229,2.221545407,True,True,True,True,True,True
US.SBKO,SBKO,SUMMIT BANK GROUP INC,20.726,19.947,18.047,17.115,161704231.3,55.6,-0.115,13.32005141,20.74986234,3.905349175,10.52806561,5.44551563,True,True,True,True,True,True
US.SBLK,SBLK,Star Bulk Carriers,26.34,24.285,21.495,20.76,2937723274,71.457,-4.875,15.36245239,27.68988173,8.462013589,12.97976274,3.540462428,True,True,True,True,True,True
US.SBNC,SBNC,SOUTHERN BANCSHARES N C INC,11900,11437.582,9772.671,9411.718,895498800,44.61,-1.601,8229.029804,12093.61884,4.042969921,17.0363967,3.835144657,True,True,True,True,True,True
US.SBUX,SBUX,星巴克,106.305,97.971,91.085,89.532,1.21093125e+11,38.914,-1.843,76.52576414,108.3009872,8.506598892,7.559971455,1.734575347,True,True,True,True,True,True
US.SCBFY,SCBFY,STANDARD CHARTERED PLC UNSPON ADS EACH REP 2 ORD SHS,50.64,46.28,45.493,43.433,5.565994178e+10,70.35,-3.854,29.72703258,52.66989786,9.420916162,1.729936474,4.742937398,True,True,True,True,True,True
US.SCCO,SCCO,南方铜业,176.725,176.017,162.314,146.96,1.459863444e+11,111.851,-19.857,83.41947878,220.5120846,0.4022338751,8.442278547,10.44774088,True,True,True,True,True,True
US.SCGPY,SCGPY,SERCO GROUP PLC SPN ADR EACH REP 1 ORD SHS,3.598,3.367,2.604,2.496,3554914087,82.753,-16.336,1.96877753,4.300535475,6.860706861,29.30107527,4.326923077,True,True,True,True,True,True
US.SCHL,SCHL,学乐集团,39.86,38.284,33.154,31.297,735584053.3,143.627,-7.676,16.36107656,43.17403925,4.116602236,15.47324606,5.933476052,True,True,True,True,True,True
US.SCMWY,SCMWY,SWISSCOM AG SPON LVL3 ADR EACH REP 1/10 CHF9(RG),85.79,85.505,77.919,75.98,4.44408869e+10,33.691,-5.817,64.170363,91.08862534,0.3333138413,9.735751229,2.551987365,True,True,True,True,True,True
US.SCRYY,SCRYY,SCOR SE ADR EACH REPR 0.10 ORD EUR7.876972,3.71,3.467,3.228,3.21,6621328785,33.73,-2.35,2.774246616,3.799283154,7.008941448,7.403965304,0.5607476636,True,True,True,True,True,True
US.SDRL,SDRL,Seadrill,51.35,46.692,38.7,36.775,3210941586,130.269,-0.638,22.30000565,51.67971659,9.976013022,20.65116279,5.23453433,True,True,True,True,True,True
US.SDZNY,SDZNY,Sandoz Group AG,83.79,80.807,75.517,71.43,3.625531438e+10,80.449,-9.918,46.43417254,93.01525277,3.691511874,7.005045222,5.721685566,True,True,True,True,True,True
US.SEDG,SEDG,SolarEdge Technologies,57.61,43.589,37.724,36.347,3503736617,319.592,-0.525,13.73000439,57.91404876,32.16637225,15.5471318,3.788483231,True,True,True,True,True,True
US.SEI,SEI,Solaris Energy Infrastructure,78.62,64.64,55.014,49.543,5781871175,275.227,-3.225,20.95265,81.23998967,21.62747525,17.49736431,11.0429324,True,True,True,True,True,True
US.SEM,SEM,Select Medical Holdings,16.465,16.299,15.171,14.528,2041936612,43.854,-2.313,11.44563238,16.85485274,1.018467391,7.435238284,4.425936123,True,True,True,True,True,True
US.SEMR,SEMR,SEMrush(已退市),12,11.92,10.641,10.009,1814168904,82.982,-0.083,6.558022101,12.00996827,0.6711409396,12.01954704,6.314317115,True,True,True,True,True,True
US.SFDL,SFDL,SECURITY FEDERAL CORP,37,34.92,31.218,29.769,119485025,34.672,0,27.47415944,37,5.956471936,11.85854315,4.867479593,True,True,True,True,True,True
US.SFDMY,SFDMY,上海复旦(ADR),124,33.073,27.528,26.834,3404706192,400.99,0,24.75099303,124,274.9281892,20.143127,2.586271149,True,True,True,True,True,True
US.SFFLY,SFFLY,SCHAEFFLER AG UNSPON ADR EACH REP 1 ORD SHS,11,9.082,8.869,7.832,1.039373105e+10,199.478,-20.974,3.673057787,13.91946954,21.11869632,2.401623633,13.24055158,True,True,True,True,True,True
US.SFL,SFL,SFL Corp,12.355,11.032,9.121,8.783,1643125846,91.868,-4.52,6.439322868,12.9398827,11.99238579,20.95165004,3.848343391,True,True,True,True,True,True
US.SHBI,SHBI,Shore Bancshares,19.205,18.881,18.009,17.559,642521154.9,39.883,-6.529,13.72933094,20.54647966,1.716010805,4.842023433,2.562788314,True,True,True,True,True,True
US.SHECY,SHECY,信越化学工业(ADR),22.53,21.153,17.915,17.323,8.3667584e+10,65.175,-8.932,13.6400787,24.73975491,6.509714934,18.07423946,3.417421925,True,True,True,True,True,True
US.SHIM,SHIM,Shimmick,5.275,4.326,3.454,3.26,191487395.2,286.418,-22.005,1.36510204,6.763254055,21.93712436,25.24609149,5.950920245,True,True,True,True,True,True
US.SHIP,SHIP,Seanergy Maritime,15.77,14.069,11.265,10.387,341707482.5,183.376,-6.186,5.565044323,16.8098578,12.09041154,24.8912561,8.452873785,True,True,True,True,True,True
US.SHKLY,SHKLY,中国重汽(ADR),146.57,135.866,117.304,112.576,8093575906,63.885,0,89.43466455,146.57,7.878350728,15.82384232,4.199829449,True,True,True,True,True,True
US.SHWDY,SHWDY,Resonac控股(ADR),126.17,78.493,57.642,49.207,2.28346911e+10,527.711,0,20.10001418,126.17,60.74044819,36.17327643,17.14187006,True,True,True,True,True,True
US.SI,SI,Shoulder Innovations,15.65,14.092,13.857,13.84,324553236.9,43.315,-12.764,10.9200014,17.93984135,11.05591825,1.695893772,0.1228323699,True,True,True,True,True,True
US.SIF,SIF,SIFCO Industries,17.81,15.089,10.027,9.192,111386019.7,536.071,-12.653,2.800001887,20.38993898,18.03300418,50.48369403,9.083986075,True,True,True,True,True,True
US.SIFY,SIFY,Sify Technologies,16.14,14.395,13.529,12.804,1167735440,288.915,-9.579,4.150007071,17.84983577,12.12226468,6.40106438,5.662293033,True,True,True,True,True,True
US.SIHBY,SIHBY,SHENZHEN INVESTMENT HLDGS BAY AREA SPON ADR EA REP 10 ORD SHS,2.4,2.288,2.038,2.002,739605667.2,31.575,-15.194,1.824054722,2.829988444,4.895104895,12.26692836,1.798201798,True,True,True,True,True,True
US.SILA,SILA,Sila Realty Trust,30.55,26.783,24.567,24.443,1687615544,41.502,-0.26,21.58980085,30.62963706,14.06489191,9.02023039,0.5073027043,True,True,True,True,True,True
US.SILC,SILC,Silicom电信,47.2,28.033,20.346,19.493,269329902.4,253.711,-10.232,13.34422735,52.57998396,68.37298898,37.78138209,4.375929821,True,True,True,True,True,True
US.SIMO,SIMO,慧荣科技,260.66,157.168,121.579,112.007,8838416271,339.845,-4.833,59.2617854,273.8974645,65.84800977,29.27232499,8.545894453,True,True,True,True,True,True
US.SION,SION,Sionna Therapeutics,40.725,39.498,39.098,35.26,1838747189,227.898,-15.935,12.42002086,48.44465592,3.106486404,1.023070234,10.88485536,True,True,True,True,True,True
US.SITIY,SITIY,SITC INTERNATIONAL HLDGS CO LTD UNSPON ADS EACH REP 10 ORD SHS,45.493,42.845,38.097,36.943,1.224033802e+10,104.676,-1.807,22.22683656,46.33018647,6.180417785,12.46292359,3.123731153,True,True,True,True,True,True
US.SITM,SITM,SiTime,780.99,482.405,388.819,355.108,2.06156587e+10,318.783,-13.397,186.4903781,901.8047874,61.89508815,24.06929703,9.493168276,True,True,True,True,True,True
US.SKE,SKE,Skeena Resources,31.29,30.974,26.836,24.326,3809253831,174.473,-19.293,11.40002842,38.76987126,1.020210499,15.41958563,10.31817808,True,True,True,True,True,True
US.SKM,SKM,韩国SK电信,38.49,33.902,26.756,25.522,1.477189997e+10,98.077,-4.939,19.43183711,40.48979077,13.53312489,26.70802811,4.835044276,True,True,True,True,True,True
US.SKYT,SKYT,SkyWater Technology,34.35,30.553,25.309,22.265,1690178079,319.926,-5.579,8.180012669,36.37961894,12.42758485,20.71990201,13.67168201,True,True,True,True,True,True
US.SLAB,SLAB,芯科实验室,216.51,210.96,170.138,160.941,7140894498,87.446,-0.99,115.5052655,218.6748813,2.630830489,23.99346413,5.7145165,True,True,True,True,True,True
US.SLB,SLB,斯伦贝谢,55.455,51.757,44.855,42.116,8.290842259e+10,77.695,-3.05,31.20796871,57.19958742,7.144927256,15.38735927,6.503466616,True,True,True,True,True,True
US.SLBK,SLBK,SKYLINE BANKSHARES INC,25,22.753,20.467,19.425,141805100,73.695,-1.107,14.39304528,25.27984792,9.875620797,11.1691992,5.364221364,True,True,True,True,True,True
US.SLF,SLF,永明金融,71.72,66.993,63.167,61.801,4.019730157e+10,31.762,-3.29,54.43147493,74.15985937,7.055961071,6.056960122,2.210320221,True,True,True,True,True,True
US.SLFPY,SLFPY,ABERDEEN GROUP PLC UNSPON ADS EACH REP 4 ORD SHS(R/S),12.51,11.118,10.851,10.582,5595554115,51.971,-1.106,8.231833705,12.64990798,12.52023745,2.460602709,2.542052542,True,True,True,True,True,True
US.SLS,SLS,Sellas Life Sciences,7.255,5.068,3.64,3.164,1349666324,421.942,-6.987,1.390001188,7.799984948,43.1531176,39.23076923,15.04424779,True,True,True,True,True,True
US.SLSR,SLSR,Solaris Resources,9.94,9.473,8.55,7.792,1660347864,165.614,-13.413,3.742272621,11.47978334,4.929800486,10.79532164,9.727926078,True,True,True,True,True,True
US.SMBC,SMBC,Southern Missouri Bancorp,66.58,65.241,60.592,58.98,733420778.6,41.583,-4.668,47.02541972,69.84013762,2.052390368,7.67263005,2.733129875,True,True,True,True,True,True
US.SMBMY,SMBMY,SEATRIUM LTD UNSP ADR EACH REPR 20 ORD (PST RV SPLIT),19.5,17.133,16.8,16.512,6610706486,44.648,-4.581,13.48100216,20.43618147,13.81544388,1.982142857,1.744186047,True,True,True,True,True,True
US.SMC,SMC,Summit Midstream,31.08,30.457,27.402,26.108,632130477.1,62.467,-7.223,19.13003872,33.49968203,2.04550678,11.14882125,4.956335223,True,True,True,True,True,True
US.SMFG,SMFG,三井住友金融,21.87,20.592,19.69,18.814,1.402135126e+11,55.471,-10.129,14.0669321,24.33487999,6.206293706,4.581005587,4.656107154,True,True,True,True,True,True
US.SMMYY,SMMYY,住友金属矿山(ADR),16.15,15.451,12.618,11.212,1.747751275e+10,200.744,-21.257,5.370015694,20.5097596,4.52397903,22.45205262,12.54013557,True,True,True,True,True,True
US.SMPNY,SMPNY,日本财产保险(ADR),19.24,18.608,17.469,17.057,3.433318048e+10,38.119,-6.054,13.93001687,20.47985013,3.39638865,6.520121358,2.415430615,True,True,True,True,True,True
US.SMSMY,SMSMY,SIMS LTD SPON ADR EA REP 1 ORD SHS NPV,15.76,14.17,12.724,11.857,3045351938,96.338,-6.379,8.026973892,16.83383002,11.2208892,11.36435083,7.312136291,True,True,True,True,True,True
US.SMTC,SMTC,先科电子,138.01,96.205,82.939,76.876,1.285073228e+10,298.988,-3.718,34.59001273,143.3393573,43.45408243,15.99488781,7.886726677,True,True,True,True,True,True
US.SMTGY,SMTGY,SMA SOLAR TECHNOLOGY AG UNSP ADR EA REPR 0.10 ORD SHS,7.56,5.373,4.242,3.779,2623320000,313.114,0,1.83000334,7.56,40.70351759,26.66195191,12.2519185,True,True,True,True,True,True
US.SMTOY,SMTOY,SUMITOMO ELECTRIC INDUSTRIES ADR EACH CNV INTO 1 ORD NPV,70.459,64.299,50.511,44.839,5.495198451e+10,292.526,-15.232,17.95014853,83.11980936,9.580242305,27.29702441,12.64970227,True,True,True,True,True,True
US.SND,SND,Smart Sand,4.756,4.753,3.941,3.436,204439898.8,190.928,-16.913,1.63476874,5.7241205,0.06311803072,20.60390764,14.69732247,True,True,True,True,True,True
US.SNDA,SNDA,Sonida Senior Living,37.84,34.887,32.584,30.965,1791582365,59.932,-4.589,23.66005552,39.65999727,8.464471006,7.067886079,5.228483772,True,True,True,True,True,True
US.SNDK,SNDK,闪迪,1411.68,922.735,537.972,421.966,2.090982956e+11,3845.152,-11.751,35.78265172,1599.65552,52.98866955,71.52100853,27.49178844,True,True,True,True,True,True
US.SNDR,SNDR,Schneider National,32.1,27.848,26.502,25.72,5621490287,60.857,-3.719,19.95561275,33.3399113,15.26860098,5.078861973,3.040435459,True,True,True,True,True,True
US.SNEX,SNEX,StoneX,110.42,92.73,76.705,73.651,8750950188,106.302,-11.959,53.52347529,125.418839,19.0768899,20.89172805,4.14658321,True,True,True,True,True,True
US.SNLAY,SNLAY,信和置业(ADR),8.31,7.855,7.27,6.916,1.593216675e+10,87.043,-6.524,4.442828654,8.889982455,5.792488861,8.046767538,5.118565645,True,True,True,True,True,True
US.SNLC,SNLC,SECURITY NATIONAL CORP IOWA,199.75,178.049,153.134,146.038,327790149.5,54.674,-16.539,129.1425838,239.3333413,12.18821785,16.27006413,4.859009299,True,True,True,True,True,True
US.SNX,SNX,新聚思,231.45,195.828,167.976,163.437,1.860651847e+10,97.822,-4.552,116.9991204,242.4880563,18.19045285,16.58094013,2.777216909,True,True,True,True,True,True
US.SOBO,SOBO,South Bow,36.94,33.308,28.788,27.903,7705116121,73.482,-0.296,21.29327538,37.04966701,10.90428726,15.70098652,3.171701968,True,True,True,True,True,True
US.SOHVY,SOHVY,住友重工(ADR),8.829,8.684,6.839,6.561,4221389816,89.667,-13.1,4.655000606,10.15995397,1.669737448,26.97762831,4.23715897,True,True,True,True,True,True
US.SOMC,SOMC,SOUTHERN MICHIGAN BANCORP INC,28.5,25.953,24.167,22.772,128444712,54.182,-1.536,18.48464801,28.94458889,9.813894347,7.390242893,6.125944142,True,True,True,True,True,True
US.SOME,SOME,SOMERSET TRUST HLDG CO,71.5,71.343,65.443,62.228,180344307,56.405,-2.782,45.71465107,73.54605114,0.2200636362,9.015479119,5.166484541,True,True,True,True,True,True
US.SOMMY,SOMMY,住友化学(ADR),19.05,16.183,15.747,15.552,6238466206,69.408,-7.524,11.24504156,20.59993944,17.71612186,2.768781355,1.253858025,True,True,True,True,True,True
US.SPG,SPG,西蒙地产,200.525,195.471,187.315,183.533,6.542692362e+10,34.976,-3.723,148.5634483,208.279236,2.585549775,4.354162774,2.06066484,True,True,True,True,True,True
US.SPHR,SPHR,Sphere Entertainment,134.385,124.999,100.445,88.004,4809935200,277.698,-9.808,35.58001366,148.9988026,7.508860071,24.44521878,14.13685742,True,True,True,True,True,True
US.SPHRY,SPHRY,STARPHARMA HOLDINGS LIMITED SPON ADR EACH REPR 10 NPV,4.5,3.799,2.142,1.769,189417793.5,862.155,-21.052,0.4677001107,5.6999544,18.45222427,77.35760971,21.08535896,True,True,True,True,True,True
US.SPIR,SPIR,Spire Global,19.63,15.75,11.755,11.384,789496496.6,197.424,-16.786,6.60000538,23.58978057,24.63492063,33.98553807,3.258959944,True,True,True,True,True,True
US.SPNS,SPNS,Sapiens International (已退市),43.45,43.173,37.273,34.676,2428882678,83.41,-0.156,23.69009323,43.51788791,0.6416047066,15.82915247,7.489329796,True,True,True,True,True,True
US.SPNT,SPNT,SiriusPoint,22.81,22.219,20.997,20.349,2681135985,32.847,-4.958,17.17012804,23.99991583,2.659885683,5.81987903,3.184431667,True,True,True,True,True,True
US.SPRO,SPRO,Spero Therapeutics,2.83,2.564,2.42,2.322,163861225.2,337.877,-12.111,0.6463002167,3.219970645,10.37441498,5.950413223,4.220499569,True,True,True,True,True,True
US.SPXCY,SPXCY,SINGAPORE EXCHANGE UNSP ADR EACH REPR 2 ORD,33.123,31.716,28.3,27.508,1.773181535e+10,59.096,-4.008,20.8195052,34.5060005,4.436246689,12.07067138,2.879162425,True,True,True,True,True,True
US.SQM,SQM,智利矿业化工,84.21,83.17,70.483,63.579,2.405355981e+10,190.079,-13.094,29.03002286,96.89779762,1.250450884,18.00008513,10.85893141,True,True,True,True,True,True
US.SRBK,SRBK,SR Bancorp,18.15,17.671,16.512,16.035,147957075.8,49.525,-7.445,12.13843839,19.60996164,2.710655877,7.019137597,2.97474275,True,True,True,True,True,True
US.SRRK,SRRK,Scholar Rock,50.04,46.606,42.78,40.606,5996210034,84.854,-3.07,27.07001201,51.62488394,7.368150024,8.94343151,5.353888588,True,True,True,True,True,True
US.SSAAY,SSAAY,SSAB AB UNSP ADR EA REPR 0.5 ORD SHS,4.9,4.283,3.853,3.618,9766853137,79.284,0,2.733093862,4.9,14.40579033,11.16013496,6.495301271,True,True,True,True,True,True
US.SSL,SSL,南非萨索尔,13.4,12.532,8.741,8.103,8543004939,244.03,-6.717,3.895009156,14.36488964,6.926268752,43.37032376,7.873627052,True,True,True,True,True,True
US.SSRM,SSRM,SSR Mining,31.405,30.094,25.949,24.376,6516257085,194.606,-13.994,10.66000014,36.51489431,4.356350103,15.9736406,6.453068592,True,True,True,True,True,True
US.SSSS,SSSS,SuRo Capital,13.13,11.857,10.174,9.787,342301831,141.675,-9.323,5.432916106,14.47996736,10.73627393,16.54216631,3.954224992,True,True,True,True,True,True
US.SSUMY,SSUMY,住友商事(ADR),47.43,38.993,36.442,34.434,5.668431318e+10,97.625,-2.906,24,48.84956846,21.63721694,7.000164645,5.831445664,True,True,True,True,True,True
US.ST,ST,Sensata Technologies,48.035,38.662,35.206,34.163,6985828330,97.233,-2.684,24.35444373,49.3598175,24.24344317,9.81650855,3.053010567,True,True,True,True,True,True
US.STBA,STBA,S&T Bancorp,43.37,42.298,40.484,39.626,1560317546,32.046,-3.165,32.84461476,44.78752517,2.53439879,4.480782531,2.165245041,True,True,True,True,True,True
US.STLD,STLD,Steel Dynamics,228.29,199.523,180.185,168.043,3.292233577e+10,92.257,-6.332,118.7421004,243.7225093,14.41788666,10.73230291,7.22553156,True,True,True,True,True,True
US.STM,STM,意法半导体,61.61,42.886,32.614,31.126,5.475860635e+10,193.683,-5.665,20.97840188,65.30980018,43.65993564,31.4956767,4.780569299,True,True,True,True,True,True
US.STNG,STNG,Scorpio Tankers,82.23,76.411,65.557,62.124,4092468195,121.33,-5.904,37.15266796,87.38947458,7.615395689,16.55658435,5.526044685,True,True,True,True,True,True
US.STRL,STRL,Sterling Infrastructure,844.415,515.943,411.689,386.206,2.591167985e+10,379.372,-5.454,176.1502549,893.1260973,63.66439704,25.32348447,6.598292103,True,True,True,True,True,True
US.STRO,STRO,Sutro Biopharma,40.03,29.768,18.081,15.751,663314673.2,494.269,-8.711,6.736006758,43.84975189,34.47325988,64.63691168,14.79271157,True,True,True,True,True,True
US.STRW,STRW,Strawberry Fields REIT,13.105,12.629,12.46,12.159,175955724.1,45.689,-4.801,8.995188381,13.7659009,3.769102859,1.356340289,2.475532527,True,True,True,True,True,True
US.STT,STT,道富银行,153.28,137.468,127.885,123.652,4.242285082e+10,67.294,-1.856,91.62313054,156.1786762,11.50231327,7.493451148,3.423317051,True,True,True,True,True,True
US.STX,STX,希捷科技,793.07,539.392,386.699,337.123,1.778292867e+11,674.406,-5.733,102.4101053,841.3018342,47.03036011,39.4862671,14.7056119,True,True,True,True,True,True
US.SU,SU,森科能源,68.045,64.001,52.153,49.054,8.076335539e+10,104.083,-3.193,33.34182661,70.28933858,6.318651271,22.71777271,6.317527623,True,True,True,True,True,True
US.SUBCY,SUBCY,SUBSEA 7 S.A. ADR EACH REPR 1 COM SPON,37.22,31.328,24.785,23.478,1.102261978e+10,140.382,-0.026,15.48368846,37.22967972,18.80745659,26.39903167,5.566913706,True,True,True,True,True,True
US.SUGBY,SUGBY,SURUGA BANK ADR EACH REP 10 COM NPV,80.02,67.723,60.663,57.392,1364042605,113.216,0,37.53001651,80.02,18.15778982,11.63806604,5.699400613,True,True,True,True,True,True
US.SUHJY,SUHJY,新鸿基地产(ADR),18.1,17.469,15.014,14.162,5.244982296e+10,81.39,-4.182,9.978499366,18.88997892,3.612112886,16.35140536,6.016099421,True,True,True,True,True,True
US.SUN,SUN,太阳石油,70.105,65.145,57.696,55.443,1.320861989e+10,53.325,-0.932,45.72313713,70.76452538,7.613784634,12.91077371,4.06363292,True,True,True,True,True,True
US.SUOPY,SUOPY,胜高(ADR),39.69,27.416,22.172,21.098,6940058891,201.825,-15.553,13.15000414,46.99989342,44.76947768,23.65145228,5.090529908,True,True,True,True,True,True
US.SURYY,SURYY,SUMITOMO REALTY & DEVELOPMENT CO UNSP ADR EACH REPR 0.50 ORD,16.242,14.918,13.014,11.624,3.000210302e+10,119.042,-7.4,7.415016298,17.5399568,8.875184341,14.63039803,11.95801789,True,True,True,True,True,True
US.SUTNY,SUTNY,三井住友信托控股(ADR),7.16,6.648,6.348,6.196,2.495207424e+10,42.345,-7.969,5.030032667,7.779987178,7.70156438,4.725897921,2.45319561,True,True,True,True,True,True
US.SVCO,SVCO,Silvaco,10.17,8.03,5.686,5.54,331788853.6,230.618,-20.734,3.076057565,12.83021724,26.65006227,41.22405909,2.635379061,True,True,True,True,True,True
US.SVM,SVM,Silvercorp Metals,13.565,11.819,9.918,8.75,2994855259,285.946,-14.007,3.514740404,15.77453979,14.77282342,19.1671708,13.34857143,True,True,True,True,True,True
US.SVNLY,SVNLY,Svenska Handelsbanken,6.86,6.755,6.418,6.203,2.716599094e+10,36.075,-5.248,5.041337498,7.239952719,1.554404145,5.250856965,3.466064807,True,True,True,True,True,True
US.SWBI,SWBI,Smith & Wesson Brands,15.35,14.653,11.664,10.883,682978985.8,105.776,-2.786,7.459567685,15.7899068,4.756705112,25.62585734,7.176330056,True,True,True,True,True,True
US.SWDHY,SWDHY,创维数码(ADR),23.7,13.868,10.876,10.483,1491675417,157.666,0,9.19795394,23.7,70.89702913,27.51011401,3.748926834,True,True,True,True,True,True
US.SWGAY,SWGAY,Swatch Group,13.05,11.51,11.161,10.649,1.357096237e+10,65.399,-4.883,7.890011427,13.71994491,13.37966985,3.12695995,4.807963189,True,True,True,True,True,True
US.SWOBY,SWOBY,SWEDISH ORPHAN BIOVITRUM AB UNSPON ADS EACH REP 0.5 ORD SHS,24.65,21.297,18.98,17.96,1.705016782e+10,81.65,-15.927,13.5700523,29.31975783,15.7440015,12.20758693,5.679287305,True,True,True,True,True,True
US.SWRAY,SWRAY,太古股份公司A(ADR),11.54,10.9,9.439,9.163,4.186620257e+10,52.869,-4.549,7.548947138,12.08997287,5.871559633,15.47833457,3.012113936,True,True,True,True,True,True
US.SWRBY,SWRBY,太古股份公司B(ADR),8.597,8.245,7.617,7.486,6237483716,39.021,-5.532,6.183957819,9.100436127,4.269254093,8.244715767,1.749933209,True,True,True,True,True,True
US.SYNA,SYNA,Synaptics,125.57,85.707,79.622,76.793,4851737969,118.23,-6.479,57.54020987,134.2693085,46.51078675,7.642360152,3.683929525,True,True,True,True,True,True
US.SYRE,SYRE,Spyre Therapeutics,73.435,58.445,39.959,34.066,6377187414,427.167,-6.808,13.93012082,78.79968238,25.64804517,46.26241898,17.29877297,True,True,True,True,True,True
US.SZGPY,SZGPY,SALZGITTER AG UNSP ADR EACH REPR 0.10 ORD,6.52,5.375,4.725,4.2,3526491960,211.41,-4.886,2.093702835,6.854931976,21.30232558,13.75661376,12.5,True,True,True,True,True,True
US.TALK,TALK,Talkspace,5.185,5.161,4.128,3.749,868552654.7,133.558,-0.288,2.220005309,5.199975931,0.4650261577,25.02422481,10.1093625,True,True,True,True,True,True
US.TALO,TALO,Talos Energy,15.98,14.983,12.454,11.641,2667474572,108.344,-6.027,7.670007296,17.00488438,6.654208103,20.30672876,6.983936088,True,True,True,True,True,True
US.TBBB,TBBB,BBB Foods,36.69,35.731,33.699,31.732,4261596253,51.864,-9.805,24.15977454,40.67852985,2.683943914,6.029852518,6.198789865,True,True,True,True,True,True
US.TBNGY,TBNGY,BUKIT ASAM (PERSERO) TBK UNSPON ADR EACH REPR 25 ORD SHS,4.4,3.836,3.77,3.731,2026526876,52.837,-7.368,2.87888404,4.749978409,14.70281543,1.75066313,1.045296167,True,True,True,True,True,True
US.TCBK,TCBK,TriCo Bancshares,48.9,48.878,47.74,46.592,1560427851,37.736,-7.356,35.50270082,52.78269505,0.04501002496,2.383745287,2.463942308,True,True,True,True,True,True
US.TD,TD,多伦多道明银行,107.345,100.099,92.261,87.758,1.791405219e+11,73.591,-1.716,61.8378833,109.2192015,7.238833555,8.495463956,5.131156134,True,True,True,True,True,True
US.TDAY,TDAY,USA TODAY,7.26,6.985,5.848,5.422,1065057326,130.476,-5.468,3.150002603,7.679939068,3.937007874,19.44254446,7.85687938,True,True,True,True,True,True
US.TECK,TECK,泰克资源有限公司,61.21,55.557,50.703,47.18,2.996746204e+10,98.806,-9.546,30.78880919,67.66975479,10.17513545,9.573398024,7.467147096,True,True,True,True,True,True
US.TEN,TEN,Tsakos Energy Navigation,41.83,39.231,29.701,27.467,1259635081,161.407,-6.192,16.00186682,44.59107965,6.624862991,32.08646174,8.133396439,True,True,True,True,True,True
US.TEO,TEO,阿根廷电信,12,11.681,11.433,10.599,5168851224,92.297,-13.106,6.240346963,13.80992934,2.730930571,2.169159451,7.868666855,True,True,True,True,True,True
US.TER,TER,泰瑞达,344.61,337.236,256.549,222.518,5.394599445e+10,354.483,-18.36,75.8246183,422.1092602,2.186599295,31.45091191,15.29359423,True,True,True,True,True,True
US.TERN,TERN,Terns Pharmaceuticals(已退市),52.95,49.454,35.059,27.989,6116845263,1894.35,-0.451,2.655000376,53.18988639,7.069195616,41.05935708,25.25992354,True,True,True,True,True,True
US.TEVA,TEVA,梯瓦制药,33.87,31.702,29.665,26.838,3.943914154e+10,125.95,-9.305,14.99004204,37.34494735,6.838685256,6.866677903,10.5335718,True,True,True,True,True,True
US.TFII,TFII,TFI International,140.795,121.862,108.027,103.355,1.157138223e+10,77.805,-5.563,79.18506229,149.0888105,15.53642645,12.80698344,4.520342509,True,True,True,True,True,True
US.TGB,TGB,Taseko Mines,7.026,6.986,6.318,5.62,2568938512,258.469,-24.043,1.96000212,9.249970378,0.5725737189,10.57296613,12.41992883,True,True,True,True,True,True
US.TGSGY,TGSGY,TGS ASA SPON ADR EA REPR 1 ORD NOK0.00,16.145,13.891,10.852,9.95,3172540725,136.679,-5.048,6.821475501,17.003328,16.2263336,28.00405455,9.065326633,True,True,True,True,True,True
US.TGT,TGT,塔吉特,122.02,121.289,105.996,102.412,5.541858566e+10,49.119,-7.458,81.82726547,131.8536448,0.6026927421,14.42790294,3.499589892,True,True,True,True,True,True
US.TGTX,TGTX,TG Therapeutics,39.74,34.33,32.189,32.057,6083541469,57.199,-10.996,25.28005903,44.64967867,15.75881154,6.65134052,0.4117665408,True,True,True,True,True,True
US.TH,TH,Target Hospitality,18.32,12.964,9.329,9.101,1835001567,206.867,-0.865,5.970013068,18.47985071,41.31440913,38.96451924,2.505219207,True,True,True,True,True,True
US.THFF,THFF,First Financial,65.23,64.406,61.389,59.815,775708376.1,36.159,-5.545,47.90722611,69.05934043,1.279383908,4.914561241,2.631446961,True,True,True,True,True,True
US.THKLY,THKLY,THK机械(ADR),22.96,17.272,15.073,14.76,5146429080,92.455,-5.252,11.93006157,24.23270148,32.93191292,14.5890002,2.120596206,True,True,True,True,True,True
US.THR,THR,Thermon,66.385,54.709,44.132,39.684,2182044280,178.227,-6.814,23.86001359,71.23924195,21.34200954,23.96673616,11.20854753,True,True,True,True,True,True
US.THVB,THVB,THOMASVILLE BANCSHARES,100,95.477,92.068,88.73,633223200,36.451,-0.891,73.28638119,100.8990102,4.737266567,3.702698006,3.761974529,True,True,True,True,True,True
US.TIAIY,TIAIY,TELECOM ITLIA(已退市),8.85,8.582,7.186,6.636,1.883761094e+10,99.324,-3.278,4.440007224,9.149934865,3.122815195,19.42666296,8.288125377,True,True,True,True,True,True
US.TIGO,TIGO,Millicom International Cellular,81.67,77.918,61.908,57.145,1.368310973e+10,154.734,-4.21,32.06089489,85.25942165,4.815318668,25.86095497,8.33493744,True,True,True,True,True,True
US.TIIAY,TIIAY,TELECOM ITAL ORD,8.34,7.546,6.733,6.337,1.77520537e+10,97.958,-2.341,4.213014882,8.539919516,10.52213093,12.07485519,6.249013729,True,True,True,True,True,True
US.TISCY,TISCY,TAISEI CORP UNSP ADR EACH REP 0.25 ORD SHS,27.75,26.644,22.713,20.473,1.809414852e+10,124.514,-15.909,12.360031,32.99996432,4.151028374,17.30726896,10.94123968,True,True,True,True,True,True
US.TK,TK,Teekay,13.175,12.583,10.81,10.128,1146380742,85.225,-8.379,7.112970711,14.37989107,4.704760391,16.40148011,6.733807267,True,True,True,True,True,True
US.TKR,TKR,铁姆肯,114.66,105.365,93.788,89.288,7968240517,72.876,-7.285,66.32499595,123.6693092,8.821714991,12.34379665,5.039870979,True,True,True,True,True,True
US.TLGPY,TLGPY,TELSTRA GROUP LIMITED SPON ADR EACH REP 5 COM,19.375,18.894,17.152,16.795,4.335938016e+10,36.422,-2.93,14.20225477,19.95982281,2.54578173,10.15625,2.125632629,True,True,True,True,True,True
US.TLSNY,TLSNY,TELIA COMPANY AB UNSP ADR EACH REPR 2 ORD,10.407,10.182,8.959,8.516,2.046073067e+10,64.014,-5.217,6.345190045,10.97981706,2.209781968,13.65107713,5.201972757,True,True,True,True,True,True
US.TMP,TMP,Tompkins Financial,82.2,80.174,74.717,72.423,1182277750,42.754,-4.662,57.5815739,86.21955569,2.527003767,7.303558762,3.167502037,True,True,True,True,True,True
US.TNABY,TNABY,TENAGA NASIONAL BERHAD LVL1 SPND ADR EACH REPR 4 ORD MYR1 (BNY),15.65,14.422,13.53,13.294,2.280651875e+10,40.282,-0.318,11.15609986,15.69992576,8.514769103,6.592756837,1.775236949,True,True,True,True,True,True
US.TNK,TNK,Teekay Tankers,76.75,74.335,65.131,61.053,2658916102,89.399,-8.62,40.52291723,83.98993215,3.248806081,14.13151955,6.679442452,True,True,True,True,True,True
US.TOELY,TOELY,Tokyo Electron (ADR),160.959,138.085,123.696,112.471,1.464231729e+11,143.507,-7.228,66.10035851,173.4995473,16.56515914,11.63255077,9.98035049,True,True,True,True,True,True
US.TOKUY,TOKUY,东急电铁(ADR),12.532,12.366,11.905,11.62,7142314440,32.608,-7.311,9.450410232,13.52048247,1.342390425,3.872322554,2.452667814,True,True,True,True,True,True
US.TOMYY,TOMYY,多美玩具(ADR),29.15,24.533,19.398,18.401,2558511707,89.162,0,15.41007179,29.15,18.81954918,26.47180122,5.418183794,True,True,True,True,True,True
US.TORO,TORO,TORO CORP,5.66,4.25,3.36,2.982,163302795.4,424.196,-24.571,1.079748796,7.503745244,33.17647059,26.48809524,12.67605634,True,True,True,True,True,True
US.TOTDY,TOTDY,东陶(ADR),44.99,36.842,31.963,30.619,7396970114,88.716,-9.476,23.84005596,49.6995272,22.11606319,15.26452461,4.389431399,True,True,True,True,True,True
US.TOYO,TOYO,TOYO Co,11.92,10.343,8.184,7.534,450087244.2,267.901,-16.817,3.240002066,14.32985105,15.24702697,26.38074291,8.627555084,True,True,True,True,True,True
US.TPH,TPH,Tri Pointe Homes,46.95,46.72,38.749,37.644,3998444307,63.474,-0.085,28.72016345,46.98994145,0.4922945205,20.57085344,2.935394751,True,True,True,True,True,True
US.TRCY,TRCY,TRI CITY BANKSHARES CORP,19.422,19.328,18.825,17.76,172951259.1,46.531,-11.009,13.25453317,21.8246789,0.4863410596,2.671978752,5.996621622,True,True,True,True,True,True
US.TRGP,TRGP,Targa Resources,270.97,244.425,203.761,193.45,5.81620584e+10,91.138,-0.257,141.7666817,271.6681872,10.86018206,19.95671399,5.330059447,True,True,True,True,True,True
US.TRIN,TRIN,Trinity Capital,16.815,15.277,14.614,14.473,1511460852,40.401,-2.279,11.97641042,17.20715097,10.06742161,4.536745586,0.9742278726,True,True,True,True,True,True
US.TRKNY,TRKNY,TURK TELEKOMUNIKASYON AS UNSPON ADR EACH REPR 2 SHS,4.27,3.101,2.87,2.847,7472500000,86.462,-0.928,2.290010833,4.30999677,37.69751693,8.048780488,0.8078679312,True,True,True,True,True,True
US.TRMD,TRMD,Torm,31.74,29.594,24.532,23.38,3216300184,116.133,-10.161,14.68540204,35.32986787,7.251469893,20.6342736,4.927288281,True,True,True,True,True,True
US.TRN,TRN,Trinity Industries,34.53,32.547,29.619,28.955,2745325019,59.141,-7.574,21.69773974,37.35961742,6.09272744,9.88554644,2.293213607,True,True,True,True,True,True
US.TROO,TROO,盟军集团,4.08,2.993,2.655,2.259,498413477.3,669.809,-22.773,0.5300015978,5.283126368,36.31807551,12.7306968,17.52988048,True,True,True,True,True,True
US.TRP,TRP,TC Energy,67.77,63.23,57.034,54.966,7.060054254e+10,59.59,-0.761,42.46506673,68.2896845,7.180136011,10.86369534,3.762325801,True,True,True,True,True,True
US.TRST,TRST,TrustCo Bank,48.75,45.633,42.794,41.177,851897036.2,67.905,-1.045,29.03427533,49.26481734,6.830583131,6.634107585,3.926949511,True,True,True,True,True,True
US.TRT,TRT,Trio-Tech International,19.12,8.667,6.211,5.358,193353904.1,727.709,-4.351,2.309990588,19.98975421,120.6068997,39.54274674,15.92011945,True,True,True,True,True,True
US.TRUX,TRUX,TRUXTON CORP,99.5,89.163,84.42,83.213,286236824,38.321,-3.078,71.93412425,102.6598708,11.59337393,5.618336887,1.450494514,True,True,True,True,True,True
US.TRVI,TRVI,Trevi Therapeutics,14.281,13.077,12.027,11.046,2027569616,165.435,-11.41,5.380224914,16.12032961,9.207004665,8.730356697,8.881042911,True,True,True,True,True,True
US.TS,TS,泰纳瑞斯钢铁,62.07,59.037,47.679,44.539,3.133416983e+10,96.854,-3.513,31.53098235,64.32990973,5.137456172,23.82180834,7.050001123,True,True,True,True,True,True
US.TSAT,TSAT,Telesat,52.105,43.959,34.288,31.698,773427184.8,237.905,-6.663,15.4200145,55.82459261,18.5309038,28.20520299,8.170862515,True,True,True,True,True,True
US.TSEM,TSEM,Tower半导体,274.56,191.437,138.291,118.911,3.097721662e+10,632.55,-3.139,37.48003549,283.4577384,43.42055089,38.43055586,16.29790347,True,True,True,True,True,True
US.TSHA,TSHA,Taysha Gene Therapies,5.905,5.393,5.013,4.558,1696866823,162.444,-19.109,2.25000381,7.299946842,9.493788244,7.580291243,9.982448442,True,True,True,True,True,True
US.TSM,TSM,台积电,407.073,367.514,332.415,312.655,2.112129436e+12,118.317,-3.491,186.4595977,421.797967,10.76394369,10.55878946,6.320065248,True,True,True,True,True,True
US.TSN,TSN,泰森食品,65.91,63.899,59.72,58.325,2.320884889e+10,32.578,-5.143,49.71413055,69.48353838,3.147154103,6.997655727,2.391770253,True,True,True,True,True,True
US.TT,TT,Trane技术,472.28,452.369,428.568,425.682,1.044000807e+11,36.016,-6.195,347.223856,503.4699643,4.40149524,5.553611096,0.6779708797,True,True,True,True,True,True
US.TTDKY,TTDKY,TDK电子(ADR),19.21,15.352,15.072,14.722,3.64632815e+10,89.447,-3.95,10.14003917,20,25.13027619,1.857749469,2.377394376,True,True,True,True,True,True
US.TTE,TTE,道达尔,91.28,88.656,73.663,69.971,2.030312108e+11,68.922,-2.562,54.03677437,93.68008375,2.959754557,20.35350176,5.276471681,True,True,True,True,True,True
US.TTMI,TTMI,TTM科技,165.42,121.583,92.804,81.823,1.717887676e+10,488.264,-8.1,28.12002774,180,36.05520509,31.01051679,13.42043191,True,True,True,True,True,True
US.TTNDY,TTNDY,创科实业(ADR),75.2,71.099,65.899,64.916,2.75192887e+10,44.75,-6.538,51.95164076,80.46050801,5.768013615,7.890863291,1.514264588,True,True,True,True,True,True
US.TVTX,TVTX,Travere Therapeutic,42.75,35.163,33.23,30.168,3975911653,208.033,-12.044,13.87838316,48.60384738,21.57665728,5.817032802,10.14982763,True,True,True,True,True,True
US.TWIN,TWIN,双环,17.51,16.614,16.486,15.347,252543700.8,156.21,-10.98,6.83423754,19.66973714,5.393042013,0.7764163533,7.421645924,True,True,True,True,True,True
US.TWLO,TWLO,Twilio,197.83,145.04,131.137,125.042,3.002542272e+10,115.407,-2.886,91.84009805,203.709043,36.39685604,10.60188963,4.874362214,True,True,True,True,True,True
US.TWO,TWO,Two Harbors Investment,12.57,10.975,10.454,10.104,1320432406,47.603,-8.542,8.516087071,13.74401365,14.53302961,4.983738282,3.463974663,True,True,True,True,True,True
US.TX,TX,特尔尼翁钢铁,42.72,40.426,38.802,37.091,8386264004,66.272,-11.501,25.69284065,48.27173188,5.674565873,4.185351271,4.61297889,True,True,True,True,True,True
US.TXG,TXG,10x Genomics,21.445,21.412,18.809,17.356,2722575473,165.902,-18.907,8.065001391,26.44494593,0.1541191855,13.83911957,8.371744642,True,True,True,True,True,True
US.TXN,TXN,德州仪器,306.09,230.41,199.337,195.555,2.785794033e+11,102.752,-1.35,150.9676847,310.2787633,32.84579662,15.5881748,1.933982767,True,True,True,True,True,True
US.TYFG,TYFG,TRI-COUNTY FINANCIAL GROUP,55.31,51.222,47.068,45.614,131471759.4,32.958,-2.964,41.59960288,56.99946412,7.980945687,8.825529022,3.187617837,True,True,True,True,True,True
US.TYHOY,TYHOY,TOYOTA TSUSHO CORP UNSP ADR EACH REP 0.5 ORD SHS,23.55,20.8,18.952,17.649,4.972709774e+10,174.155,-5.95,8.590031187,25.03987241,13.22115385,9.750949768,7.382854553,True,True,True,True,True,True
US.TYOBY,TYOBY,TOYOBO CO UNSPON ADR EACH REP 1 ORD,9,7.358,7.257,7.185,794202912,37.614,-20.844,6.540032264,11.369953,22.3158467,1.39175968,1.002087683,True,True,True,True,True,True
US.TYOYY,TYOYY,太阳诱电(ADR),179.68,132.177,101.584,91.766,5617271874,196.648,0,60.57010329,179.68,35.93893037,30.11596314,10.69895168,True,True,True,True,True,True
US.UAN,UAN,CVR Partners,128.325,125.208,105.998,100.457,1356348668,78.396,-5,71.93266665,135.0789474,2.489457543,18.12298345,5.515792827,True,True,True,True,True,True
US.UCTT,UCTT,超科林半导体,84.76,70.369,47.312,41.767,3799651116,347.754,-4.087,18.93003748,88.37175357,20.45076667,48.73393642,13.27603132,True,True,True,True,True,True
US.UFCS,UFCS,联合火险,48.9,39.869,36.853,35.173,1254586517,92.461,-1.945,25.40774495,49.86997093,22.65168427,8.183865628,4.776390982,True,True,True,True,True,True
US.UFGSY,UFGSY,UNIPOL ASSICURAZIONI S.P.A. UNSPON ADR EACH REP 0.5 ORD SHS,13.57,12.161,11.558,11.185,1.94649028e+10,48.306,0,9.150000674,13.57,11.58621824,5.2171656,3.334823424,True,True,True,True,True,True
US.UGP,UGP,Ultrapar Participacoes,5.69,5.623,4.672,4.36,6081286045,116.48,-8.151,2.62841833,6.194950408,1.191534768,20.35530822,7.155963303,True,True,True,True,True,True
US.ULS,ULS,UL Solutions,99.215,88.881,82.337,78.588,1.999808445e+10,61.47,-7.741,61.44485044,107.5396438,11.62678188,7.947824186,4.770448415,True,True,True,True,True,True
US.UMC,UMC,联电,17.285,11.232,9.492,8.862,4.351725647e+10,163.49,-0.202,6.560021253,17.31998637,53.89066952,18.3312263,7.109004739,True,True,True,True,True,True
US.UMICY,UMICY,UMICORE UNSP ADR EACH REP 0.25 ORD SHS,6.92,5.106,5.027,4.749,6658369185,208.475,-9.012,2.243293622,7.605398514,35.52683118,1.571513825,5.853863971,True,True,True,True,True,True
US.UNF,UNF,第一联合,260.21,259.34,212.707,202.326,4705612920,76.83,-8.302,147.1526325,283.7684573,0.3354669546,21.92358503,5.130828465,True,True,True,True,True,True
US.UNFI,UNFI,联合原生态食品,50.895,45.921,39.881,37.451,3091971259,144.923,-4.296,20.78000024,53.17959542,10.83164565,15.14505654,6.488478278,True,True,True,True,True,True
US.UNH,UNH,联合健康,394,320.238,320.143,317.369,3.578497617e+11,71.483,-2.5,229.7603844,404.1025641,23.03349384,0.02967423932,0.8740614238,True,True,True,True,True,True
US.UNIB,UNIB,UNIVERSITY BANCORP,22.75,21.856,18.64,17.857,117606534.5,55.007,-6.65,14.67675653,24.3706481,4.090409956,17.25321888,4.384835079,True,True,True,True,True,True
US.UNIT,UNIT,Uniti Group,11.025,10.062,8.003,7.643,2677042563,108.018,-10.981,5.300022113,12.38499646,9.570661896,25.72785206,4.710192333,True,True,True,True,True,True
US.UNTC,UNTC,UNIT CORP,33.57,33.551,31.557,30.525,332217347.5,57.189,-5.966,21.35645624,35.69985324,0.05663020476,6.318724847,3.380835381,True,True,True,True,True,True
US.UOLGY,UOLGY,UOL GROUP LIMITED SPND LVL1 ADR EACH REPR 4 ORD NPV,32.915,31.605,29.474,27.824,6966378186,90.58,-11.809,17.27096233,37.32240251,4.144913779,7.230101106,5.93013226,True,True,True,True,True,True
US.URGN,URGN,乌龙制药,28.58,21.915,21.707,20.986,1392466215,735.672,-11.708,3.420002106,32.36986363,30.41295916,0.9582162436,3.435623749,True,True,True,True,True,True
US.USAC,USAC,USA Compression,29.655,27.305,24.868,24.247,4299155276,41.31,-0.352,20.98577595,29.75975434,8.606482329,9.799742641,2.561141585,True,True,True,True,True,True
US.USNZY,USNZY,USINAS SID MINAS GERAIS USIMINAS SPON ADR EACH REP 1 PRF NPV,1.83,1.414,1.218,1.125,2252625068,161.428,-5.67,0.7000015301,1.93999788,29.42008487,16.09195402,8.266666667,True,True,True,True,True,True
US.UTHR,UTHR,美国联合医疗,566.86,560.071,502.693,469.208,2.406135507e+10,108.312,-6.973,272.1206652,609.3499737,1.212167743,11.41412353,7.136493836,True,True,True,True,True,True
US.UTI,UTI,环球技术学院,39.765,36.77,31.344,30.66,2189515815,86.777,-4.249,21.2900946,41.52959238,8.145227087,17.31112813,2.230919765,True,True,True,True,True,True
US.UVE,UVE,万全保险,38.845,35.844,32.973,30.914,1084207379,81.249,-7.056,21.43184238,41.79398347,8.372391474,8.707124011,6.660412758,True,True,True,True,True,True
US.UVSP,UVSP,宾夕法尼亚裕益银行,37.905,35.746,33.376,32.469,1055495125,39.595,-2.956,27.15355134,39.05960183,6.039836625,7.100910834,2.793433737,True,True,True,True,True,True
US.VACNY,VACNY,VAT GROUP AG UNSP ADS EACH REP 0.1 ORD SHS,75.69,69.02,57.804,52.639,2.268199626e+10,139.427,-5.36,31.61297598,79.97675402,9.663865546,19.40350149,9.812116492,True,True,True,True,True,True
US.VAL,VAL,华仕伯,101.63,95.941,72.739,66.894,7038058401,188.721,-3.526,35.20007204,105.3444451,5.929685953,31.89760651,8.737704428,True,True,True,True,True,True
US.VARRY,VARRY,VAR ENERGI ASA UNSPON ADS EACH REP 2 ORD SHS,10.1,9.532,7.535,7.229,1.260685156e+10,99.994,-4.446,5.050151505,10.56993951,5.958875367,26.50298607,4.232950616,True,True,True,True,True,True
US.VATE,VATE,Innovate Corp,11.28,8.541,6.282,5.946,153880248.5,200.8,-16.196,3.75,13.45997804,32.0688444,35.95988539,5.650857719,True,True,True,True,True,True
US.VBNK,VBNK,VersaBank,17.27,16.002,14.683,13.91,555530082.7,71.648,-9.178,10.06128822,19.01521658,7.924009499,8.983177825,5.557153127,True,True,True,True,True,True
US.VCTR,VCTR,Victory Capital,84.87,72.626,68.115,67.979,5307014966,51.06,-4.35,56.18297365,88.72974386,16.85897612,6.622623504,0.2000617838,True,True,True,True,True,True
US.VDMCY,VDMCY,VODACOM GROUP LIMITED SPON ADR EA REPR 1 ORD ZAR0.00,9.34,8.953,8.722,8.474,1.804571427e+10,34.754,-14.39,6.931148612,10.90994043,4.322573439,2.64847512,2.926599009,True,True,True,True,True,True
US.VECO,VECO,维易科精密仪器,57.51,42.408,34.411,32.301,3510035722,205.092,-12.104,18.85005179,65.42959862,35.61120543,23.23966174,6.532305501,True,True,True,True,True,True
US.VELO,VELO,Velo3D,18.76,13.005,11.163,9.428,559066797.5,567.615,-21.308,2.810002771,23.83978041,44.25221069,16.50094061,18.40263046,True,True,True,True,True,True
US.VEMLY,VEMLY,VENTURE CORPORATION LTD ADR EACH REP 5 ORD,71.822,63.058,59.849,57.406,4130846280,89.391,0,37.92260456,71.822,13.89831584,5.361827265,4.255652719,True,True,True,True,True,True
US.VET,VET,朱砂能源,12.74,12.675,10.071,9.429,1951768000,113.88,-14.035,5.956611184,14.81998488,0.5128205128,25.85641942,6.808781419,True,True,True,True,True,True
US.VIAV,VIAV,Viavi Solutions,51.45,41.085,26.884,23.053,1.203455991e+10,480.045,-14.86,8.870001465,60.4298802,25.22818547,52.82324059,16.61822756,True,True,True,True,True,True
US.VICR,VICR,Vicor电子,277.098,213.204,151.483,126.042,1.263049393e+10,583.516,-12.537,40.54008977,316.8173971,29.96848089,40.74450598,20.18454166,True,True,True,True,True,True
US.VIK,VIK,Viking Holdings,84.38,77.107,71.32,68.687,3.763952605e+10,99.95,-8.282,42.20055014,91.99938943,9.432347258,8.114133483,3.833330907,True,True,True,True,True,True
US.VIRDY,VIRDY,VIRIDIEN SPON ADR EACH REP 1 ORD(POST REV SPLIT),159.55,152.942,116.216,104.636,1147015321,203.904,-12.98,52.50013162,183.3486555,4.32059212,31.60150065,11.06693681,True,True,True,True,True,True
US.VIRT,VIRT,Virtu金融,54.91,46.784,39.319,39.039,8515791808,75.047,-1.116,31.36871812,55.52971158,17.36918605,18.98573209,0.7172314865,True,True,True,True,True,True
US.VISN,VISN,Vistance Networks,11.435,9.736,9.06,8.678,2580200781,349.067,-13.475,2.546390628,13.21583357,17.45069844,7.461368653,4.40193593,True,True,True,True,True,True
US.VIST,VIST,Vista Energy,71.745,68.728,56.102,51.739,7479876279,126.825,-9.412,31.63011132,79.19923169,4.389768362,22.50543653,8.432710335,True,True,True,True,True,True
US.VLGEA,VLGEA,Village Super Market,45.885,42.508,37.587,37.126,676894143.5,54.521,-0.96,29.69499291,46.32976575,7.944386939,13.09229255,1.241717395,True,True,True,True,True,True
US.VLO,VLO,瓦莱罗能源,247.08,239.501,199.178,187.077,7.336615178e+10,101.601,-4.391,122.5589159,258.4275539,3.164496182,20.24470574,6.468459511,True,True,True,True,True,True
US.VLOWY,VLOWY,VALLOUREC SA SPON ADR EACH REP 0.2 ORD SHS,6.19,5.35,4.469,4.29,7104693360,89.877,-6.917,3.260005161,6.649979051,15.70093458,19.71358246,4.172494172,True,True,True,True,True,True
US.VLPNY,VLPNY,VOESTALPINE AG UNSP ADR EACH REPR 1/5 ORD EUR0.00,10.99,9.681,9.08,8.389,9421211349,134.395,-6.706,4.688666567,11.77996441,13.52133044,6.618942731,8.236976994,True,True,True,True,True,True
US.VLY,VLY,硅谷国家银行,12.865,12.765,12.009,11.521,7128901464,58.389,-8.888,8.12240749,14.1199842,0.7833920877,6.295278541,4.235743425,True,True,True,True,True,True
US.VMI,VMI,维蒙特工业,511.15,445.724,431.559,417.387,9923287709,68.807,-3.281,302.8014241,528.4897487,14.67859034,3.282285852,3.395410015,True,True,True,True,True,True
US.VNOM,VNOM,Viper Energy,48.293,46.213,40.916,39.85,1.733849327e+10,41.676,-4.201,34.08693074,50.41075585,4.500898016,12.94603578,2.675031368,True,True,True,True,True,True
US.VNRFY,VNRFY,VIENNA INSURANCE GROUP AG SPON ADR EA REP 1/5 ORD SHS,15.178,15.012,12.006,10.474,9714016000,177.941,-5.373,5.460871192,16.0398195,1.105782041,25.03748126,14.62669467,True,True,True,True,True,True
US.VOPKY,VOPKY,KONINKLIJKE VOPAK N.V. UNSP ADR EACH REPR 1 SH,51.5,48.825,44.04,42.202,5902324257,42.288,-5.039,36.19419768,54.2327903,5.47875064,10.86512262,4.355243827,True,True,True,True,True,True
US.VOXR,VOXR,Vox Royalty,6.038,5.516,5.089,4.719,416001181.6,100.985,-9.886,3.004204294,6.700401713,9.46337926,8.390646492,7.840644204,True,True,True,True,True,True
US.VPG,VPG,Vishay精密集团,96.35,53.888,44.82,41.055,1281551350,287.181,-8.386,24.8850021,105.1695156,78.79676366,20.23203927,9.170624772,True,True,True,True,True,True
US.VRE,VRE,Veris Residential,18.965,18.89,16.47,16.044,1779637992,40.61,-0.341,13.48766091,19.02989193,0.3970354685,14.69338191,2.655198205,True,True,True,True,True,True
US.VRT,VRT,Vertiv Holdings,369.92,296.616,224.351,203.047,1.422278124e+11,267.062,-2.541,100.7786151,379.56474,24.7134342,32.21068772,10.49215206,True,True,True,True,True,True
US.VSAT,VSAT,卫讯公司,71.19,56.719,45.069,40.996,9669837437,727.213,-5.256,8.60600595,75.13932281,25.51349636,25.84925337,9.935115621,True,True,True,True,True,True
US.VSH,VSH,威世科技,36.535,23.886,18.91,17.942,4972626389,214.429,-8.822,11.6194753,40.06997302,52.95570627,26.31411951,5.395162189,True,True,True,True,True,True
US.VSTS,VSTS,Vestis,12.02,8.834,7.251,6.606,1587903086,202.01,-4.603,3.980000662,12.59997694,36.06520263,21.83147152,9.763851045,True,True,True,True,True,True
US.VTKLY,VTKLY,伟易达(ADR),8,7.979,7.938,7.866,2024328264,41.979,-9.193,5.634636108,8.80989351,0.263190876,0.5165028975,0.9153318078,True,True,True,True,True,True
US.VTR,VTR,芬塔公司,88.525,85.049,79.951,76.743,4.303832058e+10,46.153,-2.708,60.57008751,90.98898162,4.087055697,6.376405548,4.180185815,True,True,True,True,True,True
US.VTRS,VTRS,Viatris,16.63,14.472,12.924,12.138,1.936651064e+10,110.588,-5.134,7.896936198,17.52998967,14.91155334,11.97771588,6.475531389,True,True,True,True,True,True
US.VVX,VVX,V2X,69.295,68.852,63.395,61.642,2169659989,59.592,-11.568,43.42009625,78.35964357,0.6434090513,8.60793438,2.843840239,True,True,True,True,True,True
US.VWDRY,VWDRY,维斯塔斯风力(ADR),9.86,9.392,8.675,8.093,2.913122541e+10,101.998,-6.805,4.881236448,10.57996674,4.982964225,8.265129683,7.191399975,True,True,True,True,True,True
US.WAB,WAB,美国西屋制动,265.04,256.222,232.863,222.743,4.497128378e+10,44.187,-3.915,183.816849,275.8391008,3.441546784,10.03122007,4.543352653,True,True,True,True,True,True
US.WAFD,WAFD,WaFd,34.34,33.128,31.986,31.509,2537330403,32.741,-11.013,25.86992715,38.58990639,3.658536585,3.570312012,1.513853185,True,True,True,True,True,True
US.WARFY,WARFY,九龙仓集团(ADR),7.21,5.999,5.901,5.808,1.101697852e+10,51.272,-4.186,4.766248876,7.524996347,20.18669778,1.660735469,1.601239669,True,True,True,True,True,True
US.WBS,WBS,韦伯斯特金融,71.445,70.322,65.142,63.503,1.157598315e+10,47.102,-2.92,48.56834034,73.59394314,1.596939791,7.951859016,2.580980426,True,True,True,True,True,True
US.WCC,WCC,西科国际,360.18,302.135,277.399,261.278,1.7542528e+10,124.581,-3.695,160.3786607,373.9992731,19.2116107,8.917119384,6.170056415,True,True,True,True,True,True
US.WCCB,WCCB,WEST COAST COMMUNITY BANCORP,49.75,47.986,44.854,43.58,522367736.5,32.575,-0.519,37.52592872,50.00954956,3.676072188,6.982654836,2.923359339,True,True,True,True,True,True
US.WCPRF,WCPRF,WHITECAP RESOURCES INC,11.915,10.905,9.161,8.686,1.446301155e+10,114.554,-1.124,5.553380501,12.05044702,9.261806511,19.03722301,5.468570113,True,True,True,True,True,True
US.WCRS,WCRS,WESTERN CAPITAL RESOURCES INC,17.1,14.457,9.804,8.504,155747706.3,165.833,0,6.432609947,17.1,18.2818012,47.46022032,15.2869238,True,True,True,True,True,True
US.WDC,WDC,西部数据,481.745,358.54,250.725,211.496,1.660488932e+11,887.396,-8.265,48.78944213,525.1485256,34.36297205,43.00129624,18.54834134,True,True,True,True,True,True
US.WEBC,WEBC,WEBCO INDUSTRIES INC,255,245.214,208.035,197.91,179228535,59.574,-4.135,159.8004687,265.9990612,3.990799873,17.87151201,5.115961801,True,True,True,True,True,True
US.WELL,WELL,Welltower,215.52,207.082,195.739,188.452,1.521386823e+11,49.227,-2.776,144.4242664,221.6736608,4.074714364,5.794961658,3.866767134,True,True,True,True,True,True
US.WERN,WERN,沃纳企业,37.185,31.845,30.657,29.839,2229245026,62.698,-3.315,22.85522871,38.45994725,16.7687235,3.875134553,2.741378733,True,True,True,True,True,True
US.WES,WES,Western Midstream,46.34,41.119,39.199,38.422,1.824782725e+10,36.641,-1.362,33.91368623,46.97986577,12.69729322,4.898084135,2.022278903,True,True,True,True,True,True
US.WEYS,WEYS,韦科鞋业,34.67,33.323,31.278,30.382,330481443.3,34.854,-1.449,25.7092856,35.17975464,4.042253098,6.538141825,2.949114607,True,True,True,True,True,True
US.WFRD,WFRD,Weatherford国际,108.74,98.855,87.945,81.281,7821160602,157.703,-2.932,42.19586113,112.0245601,9.999494209,12.4054807,8.198718028,True,True,True,True,True,True
US.WHD,WHD,Cactus,57.445,51.792,48.871,46.601,4605760010,74.044,-2.794,33.00602147,59.09614633,10.9148131,5.976959751,4.871140104,True,True,True,True,True,True
US.WHGLY,WHGLY,万洲国际(ADR),24.98,24.709,22.442,21.726,1.602494423e+10,71.406,-7.941,14.57358552,27.13477227,1.09676636,10.10159522,3.295590537,True,True,True,True,True,True
US.WHWK,WHWK,Whitehawk Therapeutics,4.74,3.899,3.01,2.717,234404674.6,201.91,-13.739,1.570004306,5.494951369,21.56963324,29.53488372,10.78395289,True,True,True,True,True,True
US.WILC,WILC,G. Will食品国际,34.84,28.849,26.66,25.038,491739943,141.029,-4.336,14.45469217,36.41913363,20.76675101,8.210802701,6.478153207,True,True,True,True,True,True
US.WILWY,WILWY,WALLENIUS WILHELMSEN ASA UNSP ADS EACH REPR 2 ORD SHS,23.87,23.183,17.871,16.505,5046053145,130.124,-14.714,10.37266865,27.98818094,2.963378338,29.72413407,8.276279915,True,True,True,True,True,True
US.WLACU,WLACU,WILLOW LANE ACQUISITION CORP UNITS EXP 29/10/2029 (1 CL A AND 1/2 WT),28.38,16.511,14.281,13.252,490368768.1,180.712,0,10.11000598,28.38,71.88540973,15.615153,7.764865681,True,True,True,True,True,True
US.WLMIY,WLMIY,WILMAR INTERNATIONAL LTD UNSP ADR EACH REPR 10 ORD,29.7,29.089,25.991,25.002,1.854140947e+10,40.96,-3.049,21.06980704,30.63403162,2.100450342,11.9195106,3.955683545,True,True,True,True,True,True
US.WLWHY,WLWHY,WOOLWORTHS HLDGS SPONS GDR EACH REP 1 ORD ZAR0.0015,3.37,3.325,3.277,3.195,2962529586,31.264,-15.229,2.567345197,3.975416121,1.353383459,1.464754348,2.566510172,True,True,True,True,True,True
US.WMB,WMB,威廉姆斯,77.15,73.24,66.117,64.175,9.435431614e+10,41.551,-1.39,54.50332389,78.23750127,5.33861278,10.77332607,3.026100506,True,True,True,True,True,True
US.WMT,WMT,沃尔玛,131.81,126.374,117.923,113.576,1.05065626e+12,42.257,-1.751,92.6562489,134.1591263,4.301517717,7.166540878,3.827393111,True,True,True,True,True,True
US.WOLF,WOLF,Wolfspeed,61.525,27.142,22.859,18.694,2974061959,15773.282,-16.564,0.3876010015,73.73915336,126.6782109,18.73660265,22.2798759,True,True,True,True,True,True
US.WSFS,WSFS,WSFS金融,69.9,67.58,61.155,59.63,3637878815,41.233,-4.268,49.49268231,73.01633727,3.432968334,10.50609108,2.557437531,True,True,True,True,True,True
US.WSR,WSR,Whitestone REIT,18.995,17.718,14.934,14.262,976228593.1,68.818,-0.078,11.25176225,19.00982767,7.207359747,18.64202491,4.711821624,True,True,True,True,True,True
US.WST,WST,West Pharmaceutical Services,301.58,270.504,266.222,262.44,2.13059017e+10,48.51,-8.855,203.0705003,330.879368,11.48818502,1.60843206,1.441091297,True,True,True,True,True,True
US.WT,WT,智慧树,19.355,16.29,14.429,14.2,2960178223,111.193,-2.493,9.164602993,19.84985693,18.81522406,12.8976367,1.612676056,True,True,True,True,True,True
US.WTBFB,WTBFB,W T B FINANCIAL CORP,398.78,387.412,361.952,346.564,978019913.4,46.44,-1.072,272.316307,403.1012454,2.934343799,7.034081867,4.440161125,True,True,True,True,True,True
US.WTI,WTI,W&T海底钻探,4.685,3.447,2.495,2.323,697023515.1,254.42,-2.192,1.321877998,4.789996728,35.91528866,38.15631263,7.404218683,True,True,True,True,True,True
US.WTTR,WTTR,Select Water Solutions,18.8,15.609,12.797,11.863,2598503914,146.517,-0.66,7.6262489,18.92490437,20.44333397,21.97390013,7.873219253,True,True,True,True,True,True
US.WULF,WULF,TeraWulf,22.4,18.629,15.575,14.019,1.110240891e+10,559.941,-13.024,3.394242819,25.75423105,20.24263245,19.60834671,11.09922248,True,True,True,True,True,True
US.WUXAY,WUXAY,WUXI APPTEC CO LTD UNSPON ADS EACH REP 1 ORD SHS,16.39,15.509,14.38,14.205,4.890377977e+10,104.461,-8.864,8.016198688,17.98411166,5.680572571,7.851182197,1.231960577,True,True,True,True,True,True
US.XHR,XHR,Xenia Hotels & Resorts,15.88,15.502,14.596,14.29,1464863860,45.786,-7.835,10.89267831,17.22996799,2.438395046,6.207180049,2.141357593,True,True,True,True,True,True
US.XIFR,XIFR,XPLR Infrastructure LP,11.3,10.502,10.075,10.067,1065282584,41.426,-10.388,7.990044263,12.60991831,7.598552657,4.2382134,0.0794675673,True,True,True,True,True,True
US.XOM,XOM,埃克森美孚,155.98,153.9,134.532,128.048,6.465288583e+11,59.067,-10.98,98.05930834,175.2190519,1.351526966,14.39657479,5.063726103,True,True,True,True,True,True
US.XWIN,XWIN,XMax Inc,8.31,7.299,6.31,5.628,528001069.5,814.978,-4.469,0.9082185583,8.698747004,13.85121249,15.67353407,12.11798152,True,True,True,True,True,True
US.XYIGY,XYIGY,信义玻璃(ADR),26.47,25.838,24.003,23.404,5855308076,48.51,-11.737,17.82371557,29.9899165,2.446009753,7.644877724,2.559391557,True,True,True,True,True,True
US.YARIY,YARIY,YARA INTERNATIONAL ASA SPON ADR EACH REP 0.50 ORD SHS,28.67,27.409,22.298,21.156,1.460596745e+10,74.848,-4.563,16.39709919,30.04075987,4.600678609,22.92133824,5.39799584,True,True,True,True,True,True
US.YASKY,YASKY,安川电机(ADR),88.89,64.536,61.738,56.878,1.152760898e+10,136.85,-1.8,37.53008233,90.51934827,37.73707698,4.532054812,8.544604241,True,True,True,True,True,True
US.YOU,YOU,Clear Secure,58.57,52.063,40.588,38.943,7827370238,150.058,-5.042,23.42256596,61.67990059,12.49831934,28.27190303,4.224122435,True,True,True,True,True,True
US.YPF,YPF,阿根廷YPF,43.69,42.41,37.652,35.57,1.714442182e+10,91.454,-10.754,22.820103,48.95457499,3.018156095,12.63677892,5.853247118,True,True,True,True,True,True
US.ZGN,ZGN,Ermenegildo Zegna NV,12.695,11.23,10.629,10.165,5373709713,66.929,-5.119,7.605029683,13.379918,13.04541407,5.654341895,4.564682735,True,True,True,True,True,True
US.ZION,ZION,齐昂银行,59.58,58.811,56.962,56.323,8759317702,35.043,-8.673,44.11928053,65.23810045,1.307578514,3.246023665,1.134527635,True,True,True,True,True,True
US.ZM,ZM,Zoom通讯,101.015,87.482,86.118,84.452,2.977331707e+10,46.08,-9.452,69.1504655,111.5596148,15.469468,1.58387329,1.97271823,True,True,True,True,True,True
US.ZNOG,ZNOG,ZION OIL & GAS INC,0.433,0.389,0.307,0.281,511373000,230.534,-3.777,0.1310001392,0.4499963626,11.31105398,26.71009772,9.252669039,True,True,True,True,True,True
US.ZWS,ZWS,Zurn Elkay Water Solutions,48.815,47.95,47.709,47.218,8145852433,40.151,-9.198,34.83029019,53.75982908,1.803962461,0.5051457796,1.039857681,True,True,True,True,True,True
