code,ticker,name,price,ma50,ma150,ma200,market_cap,avg_dollar_volume_5d,price_to_52w_low_pct,price_to_52w_high_pct,estimated_52w_low,estimated_52w_high,price_above_ma50_pct,ma50_above_ma150_pct,ma150_above_ma200_pct,futu_filter_price_gt_ma50,futu_filter_ma50_gt_ma150,futu_filter_ma150_gt_ma200,futu_filter_gt_30_pct_above_52w_low,futu_filter_market_cap_gte_min,futu_filter_avg_dollar_volume_5d_gte_min,futu_filter_within_25_pct_of_52w_high
US.AAGIY,AAGIY,友邦保险(ADR),44.54,43.666,42.34,41.175,1.158117208e+11,56872869.38,40.741,-4.91,31.64678381,46.83983594,2.001557276,3.131790269,2.829386764,True,True,True,True,True,True,True
US.AAMI,AAMI,Acadian Asset Management,68.31,60.523,52.854,51.37,2433816170,127136831.2,136.355,-6.552,28.90144063,73.09947778,12.8661831,14.50978166,2.88884563,True,True,True,True,True,True,True
US.AAOI,AAOI,Applied Optoelectronics,192.96,135.56,70.39,59.191,1.549206981e+10,1.337574917e+10,1181.972,-17.377,15.0518108,233.5427181,42.342874,92.58417389,18.9201061,True,True,True,True,True,True,True
US.AAON,AAON,艾伦建材,134.295,95.04,93.186,91.428,1.100033309e+10,826699478.7,117.375,-9.869,61.78033353,148.9997892,41.30366162,1.989569249,1.922824518,True,True,True,True,True,True,True
US.ABBNY,ABBNY,ABB LTD SPON ADR EACH REP 1 ORD SHS,103.94,91.517,81.28,77.974,1.88702371e+11,124289742.6,87.691,-3.616,55.37825468,107.8394754,13.57452714,12.59473425,4.23987483,True,True,True,True,True,True,True
US.ABCB,ABCB,ABC银行,82.59,80.866,78.219,76.59,5557687823,136816633.1,40.255,-6.137,58.88560123,87.98994279,2.131921945,3.384088265,2.126909518,True,True,True,True,True,True,True
US.ABEV,ABEV,Ambev SA,3.075,3.001,2.69,2.545,4.788603417e+10,338715445.1,54.644,-10.866,1.988437961,3.449862006,2.465844718,11.56133829,5.697445972,True,True,True,True,True,True,True
US.ABSI,ABSI,Absci Corp,5.095,3.723,3.472,3.311,794336260.3,117297579.5,127.455,-24.181,2.240003517,6.719951463,36.85200107,7.229262673,4.862579281,True,True,True,True,True,True,True
US.ACA,ACA,Arcosa,125.19,114.1,110.32,106.289,6146373809,149937986.4,53.055,-7.663,81.79412629,135.5794535,9.719544259,3.426395939,3.792490286,True,True,True,True,True,True,True
US.ACLS,ACLS,Axcelis Technologies,154.76,116.643,95.877,93.08,4756377900,409561503.9,176.703,-9.818,55.93000437,171.608525,32.67834332,21.65900059,3.004941985,True,True,True,True,True,True,True
US.ACLX,ACLX,Arcellx,115.07,110.813,87.67,83.718,6732325464,2218957457,140.429,-0.052,47.86028308,115.1298675,3.841607032,26.39785559,4.720609666,True,True,True,True,True,True,True
US.ACMR,ACMR,ACM Research,62.67,49.541,46.673,42.878,4150312728,673945199,186.52,-12.533,21.87281865,71.64987938,26.50128177,6.144880338,8.850692663,True,True,True,True,True,True,True
US.ACRS,ACRS,Aclaris Therapeutics,4.735,4.08,3.294,2.93,661307524.8,36999971.31,288.114,-8.058,1.22000237,5.149985861,16.05392157,23.86156648,12.42320819,True,True,True,True,True,True,True
US.AD,AD,Array Digital Infrastructure,50.535,48.62,45.465,44.753,4368397005,61434487.81,47.287,-13.304,34.31056373,58.2898865,3.93870835,6.939403937,1.590954796,True,True,True,True,True,True,True
US.ADAM,ADAM,Adamas Trust Inc,8.74,7.898,7.425,7.173,785386083.9,41008082.37,57.855,-6.223,5.536726743,9.319982512,10.66092682,6.37037037,3.513174404,True,True,True,True,True,True,True
US.ADEA,ADEA,Adeia,30.08,27,19.929,18.784,3317635970,479809807.7,160.739,-12.405,11.53644066,34.33985958,11.40740741,35.4809574,6.095613288,True,True,True,True,True,True,True
US.ADI,ADI,亚德诺,420.29,356.438,305.857,289.156,2.051848841e+11,6784718387,107.134,-3.542,202.9072967,435.72332,17.9139149,16.53746686,5.775775014,True,True,True,True,True,True,True
US.ADM,ADM,Archer Daniels Midland,80.14,72.424,65.427,63.916,3.862399607e+10,1254636813,75.438,-3.561,45.67995531,83.09916113,10.65392688,10.69436165,2.364040303,True,True,True,True,True,True,True
US.ADTN,ADTN,亚川,14.85,14.114,10.744,10.376,1202821785,151608092.7,108.86,-20.545,7.110025855,18.68982443,5.214680459,31.36634401,3.546646106,True,True,True,True,True,True,True
US.AEG,AEG,荷兰全球保险,8.37,7.652,7.64,7.619,1.323728587e+10,126563919.9,30.778,-1.297,6.400159048,8.479985411,9.383167799,0.1570680628,0.2756267227,True,True,True,True,True,True,True
US.AEHR,AEHR,Aehr Test Systems,101.09,66.455,39.664,35.957,3179609447,1321149975,1117.042,-7.044,8.306204716,108.7503765,52.11797457,67.54487697,10.30953639,True,True,True,True,True,True,True
US.AER,AER,AerCap飞机租赁,140.24,140.065,138.783,133.604,2.340276695e+10,658562647.4,34.051,-8.991,104.6168995,154.09465,0.1249419912,0.9237442626,3.876380947,True,True,True,True,True,True,True
US.AESI,AESI,Atlas Energy Solutions,18.895,14.602,11.813,11.717,2360091010,283346314.5,147.261,-3.646,7.641722714,19.60997987,29.40008218,23.60958266,0.8193223521,True,True,True,True,True,True,True
US.AGX,AGX,Argan,710,581.987,425.67,379.171,9911930150,906066478.7,289.455,-5.143,182.3060431,748.4951032,21.99585214,36.72257852,12.26333238,True,True,True,True,True,True,True
US.AHR,AHR,American Healthcare REIT,49.85,49.777,48.334,46.484,9607207054,514599240.3,51.424,-8.328,32.92080516,54.37865433,0.1466540772,2.985476062,3.979864039,True,True,True,True,True,True,True
US.AIBGY,AIBGY,AIB GROUP PLC UNSPON ADR EACH REP 2 ORD SHS,22.24,21.513,20.129,19.146,2.360559338e+10,17936765.45,63.907,-8.061,13.56867004,24.18995203,3.37935202,6.875652044,5.134231693,True,True,True,True,True,True,True
US.AIP,AIP,Arteris,33.31,21.978,17.499,15.604,1540297320,265214033.8,385.024,-13.283,6.867701392,38.4123067,51.56065156,25.59574833,12.14432197,True,True,True,True,True,True,True
US.AIT,AIT,应用工业技术,308.38,282.798,270.133,268.016,1.139758325e+10,293102536.4,42.134,-2.591,216.9642732,316.5826566,9.046032857,4.688431254,0.7898782162,True,True,True,True,True,True,True
US.AKAM,AKAM,阿克迈,150.31,111.595,96.324,91.292,2.185288714e+10,5053751622,115.405,-9.15,69.78018152,165.4485416,34.69241453,15.85378514,5.511983525,True,True,True,True,True,True,True
US.ALB,ALB,美国雅保,184.18,182.937,154.042,135.509,2.172120402e+10,1922240298,249,-16.66,52.77363897,220.9983201,0.6794688882,18.75787123,13.67658237,True,True,True,True,True,True,True
US.ALGM,ALGM,Allegro Microsystems,42.55,38.288,33.429,32.678,7884126518,550708107.6,89.869,-17.217,22.41018808,51.39944191,11.13142499,14.53528374,2.298182263,True,True,True,True,True,True,True
US.ALKS,ALKS,阿尔凯默斯,37.598,32.58,31.352,30.64,6266593654,438963379.8,49.403,-4.96,25.16549199,39.56018519,15.40208717,3.916815514,2.323759791,True,True,True,True,True,True,True
US.ALRS,ALRS,Alerus Financial,26.43,24.974,23.421,22.939,664150113.8,15671098.11,34.099,-4.239,19.70931923,27.59996241,5.830063266,6.630801418,2.101224988,True,True,True,True,True,True,True
US.AMAT,AMAT,应用材料,438.64,380.846,313.88,280.823,3.480614155e+11,2.044146969e+10,187.514,-2.2,152.5630056,448.5071575,15.17516266,21.33490506,11.77147171,True,True,True,True,True,True,True
US.AMD,AMD,美国超微公司,434.34,279.417,242.406,224.24,7.083166116e+11,6.970666025e+10,303.456,-7.421,107.654862,469.1560721,55.44508745,15.26818643,8.101141634,True,True,True,True,True,True,True
US.AME,AME,阿美特克,227.44,225.353,213.753,206.541,5.212993077e+10,1367466815,31.014,-6.472,173.599768,243.1785134,0.9261026035,5.426824419,3.491800659,True,True,True,True,True,True,True
US.AMG,AMG,Affiliated Managers,294.3,286.979,284.064,270.285,7773076616,300695298.1,70.595,-12.085,172.5138486,334.7551612,2.551057743,1.0261772,5.097952162,True,True,True,True,True,True,True
US.AMKR,AMKR,艾马克技术,70.83,58.769,47.38,41.951,1.755681045e+10,1227480966,302.859,-10.602,17.58183384,79.2299604,20.52272457,24.03756859,12.94128865,True,True,True,True,True,True,True
US.AMX,AMX,美洲移动,26.585,25.581,23.285,22.367,7.99650215e+10,139513747.6,64.756,-4.37,16.13598291,27.7998536,3.924787929,9.860425166,4.104260741,True,True,True,True,True,True,True
US.AMZN,AMZN,亚马逊,262.225,236.67,230.542,229.408,2.820783022e+12,4.385901931e+10,33.788,-5.864,196.0003887,278.5597434,10.79773524,2.658083993,0.4943158042,True,True,True,True,True,True,True
US.ANAB,ANAB,AnaptysBio,63.58,50.543,36.579,31.256,1850235349,179240728.9,457.599,-12.133,11.40245947,72.35936131,25.79387848,38.1749091,17.03033018,True,True,True,True,True,True,True
US.APA,APA,阿帕奇石油,38.145,38.142,29.439,27.513,1.348135446e+10,904292748.3,145.995,-15.91,15.50641273,45.36211202,0.007865345289,29.56282482,7.000327118,True,True,True,True,True,True,True
US.APLD,APLD,Applied Digital,43.39,31.28,31.022,27.877,1.23995403e+10,3879632860,585.466,-9.206,6.330000321,47.78950151,38.71483376,0.8316678486,11.28170176,True,True,True,True,True,True,True
US.APLE,APLE,Apple Hospitality REIT,13.745,12.511,11.882,11.82,3244748530,154749906.7,31.816,-3.16,10.42741397,14.19351508,9.863320278,5.293721596,0.524534687,True,True,True,True,True,True,True
US.APLS,APLS,Apellis Pharmaceuticals,41.03,32.781,26.259,25.968,5252712995,3801212049,147.019,-0.267,16.61005834,41.13984338,25.16396693,24.83719867,1.120609982,True,True,True,True,True,True,True
US.ARCB,ARCB,ArcBest,119.8,106.818,90.073,85.517,2667200844,197733852.2,102.003,-11.238,59.30604991,134.9676663,12.15338239,18.59047661,5.327595683,True,True,True,True,True,True,True
US.ARKO,ARKO,ARKO Corp,6.965,6.016,5.315,5.158,781373546.8,26693033.88,90.001,-5.108,3.66577018,7.339923281,15.77460106,13.18908749,3.043815432,True,True,True,True,True,True,True
US.ARM,ARM,Arm Holdings,212.325,167.874,144.229,144.046,2.259138e+11,8685141626,112.282,-11.346,100.0202561,239.4984998,26.47878766,16.39406777,0.1270427502,True,True,True,True,True,True,True
US.ARMK,ARMK,Aramark,52.49,43.445,40.151,39.818,1.380243257e+10,1331569231,50.611,-1.464,34.85137208,53.26987091,20.81942686,8.204029788,0.8363051886,True,True,True,True,True,True,True
US.AROC,AROC,Archrock,37.53,36.227,29.981,28.477,6577567698,317250262.3,81.051,-5.879,20.72896587,39.87420448,3.596764844,20.83319436,5.281455209,True,True,True,True,True,True,True
US.AROW,AROW,箭牌金融,35.36,34.719,32.199,31.06,584466111.8,11204937.87,49.311,-6.395,23.68211317,37.77575984,1.846251332,7.82633001,3.667095943,True,True,True,True,True,True,True
US.ARR,ARR,Armour住宅房产信托,16.86,16.794,16.336,15.617,2091417516,249757659.2,34.874,-7.764,12.50055607,18.27919684,0.3929974991,2.803623898,4.603957226,True,True,True,True,True,True,True
US.ARW,ARW,艾睿,210.6,165.68,136.907,133.453,1.076880903e+10,678500003.3,106.896,-2.353,101.7902714,215.6748287,27.11250604,21.01645643,2.588177111,True,True,True,True,True,True,True
US.ARWR,ARWR,Arrowhead Pharmaceuticals,78.14,66.499,60.165,51.644,1.100727191e+10,636636909.9,446.464,-5.002,14.29920361,82.25436325,17.5055264,10.52771545,16.49949655,True,True,True,True,True,True,True
US.ASC,ASC,Ardmore Shipping,18.895,16.269,13.675,13.131,770965391.5,62063895.06,109.945,-5.642,8.999976184,20.02479917,16.1411273,18.96892139,4.142868022,True,True,True,True,True,True,True
US.ASMIY,ASMIY,ASM INTERNATIONAL NV SPON ADR EACH REP 1 ORD SHS,1003.29,880.59,754.485,697.441,4.904690517e+10,25779617.77,117.082,-5.438,462.1709769,1060.986443,13.93383981,16.71404998,8.179043102,True,True,True,True,True,True,True
US.ASML,ASML,阿斯麦,1519.37,1415.56,1262.357,1152.72,5.855920377e+11,1.25118004e+10,123.476,-5.246,679.8806136,1603.489035,7.333493458,12.13626573,9.511156222,True,True,True,True,True,True,True
US.ASMVY,ASMVY,ASM太平洋(ADR),65.485,50.347,39.559,36.711,9120265818,14367238.76,236.209,-7.923,19.47746788,71.11982363,30.06733271,27.27065902,7.75789273,True,True,True,True,True,True,True
US.ASND,ASND,Ascendis Pharma A/S,242.05,231.875,219.71,213.76,1.495378849e+10,581249859.1,57.697,-3.465,153.4905547,250.7380743,4.388140162,5.536844022,2.783495509,True,True,True,True,True,True,True
US.ASRT,ASRT,Assertio,23.34,17.769,13.544,13.259,150827281.2,61218634.95,171.08,-0.085,8.610004427,23.35985588,31.35235523,31.19462493,2.14948337,True,True,True,True,True,True,True
US.ASX,ASX,日月光半导体,34.3,26.705,20.396,17.955,7.65020364e+10,1144117648,284.973,-3.948,8.909715746,35.70982385,28.44036697,30.93253579,13.59509886,True,True,True,True,True,True,True
US.ASYS,ASYS,Amtech Systems,20.94,15.197,12.497,11.18,303610902.7,38646977.73,481.343,-12.384,3.602004324,23.89974434,37.79035336,21.60518524,11.77996422,True,True,True,True,True,True,True
US.ATEN,ATEN,A10 Networks,27.88,24.714,20.221,19.574,2007309119,97357710.95,69.627,-2.274,16.43606266,28.52874363,12.81055272,22.2194748,3.305405129,True,True,True,True,True,True,True
US.ATEX,ATEX,Anterix,57.3,43.218,30.485,28.376,1073394540,82659325.34,225.938,-1.189,17.58003056,57.9894951,32.5836457,41.76808266,7.432337186,True,True,True,True,True,True,True
US.ATEYY,ATEYY,爱德万测试(ADR),170.69,164.086,148.355,133.057,1.238393379e+11,43842723.87,263.402,-13.932,46.97002218,198.3199331,4.024718745,10.6036197,11.49732821,True,True,True,True,True,True,True
US.ATI,ATI,ATI Inc,157.365,153.628,127.837,115.189,2.147566874e+10,975607055.7,123.466,-8.032,70.42010865,171.108429,2.432499284,20.17491024,10.98021512,True,True,True,True,True,True,True
US.ATKR,ATKR,Atkore,73.88,66.682,66.231,64.666,2494725612,123629637.8,40.317,-6.516,52.65220893,79.02956656,10.79451726,0.6809500083,2.420128043,True,True,True,True,True,True,True
US.ATOM,ATOM,Atomera,8.65,6.076,4.088,4.017,334897725,85974066.75,357.309,-24.651,1.891500058,11.47991347,42.36339697,48.63013699,1.767488175,True,True,True,True,True,True,True
US.ATRO,ATRO,Astronics,80.225,72.254,64.627,58.231,2875292480,318769450.2,194.186,-4.448,27.27016241,83.95951942,11.03191519,11.801569,10.98384022,True,True,True,True,True,True,True
US.ATS,ATS,ATS Corp,32.14,31.189,29.232,28.833,3151642872,15562228.19,34.787,-9.971,23.84502957,35.6996079,3.049151945,6.694718117,1.383831027,True,True,True,True,True,True,True
US.AUPH,AUPH,Aurinia Pharmaceuticals,15.52,15.304,14.836,14.124,1995897934,97386250.41,113.04,-8.056,7.285016898,16.8798399,1.411395714,3.154489081,5.041064854,True,True,True,True,True,True,True
US.AVBP,AVBP,ArriVent BioPharma,27.913,26.686,23.263,22.192,1300022678,39333239.44,73.369,-13.153,16.10034089,32.14043087,4.597916511,14.71435326,4.826063446,True,True,True,True,True,True,True
US.AVGO,AVGO,博通,426.49,369.278,354.398,345.841,2.019951487e+12,3.381633736e+10,94.082,-3.555,219.7473233,442.2105863,15.49293486,4.198669293,2.474258402,True,True,True,True,True,True,True
US.AVNS,AVNS,Avanos Medical,24.725,18.963,14.525,13.79,1157743007,112021806.7,165.774,-0.742,9.303016849,24.90983095,30.38548753,30.55421687,5.329949239,True,True,True,True,True,True,True
US.AVR,AVR,安特瑞斯科技,7.145,5.961,5.369,5.093,695510040.4,27063123.55,150.701,-4.606,2.850008576,7.489988888,19.86243919,11.02626187,5.419202827,True,True,True,True,True,True,True
US.AVT,AVT,安富利,84.64,70.256,58.645,56.995,6942518216,436905722.1,93.739,-3.224,43.68764162,87.45970075,20.4736962,19.79878933,2.894990789,True,True,True,True,True,True,True
US.AXGN,AXGN,AxoGen,41,35.878,31.073,27.285,2180290784,147114427,344.926,-10.538,9.215015531,45.82951421,14.27615809,15.46358575,13.88308594,True,True,True,True,True,True,True
US.AXSM,AXSM,Axsome Therapeutics,228.682,183.068,166.018,153.531,1.176790677e+10,657361003.3,137.986,-3.066,96.09052633,235.9151588,24.9164245,10.26997073,8.133210882,True,True,True,True,True,True,True
US.AXTI,AXTI,AXT Inc,122.51,71.971,35.079,27.161,8014994272,4623670759,8777.536,-8.574,1.380000036,133.9990812,70.22133915,105.1683343,29.15209307,True,True,True,True,True,True,True
US.AYA,AYA,Aya Gold & Silver,19.06,16.818,15.287,14.041,2732246216,42570489.63,156.873,-13.363,7.42000911,21.99983841,13.33095493,10.01504546,8.874011823,True,True,True,True,True,True,True
US.AZZ,AZZ,AZZ Inc,142.01,133.632,120.074,117.946,4243302681,149788102.6,65.01,-6.369,86.06145082,151.6698529,6.269456418,11.29137032,1.804215488,True,True,True,True,True,True,True
US.BAK,BAK,Braskem,4.77,3.991,3.403,3.318,1900769663,97309365.3,105.603,-11.584,2.320005058,5.39495114,19.51891756,17.27887158,2.561784207,True,True,True,True,True,True,True
US.BAND,BAND,Bandwidth,54.99,25.583,18.275,17.571,1760631712,244454317.1,339.92,-1.627,12.5,55.89948461,114.947426,39.98905609,4.006601787,True,True,True,True,True,True,True
US.BB,BB,黑莓,6.205,4.408,4.163,4.133,3636511030,570291835.3,98.871,-6.127,3.120113038,6.609994354,40.76678766,5.885178957,0.7258649891,True,True,True,True,True,True,True
US.BC,BC,宾士域,77.34,75.953,75.16,71.955,5025123035,167215977.1,61.275,-13.879,47.95535576,89.80388059,1.826129317,1.055082491,4.454172747,True,True,True,True,True,True,True
US.BE,BE,Bloom Energy,281.111,199.725,149.267,127.012,8.007379328e+10,1.169230684e+10,1554.967,-9.19,16.9858976,309.5595199,40.74902992,33.80385484,17.52196643,True,True,True,True,True,True,True
US.BEAM,BEAM,Beam Therapeutics,28.25,27.72,27.219,25.527,2906337796,300057917.1,84.039,-22.475,15.35000734,36.43985811,1.911976912,1.840626033,6.628275943,True,True,True,True,True,True,True
US.BELFA,BELFA,Bel Fuse-A,228.665,217.457,179.601,163.856,2909237796,35455057.01,264.875,-17.211,62.66940733,276.2021525,5.154122424,21.07783364,9.609046968,True,True,True,True,True,True,True
US.BELFB,BELFB,Bel Fuse-B,258.215,237.955,199.728,184.391,3620873288,572167189.3,274.907,-16.237,68.87441419,308.2685673,8.514214873,19.13952976,8.317651078,True,True,True,True,True,True,True
US.BEN,BEN,Franklin Resources,31.76,26.501,24.764,24.473,1.650367627e+10,476347817.7,59.437,-2.096,19.92009383,32.43994117,19.84453417,7.014214182,1.189065501,True,True,True,True,True,True,True
US.BEP,BEP,Brookfield Renewable Partners LP,33.77,32.895,30.043,28.73,1.024162934e+10,67238498.28,57.696,-6.116,21.41462054,35.96992033,2.65997872,9.493059947,4.570135747,True,True,True,True,True,True,True
US.BFC,BFC,Bank First,141.535,139.444,133.696,131.235,1579979124,45263614.08,31.643,-7.143,107.5142621,152.4225422,1.499526692,4.299305888,1.875261935,True,True,True,True,True,True,True
US.BFH,BFH,Bread Financial,86.07,80.218,73.241,70.056,3477836085,187905248.5,76.831,-13.174,48.6735923,99.12929307,7.295120796,9.526085116,4.54636291,True,True,True,True,True,True,True
US.BHE,BHE,Benchmark Electronics,84.29,65.688,53.69,49.993,3024075364,147614005.3,147.59,-3.921,34.04418595,87.72988895,28.31871879,22.34680574,7.395035305,True,True,True,True,True,True,True
US.BHP,BHP,必和必拓,84.3,76.403,66.638,63.125,2.141510913e+11,1258404618,92.081,-7.818,43.88773486,91.44952377,10.33598157,14.65380113,5.565148515,True,True,True,True,True,True,True
US.BIIB,BIIB,渤健公司,191.46,185.359,177.006,167.713,2.826660242e+10,1454666615,58.166,-7.044,121.050036,205.9684152,3.291450644,4.719049072,5.541013517,True,True,True,True,True,True,True
US.BIP,BIP,Brookfield基础设施,37.985,36.591,35.65,34.359,1.747338895e+10,125861064.1,33.031,-5.791,28.55349505,40.31992697,3.809679976,2.639551192,3.757385256,True,True,True,True,True,True,True
US.BK,BK,纽约梅隆银行,136.685,125.784,118.019,114.398,9.381771977e+10,1976018433,59.31,-1.381,85.79812943,138.5990529,8.666444063,6.579449072,3.165265127,True,True,True,True,True,True,True
US.BKR,BKR,Baker Hughes,64.45,62.348,54.851,52.473,6.393882752e+10,1749754604,82.982,-8.158,35.2220437,70.17486553,3.371399243,13.66793677,4.531854478,True,True,True,True,True,True,True
US.BKSY,BKSY,BlackSky Technology,40.76,31.946,24.789,23.471,1512563900,563889130.4,312.702,-8.814,9.87637569,44.69984427,27.59030865,28.87167695,5.615440331,True,True,True,True,True,True,True
US.BLDP,BLDP,巴拉德动力系统,3.985,2.997,2.849,2.713,1201381258,204584928.8,221.37,-18.004,1.240003734,4.85999317,32.96629963,5.194805195,5.012900848,True,True,True,True,True,True,True
US.BLX,BLX,拉丁美洲出口银行,52.46,51.869,47.014,46.135,1953096712,31148733.19,42.268,-8.055,36.87406866,57.05584861,1.139408895,10.32671119,1.905277989,True,True,True,True,True,True,True
US.BMO,BMO,蒙特利尔银行,151.925,143.814,134.573,130.619,1.072887899e+11,815223494.8,53.51,-2.612,98.96749397,155.9997125,5.63992379,6.866904951,3.027124691,True,True,True,True,True,True,True
US.BNL,BNL,Broadstone Net Lease,19.61,19.366,18.351,18.035,3760542144,137539462.4,37.226,-4.224,14.29029484,20.474858,1.259940101,5.531033731,1.7521486,True,True,True,True,True,True,True
US.BNPQY,BNPQY,法国巴黎银行ADR,50.67,49.952,47.107,46.258,1.115500697e+11,80429327.09,39.032,-9.026,36.44484723,55.69723218,1.437379885,6.039442121,1.835358208,True,True,True,True,True,True,True
US.BNS,BNS,丰业银行,76.88,72.865,70.915,67.971,9.467261978e+10,733650865,58.35,-2.683,48.55067888,78.99955815,5.510190078,2.749770852,4.331258919,True,True,True,True,True,True,True
US.BORR,BORR,Borr Drilling,6.215,5.679,4.621,4.143,1915469681,121876763.6,300.967,-1.816,1.550002868,6.329951927,9.438281388,22.89547717,11.53753319,True,True,True,True,True,True,True
US.BPOP,BPOP,大众银行,143.07,140.6,129.565,127.358,9233410027,267985013.2,45.902,-6.458,98.05897109,152.9473392,1.756756757,8.516960599,1.732910379,True,True,True,True,True,True,True
US.BRUN,BRUN,Boost Run,29.29,14.148,12.71,12.266,1428727361,262806124.2,189.713,-7.015,10.11000542,31.49970425,107.025728,11.31392604,3.619761944,True,True,True,True,True,True,True
US.BSRR,BSRR,塞拉银行,37.28,34.988,33.16,32.095,487591979.5,10742321.04,44.639,-2.727,25.77451448,38.32512619,6.550817423,5.512665862,3.318273874,True,True,True,True,True,True,True
US.BTE,BTE,Baytex Energy,5.125,4.439,3.546,3.217,3707425000,396925464.1,236.726,-2.194,1.522008992,5.239964828,15.45393107,25.18330513,10.22691949,True,True,True,True,True,True,True
US.BTI,BTI,英美烟草,64.86,58.607,56.591,55.71,1.403491817e+11,1861083530,59.806,-3.61,40.58671139,67.28913788,10.66937397,3.562403916,1.581403698,True,True,True,True,True,True,True
US.BTSG,BTSG,BrightSpring Health Services,57.52,46.464,39.819,36.126,1.115418625e+10,598417657.3,202.577,-1.96,19.01003711,58.66993064,23.79476584,16.68801326,10.22255439,True,True,True,True,True,True,True
US.BUD,BUD,百威英博,80.7,72.888,68.224,65.957,1.574257041e+11,459230089.2,44.162,-1.219,55.97869064,81.69587269,10.71781363,6.83630394,3.4370878,True,True,True,True,True,True,True
US.BVN,BVN,布埃纳文图拉开采,34.43,34.239,30.824,28.038,8744767831,198291996.4,146.909,-20.684,13.94440867,43.40864391,0.557843395,11.07902933,9.93651473,True,True,True,True,True,True,True
US.BVS,BVS,Bioventus,10.475,9.559,8.282,7.964,875026872.9,18920526.55,80.292,-6.883,5.810019302,11.24928853,9.582592321,15.41898092,3.992968358,True,True,True,True,True,True,True
US.BW,BW,Babcock & Wilcox Enterprises,20.33,15.77,9.81,7.927,2769200145,540126110.7,3155.367,-4.822,0.62450716,21.35997815,28.91566265,60.75433231,23.7542576,True,True,True,True,True,True,True
US.BWA,BWA,博格华纳,64.15,55.517,50.097,48.077,1.315812347e+10,1378784386,103.747,-8.754,31.48512616,70.3044517,15.55019183,10.81901112,4.201593277,True,True,True,True,True,True,True
US.BWAY,BWAY,Brainsway,15.28,14.719,11.42,10.392,611822369.7,18280064.59,208.375,-11.943,4.95500608,17.35239674,3.811400231,28.88791594,9.892224788,True,True,True,True,True,True,True
US.BWLP,BWLP,BW LPG,20.63,17.857,14.8,14.549,3131935281,37052739.04,125.524,-1.995,9.147585179,21.04994643,15.52892423,20.65540541,1.725204481,True,True,True,True,True,True,True
US.BY,BY,Byline Bancorp,32.08,31.992,30.29,29.614,1456729029,23804214.17,31.579,-6.202,24.38079025,34.20115567,0.2750687672,5.619016177,2.282704126,True,True,True,True,True,True,True
US.C,C,花旗集团,123.6,119.656,112.158,107.961,2.108178395e+11,4858956334,76.423,-8.204,70.05889255,134.6463898,3.296115531,6.685211933,3.887514936,True,True,True,True,True,True,True
US.CABA,CABA,Cabaletta Bio,3.36,3.182,2.775,2.546,547864114.6,70134837,166.666,-20.567,1.26000315,4.229979983,5.593966059,14.66666667,8.994501178,True,True,True,True,True,True,True
US.CADL,CADL,Candel Therapeutics,8.305,5.983,5.641,5.629,608875686.1,111258909.8,91.034,-10.355,4.347393658,9.264320375,38.80996156,6.062754831,0.2131817374,True,True,True,True,True,True,True
US.CALY,CALY,Callaway Golf Company,15.42,14.384,12.944,12.044,2771861621,216140786.8,162.915,-14.333,5.865013407,17.99992996,7.202447164,11.12484549,7.472600465,True,True,True,True,True,True,True
US.CARE,CARE,Carter Bankshares,26.105,23.353,20.785,20.321,580105571,46187981.63,70.159,-4.166,15.34153351,27.23981051,11.78435319,12.35506375,2.283352197,True,True,True,True,True,True,True
US.CASY,CASY,Caseys General Stores,857.31,757.026,643.169,614.38,3.168534601e+10,1622399384,98.677,-4.849,431.5094349,900.999464,13.24710116,17.70250121,4.68586217,True,True,True,True,True,True,True
US.CAT,CAT,卡特彼勒,885.45,781.254,670.87,612.951,4.078311713e+11,9453121547,166.188,-4.928,332.6408403,931.3467688,13.33701971,16.45385842,9.449205565,True,True,True,True,True,True,True
US.CATY,CATY,国泰万通金控,55.63,52.353,50.145,49.476,3729183474,102993463.1,36.9,-4.086,40.63550037,57.99987489,6.259431169,4.403230631,1.352170749,True,True,True,True,True,True,True
US.CBC,CBC,Central Bancompany,26.46,25.189,23.728,22.523,6344764020,64430301.07,171.296,-4.854,9.753184713,27.80989217,5.045853349,6.157282535,5.350086578,True,True,True,True,True,True,True
US.CBL,CBL,CBL & Associates Properties,46.195,41.459,36.463,34.628,1429493096,42324659.79,104.151,-5.026,22.62785879,48.63962769,11.4233339,13.70156049,5.299179854,True,True,True,True,True,True,True
US.CBOE,CBOE,芝加哥期权交易所,362.38,305.239,275.002,266.244,3.792443825e+10,1582149353,67.511,-1.503,216.3320618,367.9096825,18.72008492,10.99519276,3.2894638,True,True,True,True,True,True,True
US.CC,CC,The Chemours,23.56,22.226,16.864,16.351,3542898824,335585950.6,163.677,-17.533,8.935174475,28.56900336,6.001979663,31.7955408,3.137422788,True,True,True,True,True,True,True
US.CCNE,CCNE,CNB金融,29.6,29.546,27.421,26.693,877018784.8,12282458.93,42.533,-6.918,20.7671206,31.79991835,0.1827658566,7.749535028,2.727306785,True,True,True,True,True,True,True
US.CCO,CCO,Clear Channel Outdoor,2.385,2.382,2.153,1.941,1213925662,54163720.57,138.559,-1.851,0.9997526817,2.42997891,0.1259445844,10.63632141,10.92220505,True,True,True,True,True,True,True
US.CDNA,CDNA,CareDx,19.83,19.011,18.409,17.183,1024407508,43474654.44,80.93,-14.672,10.96003979,23.23973373,4.308032192,3.270139606,7.134958971,True,True,True,True,True,True,True
US.CECO,CECO,CECO环保,82.22,65.977,61.722,58.234,2949480609,224999330,217.267,-8.897,25.91508099,90.24949782,24.61918547,6.893814199,5.989628052,True,True,True,True,True,True,True
US.CELC,CELC,Celcuity,134.47,119.647,103.631,90.435,6557602747,771890512,1210.623,-10.958,10.26000612,151.0186204,12.38894414,15.45483494,14.59169569,True,True,True,True,True,True,True
US.CERS,CERS,Cerus,2.375,2.031,2.013,1.848,475876313.2,25538109.87,106.521,-24.603,1.150004116,3.149992705,16.93746923,0.8941877794,8.928571429,True,True,True,True,True,True,True
US.CF,CF,CF工业控股,124.67,123.639,97.934,94.871,1.915296159e+10,1571400428,66.872,-11.82,74.70995733,141.3812656,0.8338792776,26.24726857,3.228594618,True,True,True,True,True,True,True
US.CFFN,CFFN,Capitol Federal Financial,7.495,7.349,6.87,6.653,950139853.4,23178022.47,43.892,-5.126,5.208767687,7.899951515,1.986664852,6.972343523,3.261686457,True,True,True,True,True,True,True
US.CGEM,CGEM,Cullinan Therapeutics,15.565,14.253,11.881,10.645,956594486,74051733.81,174.031,-7.019,5.680014305,16.73997914,9.205079632,19.96464944,11.61108502,True,True,True,True,True,True,True
US.CGNT,CGNT,Cognyte Software,9.61,9.13,8.702,8.69,698415927.5,49709441.05,52.782,-17.546,6.290007985,11.65498338,5.257393209,4.918409561,0.1380897583,True,True,True,True,True,True,True
US.CGNX,CGNX,康耐视,64.585,54.208,46.158,45.608,1.074820024e+10,751630749.8,123.94,-10.173,28.84031437,71.89931758,19.14293093,17.44009706,1.205928784,True,True,True,True,True,True,True
US.CGON,CGON,CG Oncology,67.23,67.184,53.453,48.018,5929852260,333487939.3,184.27,-10.953,23.65005101,75.49945534,0.06846868302,25.68798758,11.31867216,True,True,True,True,True,True,True
US.CHCT,CHCT,Community Healthcare Trust,16.79,16.35,15.457,15.029,479720404.5,16520435,38.695,-4.738,12.10569956,17.62507611,2.691131498,5.77731772,2.847827533,True,True,True,True,True,True,True
US.CHEF,CHEF,The Chefs' Warehouse,80.64,66.992,64.044,63.631,3288308003,143768722.4,51.578,-2.621,53.2003325,82.81046221,20.3725818,4.603085379,0.649054706,True,True,True,True,True,True,True
US.CHMG,CHMG,Chemung Financial,65.25,59.821,56.382,55.122,314493255,16136307.88,53.896,-7.878,42.3987628,70.82998632,9.075408301,6.099464368,2.285838685,True,True,True,True,True,True,True
US.CHRD,CHRD,Chord Energy,145.975,135.718,107.851,106.012,8218273238,365152068.6,77.605,-3.006,82.1908167,150.4989999,7.557582635,25.83842523,1.734709278,True,True,True,True,True,True,True
US.CHRN,CHRN,ChronoScale,18.525,11.591,8.444,7.344,2650804883,38553650.45,578.571,-8.923,2.730001724,20.33993215,59.8222759,37.26906679,14.97821351,True,True,True,True,True,True,True
US.CIEN,CIEN,Ciena,570.45,461.088,308.974,260.937,8.066073268e+10,4093693001,706.061,-4.74,70.7700782,598.834768,23.71824901,49.23197421,18.4094245,True,True,True,True,True,True,True
US.CLBK,CLBK,Columbia Financial,19.44,18.219,16.89,16.406,2022682797,36004978.61,42.313,-1.519,13.66003106,19.7398483,6.70179483,7.868561279,2.950140193,True,True,True,True,True,True,True
US.CLDT,CLDT,Chatham Lodging信托,9.67,8.427,7.336,7.203,451407397.4,23836816.2,63.223,-4.682,5.924410163,10.14498835,14.75020767,14.87186478,1.846452867,True,True,True,True,True,True,True
US.CLH,CLH,Clean Harbors,303.54,296.148,262.107,256.155,1.604088455e+10,579550059,50.759,-4.24,201.3412135,316.9799499,2.496049273,12.98744406,2.323593137,True,True,True,True,True,True,True
US.CLS,CLS,天弘科技,364.171,338.202,314.862,291.982,4.186989434e+10,2965691826,233.826,-16.282,109.0900649,434.9972527,7.67854714,7.412771309,7.836099486,True,True,True,True,True,True,True
US.CLYM,CLYM,Climb Bio,10.855,8.48,5.273,4.468,621562977.2,30792305.7,835.775,-13.02,1.160001069,12.47988043,28.00707547,60.81926797,18.01700985,True,True,True,True,True,True,True
US.CM,CM,加拿大帝国商业银行,111.46,103.124,93.755,89.119,1.025822151e+11,375491216.9,75.489,-1.602,63.51395244,113.2746601,8.083472325,9.993067036,5.202033236,True,True,True,True,True,True,True
US.CMBT,CMBT,CMB.Tech,14.88,13.158,11.578,10.906,4317726163,85917390.42,95.698,-4.431,7.603552412,15.56990237,13.0870953,13.64657108,6.161745828,True,True,True,True,True,True,True
US.CMI,CMI,康明斯,697.085,605.807,544.976,509.145,9.619010877e+10,2614672497,129.301,-2.923,304.0043436,718.0743121,15.06717486,11.16214292,7.03748441,True,True,True,True,True,True,True
US.CMP,CMP,罗盘矿物,29.185,25.003,22.145,21.399,1224554386,167170538.2,78.011,-9.895,16.39505424,32.38998946,16.72599288,12.90584782,3.486144212,True,True,True,True,True,True,True
US.CMPR,CMPR,Cimpress,94.54,79.426,73.909,70.575,2290901789,72149126.52,125.767,-1.52,41.87503045,95.99918765,19.02903331,7.464584827,4.724052426,True,True,True,True,True,True,True
US.CMPS,CMPS,COMPASS Pathways,10.245,7.344,6.772,6.328,1382555783,189436621.9,355.333,-9.135,2.250001647,11.27496836,39.50163399,8.446544595,7.016434893,True,True,True,True,True,True,True
US.CMRE,CMRE,Costamare,17.34,16.868,15.591,14.543,2091009081,51958868.57,119.528,-3.323,7.898764622,17.93601374,2.798197771,8.190622795,7.206216049,True,True,True,True,True,True,True
US.CNC,CNC,康西哥,58.395,41.857,40.624,38.188,2.883527582e+10,1696490099,132.881,-6.124,25.07503832,62.20439729,39.51071505,3.035151635,6.378967215,True,True,True,True,True,True,True
US.CNO,CNO,康塞科,46.955,42.741,41.769,40.918,4383178958,143472551,34.949,-0.823,34.79462612,47.34464644,9.859385602,2.32708468,2.079769295,True,True,True,True,True,True,True
US.CNOB,CNOB,ConnectOne Bank,28.88,27.613,26.398,25.845,1452331707,39877239.86,36.306,-5.149,21.18762197,30.4477549,4.588418499,4.602621411,2.139678855,True,True,True,True,True,True,True
US.CNQ,CNQ,加拿大自然资源,47.86,46.918,38.548,36.501,9.956732182e+10,1308944329,69.192,-6.12,28.28738947,50.97997444,2.007758216,21.71318875,5.608065532,True,True,True,True,True,True,True
US.CNTA,CNTA,Centessa Pharmaceuticals,39.595,35.533,28.584,26.354,6126493409,239424832.3,261.598,-1.651,10.95000525,40.25968744,11.43162694,24.31080325,8.461713592,True,True,True,True,True,True,True
US.COCO,COCO,Vita Coco,76.305,56.432,52.55,48.796,4357980224,499501509.6,140.028,-0.915,31.79004116,77.00963819,35.21583499,7.387250238,7.693253545,True,True,True,True,True,True,True
US.CODI,CODI,Compass Diversified,12.14,9.358,7.328,7.255,913364627.2,54783381.37,165.065,-3.955,4.580008677,12.63990838,29.72857448,27.70196507,1.006202619,True,True,True,True,True,True,True
US.COHR,COHR,Coherent,387.88,298.164,220.891,191.494,7.587479786e+10,1.177199577e+10,426.513,-6.094,73.669596,413.0513492,30.08948096,34.98241214,15.35139482,True,True,True,True,True,True,True
US.COHU,COHU,科休半导体,46.73,38.057,29.941,27.532,2204503965,248190918.5,183.858,-10.868,16.46245658,52.4278598,22.78949996,27.10664306,8.749818393,True,True,True,True,True,True,True
US.COLB,COLB,哥伦比亚银行系统,28.61,28.304,28.017,27.278,8282319371,452804218,35.729,-11.436,21.07876725,32.3043223,1.081119276,1.024378056,2.709142899,True,True,True,True,True,True,True
US.CORZ,CORZ,Core Scientific,23.79,18.751,17.883,17.245,7562491097,1458171627,131.417,-5.482,10.28014364,25.16980893,26.87323343,4.853771739,3.699623079,True,True,True,True,True,True,True
US.CPF,CPF,中央太平洋银行,33.64,32.925,31.568,30.944,878045343.6,17701738.54,34.835,-4.998,24.94901176,35.40978085,2.171602126,4.298656868,2.016546019,True,True,True,True,True,True,True
US.CPRX,CPRX,Catalyst Pharmaceuticals,31.145,26.311,24.155,23.195,3811555996,476810345.1,63.49,-4.345,19.05009481,32.55971983,18.3725438,8.925688263,4.138823022,True,True,True,True,True,True,True
US.CQP,CQP,Cheniere Energy Partners LP,64,63.548,56.837,55.53,3.097946387e+10,18971887.33,34.954,-8.258,47.42356655,69.76085108,0.7112733682,11.80744937,2.353682694,True,True,True,True,True,True,True
US.CRGY,CRGY,Crescent Energy,12.89,12.726,10.24,9.9,4256943485,408968678.2,69.558,-9.797,7.602118449,14.28999036,1.288700299,24.27734375,3.434343434,True,True,True,True,True,True,True
US.CROX,CROX,卡骆驰,95.42,93.052,88.05,87.081,4743870695,458516376.2,30.414,-17.776,73.16699127,116.0488422,2.544813653,5.680863146,1.112757088,True,True,True,True,True,True,True
US.CRS,CRS,卡朋特科技,413.32,412.192,355.7,328.107,2.054052886e+10,1003156002,88.779,-13.092,218.9438444,475.5833755,0.2736588774,15.88192297,8.409756573,True,True,True,True,True,True,True
US.CRUS,CRUS,凌云半导体,160.2,154.058,136.2,131.2,8171383718,386674488.8,74.092,-10.502,92.0203111,178.9984134,3.986810162,13.11160059,3.81097561,True,True,True,True,True,True,True
US.CSCO,CSCO,思科,116.62,85.724,78.976,76.01,4.606760255e+11,2.079889281e+10,91.516,-2.287,60.89308465,119.3495236,36.04124866,8.544367909,3.902118142,True,True,True,True,True,True,True
US.CSGS,CSGS,CSG国际(已退市),80.69,80.132,77.66,74.059,2300464154,199005420,35.056,-0.049,59.74558702,80.72955748,0.6963510208,3.183105846,4.862339486,True,True,True,True,True,True,True
US.CSR,CSR,Centerspace,67.24,63.007,62.638,60.814,1129843672,25321518.71,32.388,-3.397,50.79010182,69.60446363,6.718301141,0.5890992688,2.99930937,True,True,True,True,True,True,True
US.CSTM,CSTM,Constellium,32.27,28.602,22.647,20.617,4393588637,254236395,187.356,-7.641,11.22997258,34.93974599,12.82427802,26.29487349,9.846243391,True,True,True,True,True,True,True
US.CSWC,CSWC,西南资本,23.47,22.606,21.453,21.245,1421746438,70524322.24,31.81,-3.153,17.80593278,24.23410121,3.821994161,5.374539691,0.979053895,True,True,True,True,True,True,True
US.CSX,CSX,CSX运输,45.73,42.345,38.782,37.596,8.495842585e+10,2904548706,53.882,-1.761,29.7175758,46.54974094,7.99385996,9.187251818,3.154590914,True,True,True,True,True,True,True
US.CTBI,CTBI,大众信托合众银行,64.02,62.87,59.044,58.008,1162841418,22180761.7,32.608,-6.832,48.27763031,68.71458011,1.829171306,6.479913285,1.785960557,True,True,True,True,True,True,True
US.CTO,CTO,CTO Realty Growth,20.03,19.406,18.026,17.424,676685347.8,25072748.11,38.537,-3.096,14.45823138,20.66994139,3.215500361,7.655608565,3.455004591,True,True,True,True,True,True,True
US.CTOS,CTOS,Custom Truck One Source,9.84,7.703,6.792,6.598,2237938959,46713278.57,134.844,-3.718,4.1900155,10.21997881,27.74243801,13.41283863,2.940284935,True,True,True,True,True,True,True
US.CTRE,CTRE,CareTrust REIT,41.39,38.976,37.274,36.22,9777983327,401147742.4,55.002,-3.922,26.70288125,43.07958117,6.193555008,4.566185545,2.909994478,True,True,True,True,True,True,True
US.CTS,CTS,CTS Corp,59,52.739,48.295,46.421,1686981690,82368670.73,64.057,-4.869,35.96311038,62.0197412,11.87166992,9.201780723,4.036966028,True,True,True,True,True,True,True
US.CTVA,CTVA,Corteva,82.44,81.106,72.589,71.969,5.51375208e+10,1292460343,36.857,-3.725,60.2380587,85.62970657,1.644761177,11.73318271,0.861482027,True,True,True,True,True,True,True
US.CURB,CURB,Curbline Properties,27.83,27.033,24.99,24.252,2937159944,88761134.67,31.543,-3.835,21.15657998,28.93984298,2.948248437,8.175270108,3.043047996,True,True,True,True,True,True,True
US.CVE,CVE,Cenovus能源,30.63,26.385,21.007,19.767,5.711940597e+10,815853402.7,145.926,-0.697,12.45496613,30.84498958,16.08868675,25.60099015,6.273081398,True,True,True,True,True,True,True
US.CVEO,CVEO,Civeo,34.62,29.543,25.839,25.118,378856907.5,19849271.88,75.291,-5.15,19.75001569,36.49973643,17.18511999,14.33492008,2.870451469,True,True,True,True,True,True,True
US.CVGI,CVGI,商用汽车集团,5.145,3.89,2.369,2.223,186547152.8,19395162.14,311.6,-11.139,1.25,5.789941594,32.2622108,64.20430561,6.567701305,True,True,True,True,True,True,True
US.CVLG,CVLG,Covenant Logistics,34.955,29.436,25.504,24.869,879851920.5,28036406.42,95.298,-2.659,17.89828877,35.90984272,18.7491507,15.41718946,2.55337971,True,True,True,True,True,True,True
US.CVS,CVS,西维斯健康,96.795,78.546,77.908,75.926,1.235033837e+11,4673026453,69.662,-1.661,57.05166743,98.42992099,23.23351921,0.8189146172,2.610436478,True,True,True,True,True,True,True
US.CW,CW,寇蒂斯莱特,734.57,708.037,636.994,603.63,2.713587084e+10,761413840.9,81.379,-3.437,404.9917576,760.7158021,3.747403031,11.1528523,5.527226944,True,True,True,True,True,True,True
US.CWAN,CWAN,Clearwater Analytics,24.35,23.86,22.491,21.697,7268189886,344682430.8,54.75,-2.868,15.73505654,25.0689783,2.05364627,6.086879196,3.659492096,True,True,True,True,True,True,True
US.CWBC,CWBC,西部社区银行,23.33,23.301,22.795,22.163,633041026,18004549,36.23,-8.839,17.12544961,25.59208433,0.1244581778,2.219785041,2.851599513,True,True,True,True,True,True,True
US.CWEN.A,CWEN.A,Clearway Energy-A,40.43,38.422,33.792,32.167,8298981884,90477579,62.227,-2.366,24.92186874,41.4097548,5.226172505,13.7014678,5.051761122,True,True,True,True,True,True,True
US.CX,CX,西麦斯,12.73,11.69,11.43,10.803,1.836878473e+10,315476234.7,93.233,-6.876,6.587901652,13.66994545,8.896492729,2.274715661,5.803943349,True,True,True,True,True,True,True
US.CXDO,CXDO,Crexendo,9.79,7.049,6.737,6.634,317346501.7,15915859.63,92.716,-1.011,5.080014114,9.889987776,38.88494822,4.631141458,1.552607778,True,True,True,True,True,True,True
US.CYATY,CYATY,CONTEMPORARY AMPEREX TECHNOLOGY CO UNSPON ADS EACH REP 0.4 ORD,21.645,20.57,17.646,16.906,4.00563171e+11,32343311.55,94.123,-11.363,11.15014707,24.41982468,5.226057365,16.57032755,4.377144209,True,True,True,True,True,True,True
US.CYD,CYD,玉柴国际,50.08,42.144,41.059,39.324,1878917566,40069486.61,205.582,-11.441,16.38839984,56.54987071,18.83067578,2.642538786,4.41206388,True,True,True,True,True,True,True
US.CYRX,CYRX,Cryoport,13.18,9.813,9.551,9.412,664302485.3,30972166.55,148.21,-4.423,5.310019741,13.78992854,34.31162743,2.743168255,1.476838079,True,True,True,True,True,True,True
US.CYTK,CYTK,Cytokinetics,76.35,65.948,64.171,59.528,1.036608478e+10,984145188,156.122,-4.8,29.81001242,80.19957983,15.7730333,2.769163641,7.799690902,True,True,True,True,True,True,True
US.DAC,DAC,达那俄斯,130.855,118.208,103.909,100.611,2382022133,59752981.23,64.04,-3.22,79.77017801,135.2087208,10.69893747,13.76107941,3.277971594,True,True,True,True,True,True,True
US.DAL,DAL,达美航空,70.645,66.955,65.888,63.878,4.641336515e+10,1749020912,57.885,-7.024,44.74459258,75.98197384,5.511164215,1.619414764,3.146623251,True,True,True,True,True,True,True
US.DAR,DAR,美国达尔令国际,61.868,60.031,46.225,42.634,9832438630,724081144.5,112.238,-6.289,29.15029354,66.01999765,3.060085622,29.86695511,8.422854998,True,True,True,True,True,True,True
US.DAVE,DAVE,Dave Inc,230.26,224.729,211.763,211.273,2927582514,427587663.9,51.277,-19.962,152.210845,287.688348,2.461186585,6.122882657,0.2319274115,True,True,True,True,True,True,True
US.DAWN,DAWN,Day One Biopharmaceuticals(已退市),21.53,18.212,11.998,10.724,2224784659,192423141,282.076,0,5.635004554,21.53,18.21875686,51.79196533,11.87989556,True,True,True,True,True,True,True
US.DBI,DBI,Designer Brands,6.565,6.496,6.069,5.431,333170605.4,18612836.51,212.286,-24.281,2.102239614,8.670214873,1.062192118,7.035755479,11.74737617,True,True,True,True,True,True,True
US.DBRG,DBRG,DigitalBridge Group,15.655,15.504,14.148,13.461,2855039640,186202155.8,75.34,-0.095,8.928367743,15.66988639,0.9739422085,9.584393554,5.103632717,True,True,True,True,True,True,True
US.DBSDY,DBSDY,DBS GROUP HLDGS LTD SPONS ADR EACH REP 4 ORD SHS,188.09,176.541,171.041,166.111,1.334326777e+11,28569902.51,50.726,-0.333,124.7893529,188.7184324,6.541823146,3.215603276,2.967894962,True,True,True,True,True,True,True
US.DC,DC,Dakota Gold,5.645,5.526,5.452,5.177,756024107.6,29970175.64,98.035,-22.137,2.850506224,7.249913309,2.153456388,1.357300073,5.311956732,True,True,True,True,True,True,True
US.DCO,DCO,杜科蒙,143.16,134.523,113.756,108.431,2159650135,232911052.7,116.123,-8.415,66.24005774,156.3138068,6.420463415,18.25574036,4.910957199,True,True,True,True,True,True,True
US.DCOM,DCOM,迪募社区银行,35.635,34.657,31.672,31.017,1571984252,63610929.96,49.875,-5.976,23.7764804,37.8998979,2.821940733,9.424728467,2.111745172,True,True,True,True,True,True,True
US.DD,DD,杜邦,49.345,46.34,42.938,40.012,2.022756684e+10,895374989.3,85.124,-5.545,26.65510685,52.24180827,6.484678464,7.923051842,7.312806158,True,True,True,True,True,True,True
US.DEC,DEC,Diversified Energy,16.11,15.959,14.238,14.235,1165131118,42602649.78,36.213,-14.761,11.82706496,18.89979939,0.9461745723,12.08737182,0.0210748156,True,True,True,True,True,True,True
US.DELL,DELL,戴尔科技,241.96,190.171,151.003,146.32,1.5630987e+11,7660020673,131.002,-8.307,104.7436819,263.8805579,27.23285885,25.93855751,3.20051941,True,True,True,True,True,True,True
US.DFKCY,DFKCY,大福库(ADR),22.71,19.882,17.955,17.312,1.670138629e+10,14543467.69,102.406,-10.308,11.22002312,25.31998395,14.22392113,10.73238652,3.714186691,True,True,True,True,True,True,True
US.DFTX,DFTX,Definium Therapeutics,21.115,20.563,16.269,14.724,2302945123,118067714.4,232.781,-19.561,6.345013688,26.24970475,2.684433205,26.39375499,10.49307253,True,True,True,True,True,True,True
US.DGII,DGII,美国迪进国际,62.63,54.022,46.511,43.584,2361288723,125904177,104.072,-10.285,30.69014858,69.80995374,15.93424901,16.14886801,6.715767254,True,True,True,True,True,True,True
US.DGXX,DGXX,Digi Power X,7.585,3.494,3.415,3.199,690442673.9,1105641593,553.448,-17.608,1.160765662,9.205990873,117.0864339,2.313323572,6.752110034,True,True,True,True,True,True,True
US.DHC,DHC,Diversified Healthcare Trust,8.375,7.38,5.921,5.428,2027645505,50217558.66,185.308,-5.152,2.935424173,8.829917341,13.48238482,24.64110792,9.082535004,True,True,True,True,True,True,True
US.DHLGY,DHLGY,Deutsche Post AG,27.22,26.385,25.811,24.855,6.093160193e+10,16596685.82,31.796,-7.367,20.6531306,29.38477648,3.1646769,2.223858045,3.84630859,True,True,True,True,True,True,True
US.DINO,DINO,HF Sinclair,69.232,61.691,54.434,52.819,1.248082905e+10,644933390.5,108.659,-6.769,33.17949382,74.25856207,12.22382519,13.33174119,3.057611844,True,True,True,True,True,True,True
US.DIOD,DIOD,Diodes,99.565,85.374,65.307,62.222,4574487441,337696929.8,135.489,-15.479,42.2801065,117.7991268,16.62215663,30.72718085,4.958053422,True,True,True,True,True,True,True
US.DK,DK,Delek US,44.7,43.119,37.082,34.634,2739553127,244867327.9,162.518,-9.696,17.02740384,49.49946846,3.666597092,16.28013591,7.06819888,True,True,True,True,True,True,True
US.DKILY,DKILY,大金工业(ADR),16.06,13.28,12.699,12.634,4.703036289e+10,17728195.54,50.656,-2.251,10.66004673,16.4298356,20.93373494,4.575163399,0.5144847238,True,True,True,True,True,True,True
US.DKL,DKL,Delek Logistics Partners LP,51.84,50.583,47.207,45.724,2756239695,10606135.83,41.803,-5.262,36.55775971,54.71933121,2.485024613,7.151481772,3.243373283,True,True,True,True,True,True,True
US.DMLP,DMLP,多尔切斯特,27.41,27.13,24.224,24.046,1322681884,18096726.81,37.833,-3.683,19.88638425,28.45811228,1.032067822,11.99636724,0.7402478583,True,True,True,True,True,True,True
US.DNTH,DNTH,Dianthus Therapeutics,85.53,85.27,57.296,50.275,4675602908,123180966,414.156,-11.37,16.63502906,96.50231299,0.3049138032,48.82365261,13.96519145,True,True,True,True,True,True,True
US.DOCN,DOCN,DigitalOcean,152.79,97.227,65.951,57.912,1.594084592e+10,2272329492,497.584,-7.299,25.56795363,164.8202285,57.14770588,47.42308684,13.88140627,True,True,True,True,True,True,True
US.DOW,DOW,陶氏化学,38.95,38.459,29.704,27.939,2.807287901e+10,1350083223,98.877,-8.867,19.5849696,42.73973204,1.276684261,29.4741449,6.317334192,True,True,True,True,True,True,True
US.DRH,DRH,DIAMONDROCK HOSPITALITY CO,10.285,9.919,9.221,8.876,2103185728,51845693.83,46.886,-5.642,7.002028784,10.89997668,3.689888094,7.569677909,3.886885985,True,True,True,True,True,True,True
US.DRTS,DRTS,Alpha Tau Medical,10.42,7.688,6.194,5.557,917061459.5,82600709.52,270.818,-3.606,2.810003829,10.80980144,35.5359001,24.12011624,11.46301961,True,True,True,True,True,True,True
US.DSGN,DSGN,Design Therapeutics,14.02,12.261,9.991,8.91,875646775.5,37233746.46,324.205,-18.724,3.305005834,17.24986466,14.34630128,22.7204484,12.13243547,True,True,True,True,True,True,True
US.DSX,DSX,黛安娜船舶,2.645,2.515,2.138,2.022,326767722.4,11175056.61,95.9,-9.262,1.350178663,2.914986004,5.168986083,17.63330215,5.736894164,True,True,True,True,True,True,True
US.DTM,DTM,DT Midstream,147.205,137.794,125.528,120.339,1.501698824e+10,348271423.2,53.285,-2.156,96.03353231,150.4486734,6.829760367,9.771525078,4.311985308,True,True,True,True,True,True,True
US.DVA,DVA,德维特,193.943,158.507,135.564,135.07,1.245116628e+10,814127658.1,92.023,-4.315,100.9998802,202.6890317,22.35611046,16.92410965,0.3657362849,True,True,True,True,True,True,True
US.DVN,DVN,戴文能源,48.85,47.869,40.705,39.008,5.632355818e+10,2859712306,65.724,-7.323,29.47672033,52.70994961,2.049342999,17.59980346,4.350389664,True,True,True,True,True,True,True
US.DY,DY,戴康工业,439.51,387.251,360.771,337.858,1.319347445e+10,608166203.3,130.459,-5.445,190.7107121,464.8194173,13.49486509,7.339836073,6.78184326,True,True,True,True,True,True,True
US.E,E,埃尼石油,55.065,54.009,43.556,41.078,8.095321136e+10,79254910.67,100.216,-5.06,27.50279698,57.99978934,1.955229684,23.99898981,6.032426116,True,True,True,True,True,True,True
US.ECG,ECG,Everus Construction,157.835,131.919,106.455,99.338,8056151883,507746934.3,185.364,-8.009,55.31006013,171.5765673,19.64538846,23.91996618,7.164428517,True,True,True,True,True,True,True
US.ECO,ECO,Okeanis Eco Tankers,53.87,51.042,41.428,37.584,2103335565,163470171,173.045,-7.835,19.72934864,58.44951988,5.540535245,23.20652699,10.22775649,True,True,True,True,True,True,True
US.ECPG,ECPG,安可资本,80.328,76.067,60.718,56.016,1722254695,158979450.4,125.164,-13.29,35.67532998,92.63983393,5.601640659,25.27915939,8.394030277,True,True,True,True,True,True,True
US.ECVT,ECVT,Ecovyst,14.51,13.272,10.906,10.388,1588170053,114500000.9,106.548,-3.811,7.025001452,15.08488497,9.327908379,21.6944801,4.986522911,True,True,True,True,True,True,True
US.EE,EE,Excelerate Energy,35.735,34.29,32.145,30.215,4068759155,65568201.86,69.332,-17.047,21.10351263,43.07861078,4.214056576,6.672888474,6.38755585,True,True,True,True,True,True,True
US.EFXT,EFXT,Enerflex,27.721,23.405,18.13,16.111,3383793618,78019135.52,313.983,-4.902,6.696168683,29.14992955,18.44050417,29.09542195,12.53181056,True,True,True,True,True,True,True
US.EGHT,EGHT,8x8,2.3,2.034,2.021,2.017,320432205,15489937.51,47.435,-20.138,1.560009496,2.879967945,13.07767945,0.6432459179,0.1983143282,True,True,True,True,True,True,True
US.EHAB,EHAB,Enhabit,13.8,13.766,11.135,10.3,706913362.8,139142276,113.292,-2.953,6.470003563,14.21991406,0.2469853262,23.62819937,8.106796117,True,True,True,True,True,True,True
US.ELA,ELA,Envela,24.23,17.421,13.749,12.105,629095023.5,18007608.45,354.596,-10.126,5.330007303,26.95996617,39.08501234,26.7073969,13.58116481,True,True,True,True,True,True,True
US.ELVA,ELVA,Electrovaya,10.03,8.865,7.818,7.296,496560024.4,37576462.5,236.577,-15.572,2.980001604,11.87994504,13.14156796,13.39217191,7.154605263,True,True,True,True,True,True,True
US.ELVN,ELVN,Enliven Therapeutics,41.515,38.836,27.972,25.894,2528468833,160269694.7,180.791,-14.454,14.78501804,48.52944615,6.898238748,38.83883884,8.025025102,True,True,True,True,True,True,True
US.EME,EME,EMCOR Group,913.425,809.335,722.879,699.697,4.059286093e+10,1423463422,103.065,-4.047,449.8190235,951.9504341,12.86117615,11.95995457,3.313148406,True,True,True,True,True,True,True
US.ENB,ENB,恩桥,54.87,53.224,48.654,47.647,1.198194223e+11,1473357735,39.414,-1.56,39.3575968,55.73953677,3.092589809,9.392855675,2.113459399,True,True,True,True,True,True,True
US.ENIC,ENIC,Enel Chile,4.19,4.118,3.948,3.82,5796157493,11292404.68,41.294,-8.428,2.965447931,4.575634473,1.748421564,4.30597771,3.35078534,True,True,True,True,True,True,True
US.ENLT,ENLT,Enlight Renewable Energy,86.46,79.408,58.271,50.685,1.204567792e+10,60718442.81,412.507,-9.937,16.87001348,95.99946704,8.880717308,36.27361809,14.96695275,True,True,True,True,True,True,True
US.ENPH,ENPH,Enphase Energy,51.36,37.641,36.513,36.429,6769156579,2033642431,99.262,-2.966,25.77511016,52.92990086,36.44695943,3.089310656,0.2305855225,True,True,True,True,True,True,True
US.ENS,ENS,艾诺斯,232.485,191.978,164.32,149.148,8567391684,384646944.2,206.109,-3.005,75.94843667,239.6876128,21.09981352,16.83179163,10.17244616,True,True,True,True,True,True,True
US.ENTG,ENTG,英特格,133.57,131.294,110.537,104.165,2.0369425e+10,1809289419,102.162,-16.014,66.07077492,159.0384112,1.733514098,18.77832762,6.117217875,True,True,True,True,True,True,True
US.ENVA,ENVA,易诺华,164.32,151.745,145.202,137.491,4089086111,124288249.4,84.629,-6.995,89.00010291,176.6786732,8.286928729,4.506136279,5.608367093,True,True,True,True,True,True,True
US.EOG,EOG,EOG能源,139.34,136.301,117.784,116.946,7.421645937e+10,1808469345,39.536,-7.538,99.85953446,150.6997469,2.229624141,15.72115058,0.7165700409,True,True,True,True,True,True,True
US.EPD,EPD,Enterprise Products,39.3,37.438,33.744,32.827,8.502626805e+10,793988902.8,37.654,-0.957,28.54984236,39.67973506,4.97355628,10.94713134,2.793432236,True,True,True,True,True,True,True
US.EQIX,EQIX,易昆尼克斯,1062.31,1030.764,883.274,855.448,1.047695249e+11,2528912049,52.159,-5.88,698.157848,1128.676158,3.060448366,16.69810274,3.252798534,True,True,True,True,True,True,True
US.EQNR,EQNR,Equinor,38.96,38.111,28.914,27.593,9.708615086e+10,455117730.2,79.172,-9.433,21.744469,43.01787627,2.227703288,31.80812063,4.787446091,True,True,True,True,True,True,True
US.ERIC,ERIC,爱立信,12.465,11.601,10.455,9.761,4.14409912e+10,522595021.1,80.035,-2.996,6.923653734,12.84998557,7.447633825,10.96126255,7.109927262,True,True,True,True,True,True,True
US.ESEA,ESEA,Euroseas,69.285,68.304,60.521,59.829,488866715.1,13556309.69,94.162,-7.323,35.68411945,74.7596491,1.436226283,12.85999901,1.156629728,True,True,True,True,True,True,True
US.ESI,ESI,Element Solutions,42.235,37.185,31.039,29.595,1.028875001e+10,590024812.9,104.783,-7.206,20.62427057,45.51479622,13.58074492,19.80089565,4.879202568,True,True,True,True,True,True,True
US.ESOA,ESOA,Energy Services of America,18,14.944,11.728,11.301,335874222,24896743,130.981,-9.729,7.792848762,19.93995857,20.4496788,27.42155525,3.778426688,True,True,True,True,True,True,True
US.ESP,ESP,Espey Manufacturing & Electronics,67.56,62.61,51.422,49.473,202404490.3,22529638.4,101.271,-9.642,33.56668372,74.7692512,7.90608529,21.75722453,3.939522568,True,True,True,True,True,True,True
US.ET,ET,Energy Transfer,20.225,18.956,17.408,17.154,6.95957258e+10,1079546815,31.734,-1.199,15.35290813,20.47044058,6.694450306,8.892463235,1.480704209,True,True,True,True,True,True,True
US.ETON,ETON,Eton Pharmaceutical,29.73,24.51,19.358,18.995,814374803.3,41435915.38,127.206,-7.985,13.08504177,32.30994946,21.29742962,26.61431966,1.911029218,True,True,True,True,True,True,True
US.EVC,EVC,超视野传播,8.03,4.063,3.196,2.974,739074615.4,214722055,378.891,-14.574,1.676790752,9.399948493,97.63721388,27.12765957,7.464694015,True,True,True,True,True,True,True
US.EWBC,EWBC,华美银行,118.52,113.874,110.594,108.662,1.623679697e+10,482152311,37.74,-6.459,86.04617395,126.7037983,4.079948013,2.965802846,1.777990466,True,True,True,True,True,True,True
US.EWCZ,EWCZ,European Wax Center,5.82,5.789,4.615,4.537,319137814.3,45591567,79.629,-10.667,3.240011357,6.514949683,0.535498359,25.43878657,1.719197708,True,True,True,True,True,True,True
US.EWTX,EWTX,Edgewise Therapeutics,33.5,32.074,26.65,23.631,3604365701,152022224.1,175.72,-16.166,12.15000725,39.9599208,4.445968697,20.35272045,12.77559138,True,True,True,True,True,True,True
US.EXEL,EXEL,伊克力西斯,50.13,44.356,43.052,41.937,1.260043031e+10,644940237.2,48.511,-2.905,33.75507538,51.62984706,13.01740464,3.028895289,2.65875003,True,True,True,True,True,True,True
US.EXPD,EXPD,康捷国际物流,156.195,146.657,145.738,139.329,2.042892102e+10,620191998.1,42.873,-6.576,109.324365,167.1893732,6.503610465,0.6305836501,4.599903825,True,True,True,True,True,True,True
US.EZPW,EZPW,艾茨克普,32.48,29.105,23.536,21.864,1998688565,111178092,152.762,-12.511,12.85003284,37.1246671,11.59594571,23.66162475,7.647274058,True,True,True,True,True,True,True
US.FANG,FANG,Diamondback Energy,203.86,191.691,165.098,158.784,5.734852873e+10,1485441737,58.185,-4.442,128.8744192,213.336403,6.348237528,16.10740288,3.976471181,True,True,True,True,True,True,True
US.FANUY,FANUY,发那科(ADR),26.303,20.206,19.225,18.071,4.908975231e+10,48523135.21,114.368,-4.491,12.27002165,27.539813,30.17420568,5.102730819,6.385922196,True,True,True,True,True,True,True
US.FBNC,FBNC,第一银行(北卡),56.935,56.805,54.556,53.943,2355709139,64159279.75,44.981,-8.714,39.27066305,62.36991434,0.2288530939,4.122369675,1.136384702,True,True,True,True,True,True,True
US.FCEL,FCEL,燃料电池能源,20.26,9.593,8.542,7.928,1073331565,1183450912,435.978,-9.188,3.780005896,22.3098269,111.1956635,12.30391009,7.744702321,True,True,True,True,True,True,True
US.FCFS,FCFS,第一富金融服务,228.26,204.676,178.312,169.815,1.000616217e+10,342734906.4,93.373,-3.088,118.0412984,235.5332673,11.52260158,14.78532011,5.003680476,True,True,True,True,True,True,True
US.FCX,FCX,麦克莫兰铜金,62.54,61.152,54.547,51.425,8.990499396e+10,4299429765,79.4,-11.872,34.8606466,70.96496006,2.269754055,12.10882358,6.070977151,True,True,True,True,True,True,True
US.FDX,FDX,联邦快递,374.27,369.45,321.334,297.909,8.930335057e+10,1948814320,78.487,-7.365,209.6903416,404.0265558,1.304642035,14.97382786,7.863139415,True,True,True,True,True,True,True
US.FEIM,FEIM,高频电子,57.02,52.023,46.506,42.646,561186677.5,43358784.43,225.642,-12.263,17.51002635,64.98968508,9.605366857,11.86298542,9.051259204,True,True,True,True,True,True,True
US.FFBC,FFBC,第一金融银行,29.67,28.777,26.912,26.414,3113254527,106301994.2,33.138,-4.964,22.28514774,31.21974831,3.103172673,6.929994055,1.885363822,True,True,True,True,True,True,True
US.FIBK,FIBK,First Interstate BancSystem,33.89,33.741,33.696,32.824,3292172169,215964643.8,38.853,-11.603,24.4071068,38.33840515,0.4415992413,0.1335470085,2.656592737,True,True,True,True,True,True,True
US.FISI,FISI,金融机构,33.87,32.953,31.374,30.017,666777351.9,14034281.45,43.216,-5.126,23.64959222,35.69998103,2.782751191,5.032829732,4.520771563,True,True,True,True,True,True,True
US.FIX,FIX,美国舒适系统,1980.295,1618.148,1243.766,1118.609,6.9722273e+10,2915249195,339.131,-4.464,450.9576869,2072.82595,22.38033851,30.1006781,11.18862802,True,True,True,True,True,True,True
US.FLEX,FLEX,伟创力,140.065,84.874,70.262,66.309,5.149824817e+10,4224904419,248.843,-4.937,40.15130016,147.339133,65.02698117,20.79644758,5.961483358,True,True,True,True,True,True,True
US.FLNG,FLNG,Flex LNG,31.915,30.768,27.006,26.221,1726358180,79971981.71,61.046,-4.446,19.81731928,33.39996232,3.727899116,13.93023772,2.993783609,True,True,True,True,True,True,True
US.FLOC,FLOC,Flowco Holdings,27.17,23.283,20.187,19.078,2454684953,94348867.92,95.988,-1.2,13.86309366,27.5,16.69458403,15.33660276,5.8129783,True,True,True,True,True,True,True
US.FLXS,FLXS,Flexsteel Industries,54.085,49.062,44.154,43.803,220432125.2,10389559.4,87.573,-9.387,28.83410725,59.6879035,10.23806612,11.11564071,0.8013149784,True,True,True,True,True,True,True
US.FLYW,FLYW,Flywire,16.07,13.363,13.309,13.17,1983325332,121755907.6,61.264,-10.969,9.965026292,18.04989273,20.25742722,0.4057404764,1.055429005,True,True,True,True,True,True,True
US.FMX,FMX,FEMSA,121.81,112.58,103.422,98.908,4.157049349e+10,215342099.8,55.386,-3.102,78.39187572,125.709509,8.198614319,8.854982499,4.563837101,True,True,True,True,True,True,True
US.FN,FN,Fabrinet,719.41,613.025,515.632,473.59,2.577627325e+10,2702794793,223.09,-3.936,222.6655112,748.8861592,17.35410464,18.88808297,8.877298929,True,True,True,True,True,True,True
US.FNKO,FNKO,Funko,5.025,4.087,3.728,3.624,281052571.5,28061974.64,126.351,-17.487,2.220003446,6.089949463,22.95081967,9.629828326,2.869757174,True,True,True,True,True,True,True
US.FOLD,FOLD,爱美医疗 (已退市),14.49,14.403,12.139,10.88,4549870317,182782337,162.976,-0.068,5.510008518,14.4998599,0.6040408248,18.6506302,11.57169118,True,True,True,True,True,True,True
US.FORM,FORM,FormFactor,126.18,118.784,82.911,70.167,9836333131,1939640713,383.819,-20.686,26.08000099,159.0891898,6.226427802,43.26687653,18.16238403,True,True,True,True,True,True,True
US.FR,FR,第一工业地产,60.65,60.517,58.166,56.021,8040396216,175078999,31.552,-6.201,46.10344198,64.65953795,0.2197729564,4.041880136,3.828921297,True,True,True,True,True,True,True
US.FRCOY,FRCOY,迅销(ADR),45.42,43.524,39.94,37.921,1.393666104e+11,62696533.04,55.282,-8.685,29.25000966,49.7399113,4.356217259,8.97346019,5.324226682,True,True,True,True,True,True,True
US.FRO,FRO,Frontline,36.63,35.134,28.465,26.446,8154676424,426026076.3,138.305,-7.383,15.3710581,39.54997463,4.257983719,23.42877218,7.634424866,True,True,True,True,True,True,True
US.FRST,FRST,Primis Financial,13.85,13.622,12.664,12.168,343093197.2,11603859.57,55.683,-6.843,8.896282831,14.86737443,1.67376303,7.564750474,4.076265615,True,True,True,True,True,True,True
US.FRT,FRT,FRT信托,113.21,108.843,102.451,100.522,9780120992,378020868.9,30.047,-3.42,87.05314233,117.2188859,4.01220106,6.239080146,1.918982909,True,True,True,True,True,True,True
US.FSBC,FSBC,Five Star Bancorp,40.3,39.036,37.224,35.753,861458965.9,15445967.58,57.694,-4.343,25.5558233,42.12969255,3.238036684,4.867827208,4.114340055,True,True,True,True,True,True,True
US.FSTR,FSTR,LB福斯特,38.8,31.401,29.38,28.392,405796784,20441109.65,113.421,-8.77,18.18002914,42.52986956,23.56294386,6.878829135,3.47985348,True,True,True,True,True,True,True
US.FTI,FTI,德希尼布FMC,71.68,70.565,56.209,51.528,2.857899185e+10,984512173.1,149.127,-7.842,28.77247348,77.7794657,1.580103451,25.54039389,9.084381307,True,True,True,True,True,True,True
US.FTK,FTK,Flotek工业,20.1,16.794,16.548,15.629,725720309,27798183.82,83.196,-2.762,10.97185528,20.67093112,19.685602,1.486584482,5.880094696,True,True,True,True,True,True,True
US.FTNT,FTNT,飞塔信息,121.97,87.671,83.584,83.295,8.929448667e+10,2818921941,73.944,-0.481,70.12026859,122.5595112,39.12240079,4.889691807,0.3469596014,True,True,True,True,True,True,True
US.GALDY,GALDY,GALDERMA GROUP AG UNSP ADS EACH REPR 0.2 ORD SHS,39.67,39.526,38.897,37.791,4.65267066e+10,13940600.26,66.683,-9.963,23.79966763,44.05966436,0.3643171583,1.617091292,2.926622741,True,True,True,True,True,True,True
US.GCO,GCO,格涅斯科,32.745,30.912,29.694,29.641,355552544.9,24212276.4,66.896,-15.93,19.62000288,38.94968479,5.929736025,4.101838755,0.1788063831,True,True,True,True,True,True,True
US.GDEN,GDEN,黄金娱乐(已退市),28.55,27.82,26.577,26.236,753686054,203618323,48.56,-10.246,19.21782445,31.80916728,2.624011503,4.676976333,1.299740814,True,True,True,True,True,True,True
US.GEV,GEV,GE Vernova,1052.29,966.474,768.126,731.212,2.827713635e+11,9515418047,150.119,-10.97,420.7157393,1181.949905,8.879286975,25.82232602,5.048330717,True,True,True,True,True,True,True
US.GFS,GFS,GlobalFoundries,71.28,54.131,44.202,41.583,3.909112384e+10,1038684758,126.213,-7.404,31.51012541,76.97956715,31.68055273,22.46278449,6.29824688,True,True,True,True,True,True,True
US.GGB,GGB,盖尔道钢铁,4.56,4.008,3.823,3.612,8971233927,360459884.4,80.854,-7.723,2.52137083,4.941643096,13.77245509,4.839131572,5.841638981,True,True,True,True,True,True,True
US.GHM,GHM,Graham,97.69,89.188,74.895,69.013,1081699878,101484938.6,172.496,-5.636,35.85006752,103.5246492,9.532672557,19.084051,8.523031893,True,True,True,True,True,True,True
US.GHRS,GHRS,GH Research,21.18,17.386,15.485,14.916,1452040945,11849573.46,98.686,-14.111,10.66003644,24.65973524,21.82215576,12.27639651,3.814695629,True,True,True,True,True,True,True
US.GKOS,GKOS,Glaukos,141.25,118.093,109.439,104.032,8296164929,384646339.5,93.069,-3.747,73.16037272,146.7486728,19.60912162,7.907601495,5.197439249,True,True,True,True,True,True,True
US.GL,GL,Globe Life,155.005,146.228,140.567,140.285,1.203532618e+10,350636916.1,33.62,-1.075,116.0043407,156.6894112,6.002270427,4.027261021,0.2010193535,True,True,True,True,True,True,True
US.GLNCY,GLNCY,嘉能可(ADR),15.21,14.615,12.28,11.242,8.909562765e+10,40420997.54,123.94,-5.174,6.791997857,16.03990467,4.071159767,19.01465798,9.233232521,True,True,True,True,True,True,True
US.GLNG,GLNG,Golar LNG,57.03,52.699,43.866,43.066,5793635954,411382856.4,63.719,-1.315,34.83407546,57.78993768,8.218372265,20.13632426,1.857613895,True,True,True,True,True,True,True
US.GLSI,GLSI,Greenwich LifeSciences,26.95,24.756,19.767,17.675,373379826.1,18867495.95,246.401,-20.967,7.780000635,34.09967988,8.86249798,25.23903475,11.83592645,True,True,True,True,True,True,True
US.GLW,GLW,康宁,197.06,157.074,118.129,106.649,1.695972898e+11,1.605794407e+10,322.004,-6.955,46.69623985,211.7899941,25.45679107,32.96819579,10.76428283,True,True,True,True,True,True,True
US.GNK,GNK,根科船务贸易,24.47,23.429,20.271,19.378,1066330438,48821895.15,101.299,-10.201,12.15604648,27.24974666,4.443211405,15.57890583,4.608318712,True,True,True,True,True,True,True
US.GNRC,GNRC,Generac,264.1,220.816,188.444,187.299,1.554721865e+10,748251085.8,123.642,-4.588,118.0905197,276.799564,19.60184045,17.17857825,0.6113220039,True,True,True,True,True,True,True
US.GOOG,GOOG,谷歌-C,392.555,330.764,312.94,291.005,4.75619638e+12,2.821415501e+10,140.886,-1.844,162.9629783,399.9297037,18.68129543,5.69566051,7.537671174,True,True,True,True,True,True,True
US.GOOGL,GOOGL,谷歌-A,396.35,332.728,313.229,291.058,4.80181312e+12,4.50994797e+10,145.193,-1.828,161.648171,403.7301878,19.12132432,6.225157952,7.617382103,True,True,True,True,True,True,True
US.GPRE,GPRE,绿色平原能源,16.685,16.289,12.875,11.983,1168453453,110835416.5,320.277,-11.906,3.970000738,18.93999591,2.431088465,26.51650485,7.443878828,True,True,True,True,True,True,True
US.GPRK,GPRK,GeoPark,9.68,9.29,8.202,7.743,626132175.7,21658044.17,69.608,-6.337,5.707277959,10.33492414,4.198062433,13.2650573,5.927934909,True,True,True,True,True,True,True
US.GRC,GRC,Gorman-Rupp,73.395,67.717,56.792,53.353,1938379785,33647079.4,112.881,-7.494,34.47700828,79.34079952,8.384895964,19.23686435,6.44574813,True,True,True,True,True,True,True
US.GS,GS,高盛,953.07,881.289,866.23,837.143,2.812246743e+11,9091726533,67.043,-2.681,570.5536898,979.3257226,8.145001242,1.738452836,3.474555721,True,True,True,True,True,True,True
US.GSAT,GSAT,全球星,81.62,72.536,63.293,55.425,1.051175255e+10,417538106.1,359.572,-1.662,17.76000279,82.99945087,12.52343664,14.60351066,14.19576004,True,True,True,True,True,True,True
US.GSL,GSL,环球租船,41.08,39.05,35.788,34.191,1480335629,51074146.99,82.625,-3.793,22.49418207,42.69959566,5.198463508,9.114787079,4.670819806,True,True,True,True,True,True,True
US.GTE,GTE,Gran Tierra Energy,9.12,8.533,5.999,5.524,322482196.8,14913051.04,195.145,-6.366,3.090006607,9.740051691,6.879174968,42.2403734,8.598841419,True,True,True,True,True,True,True
US.GTX,GTX,Garrett Motion,31.36,21.037,18.565,17.179,5870231454,442029633.8,232.117,-3.329,9.44245552,32.43992511,49.07068498,13.3153784,8.067989988,True,True,True,True,True,True,True
US.GVA,GVA,花岗岩建筑,138.21,126.937,119.222,116.099,6046231269,411501296.1,64.45,-4.682,84.0437823,144.998846,8.880783381,6.471121102,2.68994565,True,True,True,True,True,True,True
US.GWW,GWW,美国固安捷,1262.15,1133.459,1059.65,1038.487,5.959003815e+10,1439430116,39.775,-1.805,902.9869433,1285.350578,11.3538293,6.965413108,2.037868553,True,True,True,True,True,True,True
US.HAFC,HAFC,韩美金融,29.01,27.533,26.959,26.139,863524279.4,23034130.28,38.466,-6.537,20.95099158,31.03902079,5.364471725,2.129159093,3.137074869,True,True,True,True,True,True,True
US.HAFN,HAFN,Hafnia,8.595,8.037,6.632,6.377,4295620316,41495385.17,87.819,-9.858,4.576214334,9.534955958,6.942889138,21.18516285,3.998745492,True,True,True,True,True,True,True
US.HAL,HAL,哈里伯顿,41.235,38.473,32.499,29.921,3.44476256e+10,1525051507,118.604,-2.885,18.86287534,42.45997014,7.17906064,18.38210406,8.616022192,True,True,True,True,True,True,True
US.HAS,HAS,孩之宝,95.11,93.529,87.51,84.692,1.345717972e+10,823747896.4,50.615,-10.482,63.14776085,106.2467884,1.6903848,6.878071078,3.327350871,True,True,True,True,True,True,True
US.HASI,HASI,HA Sustainable Infrastructure,40.93,38.79,34.668,32.798,5256752990,207535665.4,77.757,-7.251,23.02581614,44.12985585,5.516885795,11.88992731,5.701567169,True,True,True,True,True,True,True
US.HBCP,HBCP,Home Bancorp,62.48,61.744,58.75,57.447,490007584.9,21645864.73,33.093,-5.096,46.94461767,65.834949,1.192018658,5.096170213,2.268177625,True,True,True,True,True,True,True
US.HBM,HBM,Hudbay Minerals,25.04,22.801,21.116,18.983,9945790820,860056729.5,211.733,-12.845,8.032515005,28.73042281,9.819744748,7.97973101,11.23636938,True,True,True,True,True,True,True
US.HCSG,HCSG,Healthcare Services Group,21.46,20.217,19.345,18.388,1473126250,44543672.17,69.51,-12.013,12.66002006,24.3899667,6.148291042,4.507624709,5.204481183,True,True,True,True,True,True,True
US.HG,HG,Hamilton Insurance,31.4,30.443,27.128,25.893,3116638369,64299447.22,64.788,-6.866,19.05478554,33.71486246,3.143579805,12.21984665,4.769628857,True,True,True,True,True,True,True
US.HIMX,HIMX,奇景光电,19.29,11.087,9.186,8.961,3364176000,787180347.2,181.605,-11.513,6.850020419,21.7998124,73.98755299,20.69453516,2.510880482,True,True,True,True,True,True,True
US.HLIO,HLIO,Helios Technologies,76.51,67.838,62.545,59.776,2528376851,185254236.5,167.734,-4.362,28.57687107,79.99958176,12.78339574,8.462706851,4.632293897,True,True,True,True,True,True,True
US.HLIT,HLIT,谐波,12.87,10.357,10.18,10.044,1396349131,226362926.3,65,-16.374,7.8,15.38995049,24.26378295,1.73870334,1.354042214,True,True,True,True,True,True,True
US.HLT,HLT,希尔顿酒店,316.825,313.309,295.93,288.812,7.212469546e+10,2024281165,31.425,-8.1,241.0690508,344.749728,1.12221481,5.872672591,2.464579034,True,True,True,True,True,True,True
US.HLX,HLX,螺旋能源,10.036,9.67,8.075,7.626,1478263579,56633374.95,81.811,-6.641,5.520018041,10.74990092,3.784901758,19.75232198,5.887752426,True,True,True,True,True,True,True
US.HP,HP,赫尔默里奇和佩恩材料,38.985,36.664,31.885,28.806,3895808164,147987691.3,174.336,-6.465,14.21067596,41.67958518,6.330460397,14.98823898,10.6887454,True,True,True,True,True,True,True
US.HPE,HPE,慧与科技,33.085,25.918,23.689,23.448,4.389896753e+10,2991696418,99.239,-4.64,16.60568463,34.6948406,27.65259665,9.409430537,1.027806209,True,True,True,True,True,True,True
US.HR,HR,医疗保健房地产信托,20.275,18.171,17.506,17.307,7025724994,359262679.7,51.71,-1.218,13.36431349,20.52499443,11.57888944,3.798697589,1.149823771,True,True,True,True,True,True,True
US.HSBC,HSBC,汇丰控股,88.295,85.9,78.788,75.104,3.03099076e+11,511429253.4,59.316,-4.512,55.42130106,92.46711629,2.788125728,9.026755343,4.905198125,True,True,True,True,True,True,True
US.HSHP,HSHP,喜玛拉雅航运,15.56,13.817,10.856,9.986,730853200,21372063.79,211.551,-6.77,4.994366893,16.68990668,12.61489469,27.2752395,8.712197076,True,True,True,True,True,True,True
US.HST,HST,美国豪斯特酒店,21.195,20.095,18.514,17.906,1.451601636e+10,760402220.1,54.746,-5.337,13.69663836,22.38995172,5.473998507,8.539483634,3.395509885,True,True,True,True,True,True,True
US.HTB,HTB,HomeTrust Bancshares,45.54,43.991,42.671,42.008,765315639,10856423.39,33.042,-3.818,34.2297921,47.34773658,3.521174786,3.093435823,1.578270806,True,True,True,True,True,True,True
US.HTLD,HTLD,哈特兰快递,13.48,11.309,10.007,9.582,1044561102,29275564.31,93.516,-3.16,6.965832283,13.91986782,19.19709966,13.01089238,4.435399708,True,True,True,True,True,True,True
US.HUN,HUN,亨斯迈,13.83,13.199,11.301,10.905,2425954965,245104742.3,92.543,-12.96,7.182811112,15.88924632,4.780665202,16.7949739,3.631361761,True,True,True,True,True,True,True
US.HUT,HUT,Hut 8,101.69,67.979,55.581,49.046,1.144969525e+10,2255121025,589.718,-9.415,14.74370685,112.2592041,49.59031466,22.30618377,13.32422624,True,True,True,True,True,True,True
US.HWM,HWM,Howmet Aerospace,265.33,246.888,224.233,213.771,1.061605185e+11,2756127169,66.195,-5.447,159.649809,280.6151048,7.46978387,10.10333002,4.894022108,True,True,True,True,True,True,True
US.HXL,HXL,赫氏,89.96,85.995,80.058,75.588,6784675201,304388397.3,79.625,-8.278,50.08211552,98.07897778,4.610733182,7.415873492,5.913637085,True,True,True,True,True,True,True
US.HYLN,HYLN,Hyliion,4.305,2.078,2.039,1.978,767698768.2,74715730.94,287.837,-1.487,1.110002398,4.369981627,107.1703561,1.912702305,3.083923155,True,True,True,True,True,True,True
US.HZO,HZO,海上麦斯服务,33.265,28.51,26.961,26.615,732766542.8,48247493,62.11,-3.886,20.52001727,34.60994236,16.67835847,5.745335855,1.300018786,True,True,True,True,True,True,True
US.IBKR,IBKR,盈透证券,87.005,74.421,70.995,69.407,1.475798108e+11,1406931720,77.654,-1.622,48.97441093,88.4394885,16.90920573,4.82569195,2.287953665,True,True,True,True,True,True,True
US.ICHR,ICHR,Ichor Holdings,72.768,57.747,36.586,31.881,2523567512,272098650.7,453.506,-6.897,13.14674096,78.15859854,26.01174087,57.83906412,14.75800634,True,True,True,True,True,True,True
US.IESC,IESC,IES Holdings,682.17,541.3,465.293,439.525,1.359147799e+10,557054370.9,189.067,-2.574,235.9902722,700.192967,26.02438574,16.3352984,5.86269268,True,True,True,True,True,True,True
US.IEX,IEX,IDEX Corp,208.87,200.709,189.217,182.36,1.545952391e+10,544343654.1,33.884,-6.689,156.0081862,223.8428481,4.066085726,6.07345006,3.760144769,True,True,True,True,True,True,True
US.IFNNY,IFNNY,英飞凌科技(ADR),75.7,55.156,48.032,45.921,9.837212419e+10,166958764.9,112.533,-5.363,35.61799815,79.98985598,37.24708101,14.83177881,4.597025326,True,True,True,True,True,True,True
US.IFRX,IFRX,InflaRx,2.285,1.422,1.209,1.207,336564182.8,31892709.82,221.242,-22.513,0.71130176,2.948881748,60.68917018,17.617866,0.1657000829,True,True,True,True,True,True,True
US.IHG,IHG,洲际酒店,148.665,138.602,135.266,131.34,2.213916459e+10,116270418,37.28,-1.961,108.2932692,151.6386336,7.260356993,2.466251682,2.989188366,True,True,True,True,True,True,True
US.IHS,IHS,IHS Holding,8.23,8.223,7.637,7.463,2770802330,47665757.78,61.372,-8.044,5.100017351,8.949932576,0.08512708257,7.673170093,2.331502077,True,True,True,True,True,True,True
US.IIPR,IIPR,"Innovative Industrial Properties, Inc.",53.88,52.536,49.266,49.176,1550368444,59615917.98,32.477,-12.24,40.67121085,61.39471285,2.558245774,6.637437584,0.1830161054,True,True,True,True,True,True,True
US.ILMN,ILMN,Illumina,140.28,128.925,127.133,119.95,2.1210747e+10,1373383942,78.472,-9.862,78.60056479,155.628037,8.80744619,1.409547482,5.98832847,True,True,True,True,True,True,True
US.ILPT,ILPT,Industrial Logistics Properties Trust,7.89,6.515,5.862,5.842,525990566.2,11132658.74,171.418,-4.939,2.906955324,8.299933727,21.10514198,11.13954282,0.3423485108,True,True,True,True,True,True,True
US.IMMX,IMMX,Immix Biopharma,9.9,9.579,6.686,5.575,538673127.3,32333671.95,429.411,-14.727,1.870002701,11.60977097,3.351080489,43.2695184,19.92825112,True,True,True,True,True,True,True
US.IMO,IMO,帝国石油,134.71,127.285,107.161,102.155,6.514477464e+10,253952563.2,97.839,0,68.09072023,134.71,5.833366068,18.77922005,4.900396456,True,True,True,True,True,True,True
US.IMOS,IMOS,南茂科技,51.55,43.457,34.939,30.651,1804206492,26909264.42,242.297,-15.864,15.06002098,61.26984882,18.62300665,24.37963307,13.98975564,True,True,True,True,True,True,True
US.IMTX,IMTX,Immatics,10.8,10.511,10.184,9.308,1476070139,33053713.01,133.513,-12.973,4.625010171,12.40994174,2.749500523,3.210919089,9.411259132,True,True,True,True,True,True,True
US.IMVT,IMVT,Immunovant,27.755,26.387,25.098,22.758,5649035656,146284703.6,101.269,-7.974,13.79000243,30.1599548,5.184371092,5.1358674,10.2820986,True,True,True,True,True,True,True
US.INDV,INDV,Indivior,37.425,33.223,32.753,30.407,4423806594,306698295.7,238.228,-8.719,11.06502123,40.99976994,12.64786443,1.434983055,7.715328707,True,True,True,True,True,True,True
US.ING,ING,荷兰国际集团,29.43,27.176,26.616,25.905,8.465891332e+10,276843418.8,52.341,-3.507,19.31850257,30.49962173,8.294083014,2.103997595,2.744643891,True,True,True,True,True,True,True
US.INSW,INSW,International Seaways,84.24,76.3,60.656,56.149,4170275591,210913034.1,156.255,-9.086,32.87350491,92.65899641,10.40629096,25.79134793,8.026857112,True,True,True,True,True,True,True
US.INTC,INTC,英特尔,108.7,69.498,50.807,44.788,5.4622568e+11,7.91537619e+10,473.055,-18.131,18.96851088,132.7730887,56.40737863,36.78823784,13.43886755,True,True,True,True,True,True,True
US.INTT,INTT,inTEST,18.745,15.752,11.02,10.112,235524495.5,59261429.35,232.529,-6.275,5.637102328,20,19.00076181,42.94010889,8.97943038,True,True,True,True,True,True,True
US.INVX,INVX,Innovex International,27.49,26.074,23.929,22.226,1890203493,32189813.48,104.538,-6.75,13.44004537,29.47989276,5.430697246,8.964018555,7.662197426,True,True,True,True,True,True,True
US.IPI,IPI,Intrepid Potash,42.28,40.618,33.146,32.257,567948508.4,65987760.52,87.494,-16.011,22.55005494,50.33992547,4.091781969,22.54268992,2.755990948,True,True,True,True,True,True,True
US.IRDM,IRDM,铱星通讯,41.6,34.066,23.908,23.234,4398274150,385663265.5,169.673,-6.747,15.42609012,44.60982488,22.11589268,42.48787017,2.900921064,True,True,True,True,True,True,True
US.IRM,IRM,铁山,125.05,112.821,99.845,98.424,3.720546136e+10,825111429.2,62.105,-6.741,77.141359,134.0889351,10.8392941,12.99614402,1.443753556,True,True,True,True,True,True,True
US.ISTR,ISTR,Investar Holding,27.7,27.68,26.67,25.609,381944368.6,12197769.78,57.675,-12.484,17.56778183,31.65135518,0.07225433526,3.787026622,4.1430747,True,True,True,True,True,True,True
US.ITOCY,ITOCY,伊藤忠商事(ADR),13.026,12.7,12.594,12.27,9.105200063e+10,21106686.3,30.549,-13.733,9.977862718,15.09963254,2.566929134,0.8416706368,2.640586797,True,True,True,True,True,True,True
US.ITRN,ITRN,Ituran定位和控制,57.57,53.478,45.025,42.492,1140383520,38109529.27,86.155,-7.607,30.92584137,62.30991525,7.651744643,18.77401444,5.961122094,True,True,True,True,True,True,True
US.IX,IX,欧力士,36.69,31.759,29.957,28.799,4.073380163e+10,51683676.59,84.455,-4.849,19.89103033,38.5597629,15.5263075,6.01528858,4.02097295,True,True,True,True,True,True,True
US.JAZZ,JAZZ,爵士制药,228.845,197.985,174.02,161.818,1.435838064e+10,822744161.3,117.947,-2.619,105.0002982,234.9996406,15.58703942,13.77140559,7.54057027,True,True,True,True,True,True,True
US.JBHT,JBHT,JB亨特运输服务,262.145,226.77,203.794,187.688,2.470733418e+10,1392471153,102.666,-0.467,129.3482873,263.3749611,15.59950611,11.27412976,8.581262521,True,True,True,True,True,True,True
US.JBIO,JBIO,Jade Biosciences,22.56,19.251,15.22,13.369,1113558780,33097596.19,243.64,-19.428,6.565009894,27.99980142,17.18871747,26.4848883,13.84546339,True,True,True,True,True,True,True
US.JBL,JBL,捷普科技,343.34,301.134,253.018,243.26,3.622327024e+10,1637031896,112.845,-7.775,161.3098734,372.2851721,14.01568737,19.01682884,4.011345885,True,True,True,True,True,True,True
US.JCI,JCI,江森自控,142.555,137.74,126.089,121.065,8.697502979e+10,2190227336,50.533,-3.234,94.70016541,147.3193064,3.495716567,9.240298519,4.149836864,True,True,True,True,True,True,True
US.JHG,JHG,骏利亨德森集团,51.705,51.402,47.863,46.817,7966479312,1019009044,48.125,-3.822,34.90632911,53.75969556,0.5894712268,7.394020433,2.234231155,True,True,True,True,True,True,True
US.JXN,JXN,Jackson Financial,110.035,107.95,105.743,103.019,7674182449,221840261.4,44.61,-10.21,76.09086509,122.5470542,1.931449745,2.087135791,2.644172434,True,True,True,True,True,True,True
US.KALU,KALU,凯撒铝业,170.63,144.076,121.659,109.976,2788197602,160584292.6,157.128,-6.759,66.35994524,182.9988953,18.43055054,18.4260926,10.62322689,True,True,True,True,True,True,True
US.KALV,KALV,KalVista Pharmaceuticals,26.75,20.748,16.49,15.657,1424193754,411501683.8,172.126,-0.372,9.830005218,26.84988156,28.92808945,25.82171013,5.320304017,True,True,True,True,True,True,True
US.KEX,KEX,卡比海运,146.07,139.051,121.815,114.14,7814745000,428564819.4,83.701,-7.368,79.51508157,157.6884878,5.047788222,14.1493248,6.724198353,True,True,True,True,True,True,True
US.KEYS,KEYS,Keysight Technologies,352.13,318.111,245,225.839,6.039117356e+10,2268692403,130.381,-4.874,152.8468059,370.1721927,10.69406591,29.84122449,8.484362754,True,True,True,True,True,True,True
US.KFRC,KFRC,K力,39.02,32.764,30.8,30.674,695804640,36168581.05,63.802,-17.852,23.82144296,47.49963481,19.0941277,6.376623377,0.4107713373,True,True,True,True,True,True,True
US.KGS,KGS,Kodiak Gas Services,74.115,62.628,46.993,43.678,7362169575,1099038683,152.327,-3.345,29.37259984,76.67994413,18.34163633,33.27091269,7.589633225,True,True,True,True,True,True,True
US.KLAC,KLAC,科磊,1839.545,1653.859,1418.642,1303.689,2.4029455e+11,7980425294,149.721,-5.147,736.6400903,1939.364069,11.22743837,16.58043396,8.817517061,True,True,True,True,True,True,True
US.KLIC,KLIC,库力索法半导体,100.49,77.935,59.944,54.406,5258930810,407202848.2,228.006,-6.092,30.6366347,107.0089875,28.94078399,30.01301214,10.17902437,True,True,True,True,True,True,True
US.KMI,KMI,金德尔摩根,33.375,32.451,29.39,28.665,7.425355964e+10,1319227908,33.67,-3.003,24.96820528,34.40828067,2.847369881,10.41510718,2.529216815,True,True,True,True,True,True,True
US.KN,KN,Knowles,34.77,28.865,25.504,24.564,2974944148,198412684.8,116.096,-6.229,16.09007108,37.07969415,20.45730123,13.17832497,3.826738316,True,True,True,True,True,True,True
US.KNSA,KNSA,Kiniksa Pharmaceuticals International,57.13,49.058,44.156,41.898,4395468854,105995726.9,122.295,-4.576,25.70008322,59.86963447,16.45399323,11.10154905,5.389278725,True,True,True,True,True,True,True
US.KNTK,KNTK,Kinetik Holdings,50.728,46.898,40.106,39.969,8236154803,206749849,68.02,-0.747,30.19164385,51.10979013,8.166659559,16.93512193,0.3427656434,True,True,True,True,True,True,True
US.KNX,KNX,Knight-Swift Transportation,67.87,60.047,54.622,51.418,1.102846778e+10,1778139325,76.918,-1.637,38.36240518,68.99952218,13.02812797,9.931895573,6.231280874,True,True,True,True,True,True,True
US.KOF,KOF,可口可乐凡萨瓶装,103.85,100.417,96.647,92.847,2.181714302e+10,57344633.25,33.822,-9.782,77.60308469,115.1100667,3.418743838,3.90079361,4.092754747,True,True,True,True,True,True,True
US.KOP,KOP,科佩斯控股,40.81,38.851,32.649,31.717,784850819.1,55760368.3,64.069,-12.037,24.8736812,46.39450678,5.042341252,18.99598763,2.938487247,True,True,True,True,True,True,True
US.KOPN,KOPN,高平电子,5.195,3.145,2.869,2.72,916841328,430156766.3,322.764,-19.379,1.228817969,6.443730542,65.18282989,9.620076682,5.477941176,True,True,True,True,True,True,True
US.KOS,KOS,Kosmos Energy,3.104,2.765,1.854,1.83,1841437463,148466367.1,271.283,-6.496,0.8360199632,3.319644079,12.26039783,49.13700108,1.31147541,True,True,True,True,True,True,True
US.KRG,KRG,凯特地产信托,26.08,25.481,23.81,23.17,5393144332,242314933.5,30.36,-2.976,20.00613685,26.87994723,2.350771163,7.018059639,2.76219249,True,True,True,True,True,True,True
US.KRP,KRP,Kimbell Royalty,15.327,14.631,13.258,13.215,1651818031,80195721.52,39.02,-2.066,11.02503237,15.65033594,4.75702276,10.35601146,0.3253878169,True,True,True,True,True,True,True
US.KRYS,KRYS,Krystal Biotech,309.9,268.808,248.731,225.325,9135776384,465425826.7,152.361,-2.998,122.8002742,319.4779489,15.28674742,8.071772316,10.38766227,True,True,True,True,True,True,True
US.KUBTY,KUBTY,久保田(ADR),92.91,83.574,78.451,74.183,2.113413095e+10,20714304.74,77.207,-13.944,52.43020874,107.9645812,11.17093833,6.53019082,5.753339714,True,True,True,True,True,True,True
US.KVHI,KVHI,KVH通信,10.97,9.092,7.244,6.845,213890328.5,10332334.59,117.658,-4.192,5.040016907,11.4499833,20.65552134,25.51076753,5.829072316,True,True,True,True,True,True,True
US.KW,KW,Kennedy-Wilson,11,10.863,9.873,9.399,1532336025,41469397.41,94.389,-0.766,5.658756411,11.08491041,1.261161742,10.02734731,5.04308969,True,True,True,True,True,True,True
US.LAMR,LAMR,拉马尔户外广告,144.65,134.718,128.706,126.391,1.467837336e+10,625325716.8,34.75,-8.847,107.3469388,158.6892368,7.372437239,4.671110904,1.831617758,True,True,True,True,True,True,True
US.LAR,LAR,Lithium Argentina AG,9.83,8.353,6.718,5.883,1610154000,201324865.8,474.853,-18.423,1.710002383,12.04996506,17.68226984,24.33760048,14.19343872,True,True,True,True,True,True,True
US.LASR,LASR,nLIGHT,75.69,67.99,49.707,44.256,4269575184,571975266.1,521.939,-12.949,12.17000381,86.94902988,11.32519488,36.78153982,12.31697397,True,True,True,True,True,True,True
US.LBRT,LBRT,Liberty Energy,32.89,30.251,23.363,20.359,5367365672,472880102.4,234.871,-4.605,9.821692532,34.47769799,8.723678556,29.48251509,14.75514514,True,True,True,True,True,True,True
US.LEA,LEA,李尔,134.42,124.451,118.174,114.061,6733783208,291032543,59.711,-5.3,84.16452217,141.9429778,8.010381596,5.311659079,3.605965229,True,True,True,True,True,True,True
US.LECO,LECO,林肯电气,261.1,258.541,253.373,249.452,1.430491442e+10,296841882.6,40.255,-15.5,186.1609212,308.9940828,0.9897849857,2.039680629,1.571845485,True,True,True,True,True,True,True
US.LFST,LFST,LifeStance Health,7.705,6.907,6.668,6.294,2942034299,262083982.3,106.016,-13.329,3.740000777,8.889940118,11.55349645,3.584283143,5.942167143,True,True,True,True,True,True,True
US.LFUS,LFUS,美国力特保险丝,442.11,377.085,314.222,299.801,1.118047735e+10,947357100.8,121.573,-8.644,199.532434,483.9419414,17.24412268,20.00591938,4.81019076,True,True,True,True,True,True,True
US.LINC,LINC,林肯教育服务,48.8,41.25,30.164,27.878,1547971526,173140304.3,182.244,-8.785,17.29000439,53.49997259,18.3030303,36.7524201,8.200014348,True,True,True,True,True,True,True
US.LIND,LIND,Lindblad Expeditions,18.8,18.474,16.087,15.392,1233280000,68816660.99,90.862,-15.846,9.850048726,22.33999572,1.7646422,14.83806801,4.51533264,True,True,True,True,True,True,True
US.LION,LION,Lionsgate Studios,12.555,10.928,8.966,8.35,3643300823,255960422.8,126.42,-3.497,5.545004858,13.00995824,14.88836018,21.88266786,7.377245509,True,True,True,True,True,True,True
US.LITE,LITE,Lumentum,980,819.154,516.447,422.626,7.624400778e+10,2.793401383e+10,1279.504,-9.733,71.04002598,1085.668074,19.63562407,58.61337175,22.19953339,True,True,True,True,True,True,True
US.LIVN,LIVN,LivaNova,70.4,64.085,62.069,59.829,3867321075,240692084.5,71.644,-3.956,41.01512433,73.29973762,9.854100023,3.247998196,3.744003744,True,True,True,True,True,True,True
US.LNTH,LNTH,Lantheus,94.735,82.355,69.701,66.068,6167824678,429019215.6,100.497,-3.597,47.25008354,98.26976339,15.03248133,18.15468932,5.498879942,True,True,True,True,True,True,True
US.LPG,LPG,Dorian LPG,40.185,35.736,30.281,29.995,1717671779,87918193.22,114.407,-3.517,18.74239181,41.64982432,12.44963062,18.01459661,0.9534922487,True,True,True,True,True,True,True
US.LQDA,LQDA,Liquidia,57.41,39.798,35.033,32.417,5108919288,815408296.7,384.81,-3.849,11.84175244,59.70816736,44.25348007,13.60146148,8.069839899,True,True,True,True,True,True,True
US.LQDT,LQDT,Liquidity Services,33.15,32.506,30.151,29.181,1033657808,31098482.37,52.976,-14.627,21.67006589,38.82960655,1.981172707,7.810686213,3.324080737,True,True,True,True,True,True,True
US.LRCX,LRCX,泛林集团,286.49,247.903,206.715,183.414,3.582760858e+11,1.121573631e+10,263.05,-5.135,78.91199559,301.9975755,15.56536226,19.92501754,12.70404658,True,True,True,True,True,True,True
US.LSCC,LSCC,莱迪思半导体,121.15,106.709,88.009,82.51,1.659850188e+10,1258850801,175.968,-6.807,43.90001739,129.9990343,13.53306656,21.24782693,6.664646709,True,True,True,True,True,True,True
US.LSTR,LSTR,莱帝运输,175.245,166.675,149.739,143.772,5945749161,446827070.4,49.743,-10.513,117.0305123,195.8329143,5.141742913,11.31034667,4.150321342,True,True,True,True,True,True,True
US.LTRX,LTRX,创力,6.23,6.052,5.781,5.372,248059473.9,25561050.02,193.867,-24.393,2.12000667,8.23997778,2.941176471,4.687770282,7.61355175,True,True,True,True,True,True,True
US.LUNR,LUNR,Intuitive Machines,34.14,23.598,17.562,15.618,7402040817,2359069076,338.817,-9.798,7.780008523,37.84838474,44.6732774,34.36966177,12.44717633,True,True,True,True,True,True,True
US.LXP,LXP,LXP Industrial Trust,50.68,48.94,48.083,46.633,2987713308,68524194.06,38.674,-4.001,36.54614419,52.79221659,3.555373927,1.782334713,3.109386057,True,True,True,True,True,True,True
US.LXRX,LXRX,莱斯康制药,2.24,1.748,1.494,1.42,994999913.6,63921996.62,329.942,-11.462,0.521000507,2.529987124,28.14645309,17.00133869,5.211267606,True,True,True,True,True,True,True
US.LYB,LYB,利安德巴塞尔,75.049,73.639,56.221,54.682,2.422454531e+10,1364223966,87.939,-10.592,39.93263772,83.93991589,1.914746262,30.98130592,2.814454482,True,True,True,True,True,True,True
US.MAC,MAC,马塞里奇房产,22.065,20.441,18.802,18.402,6120415891,598360746.6,54.663,-2.172,14.26650201,22.55489226,7.94481679,8.717157749,2.173676774,True,True,True,True,True,True,True
US.MANU,MANU,曼联,19.3,17.507,16.944,16.829,3327983090,21084775.71,45.99,-3.112,13.22008357,19.91990752,10.24161764,3.322710104,0.6833442272,True,True,True,True,True,True,True
US.MAR,MAR,万豪酒店,353.25,344.236,318.645,304.909,9.319547003e+10,2063547170,40.346,-6.992,251.6993716,379.8060382,2.618552388,8.03119459,4.504950657,True,True,True,True,True,True,True
US.MARUY,MARUY,丸红(ADR),370.5,362.924,318.692,297.425,6.068564736e+10,20480556.95,95,-13.04,190,426.0579577,2.087489392,13.87923136,7.150374044,True,True,True,True,True,True,True
US.MASI,MASI,麦斯莫医疗,178.4,177.838,156.066,153.673,9342644942,567857405.6,41.654,-0.335,125.9406723,178.9996488,0.3160179489,13.95050812,1.557202632,True,True,True,True,True,True,True
US.MATW,MATW,马修国际,26.94,26.342,25.447,24.986,840593679.7,30224224.33,41.063,-12.103,19.0978499,30.64951022,2.270138942,3.517114002,1.845033219,True,True,True,True,True,True,True
US.MATX,MATX,Matson,181.47,168.029,141.369,131.87,5491877603,136468034.7,110.219,-4.296,86.32426184,189.615899,7.999214421,18.85844846,7.203306286,True,True,True,True,True,True,True
US.MCB,MCB,Metropolitan Bank,86.36,85.388,81.579,79.913,1070414669,41459445.9,39.312,-11.482,61.99035259,97.56207777,1.138333255,4.669093762,2.084767184,True,True,True,True,True,True,True
US.MCHP,MCHP,微芯科技,94.575,77.256,70.223,68.748,5.118870865e+10,5318305205,97.877,-10.683,47.79484225,105.8868972,22.4176763,10.01523717,2.14551696,True,True,True,True,True,True,True
US.MCW,MCW,Mister Car Wash,7.095,7.009,6.115,5.975,2333506761,241245302.3,53.904,-7.737,4.610016634,7.689973229,1.226993865,14.61978741,2.343096234,True,True,True,True,True,True,True
US.MCY,MCY,默邱利通用,98.59,92.923,89.487,86.394,5460764736,100352890.1,69.786,-3.692,58.06721402,102.3694812,6.098597764,3.839663862,3.58010973,True,True,True,True,True,True,True
US.MD,MD,Pediatrix Medical,23.21,21.655,21.204,19.927,1906049554,93634444.56,96.03,-7.122,11.84002449,24.98977153,7.180789656,2.126957178,6.408390626,True,True,True,True,True,True,True
US.MDU,MDU,MDU Resources,22.19,21.536,20.458,19.471,4637843673,170837345.9,42.9,-3.437,15.5283415,22.97981629,3.036775632,5.269332291,5.069077089,True,True,True,True,True,True,True
US.MEC,MEC,Mayville Engineering,25.415,20.49,18.864,17.734,520855162.5,47211842.22,110.041,-9.699,12.10001857,28.1447603,24.03611518,8.619592875,6.371940904,True,True,True,True,True,True,True
US.MEOH,MEOH,梅思恩,61.86,58.971,47.339,44.581,4785753309,157615707.2,99.552,-7.325,30.99943874,66.74939304,4.899018161,24.5717062,6.186492003,True,True,True,True,True,True,True
US.MFC,MFC,宏利金融,37.7,36.63,35.478,34.18,6.30344e+10,446442189.9,30.294,-6.694,28.93456337,40.40468994,2.921102921,3.247082699,3.797542422,True,True,True,True,True,True,True
US.MFG,MFG,瑞穗金融,8.74,8.29,7.882,7.517,1.065634551e+11,120508899,74.4,-14.959,5.01146789,10.27739561,5.428226779,5.17635118,4.855660503,True,True,True,True,True,True,True
US.MG,MG,Mistras Group,16.575,16.462,13.971,12.818,527361487.6,16507077.42,129.57,-15.242,7.220020037,19.55567616,0.6864293524,17.82979028,8.995163052,True,True,True,True,True,True,True
US.MGA,MGA,曼格纳国际,60.89,57.962,53.674,51.215,1.683176826e+10,349221943.5,82.133,-10.88,33.43161316,68.32360862,5.051585522,7.988970451,4.801327736,True,True,True,True,True,True,True
US.MGNX,MGNX,Macrogenics,4.135,3.176,2.162,2.039,262833513.6,61237459.92,248.945,-4.06,1.185000502,4.309985408,30.19521411,46.90101758,6.032368808,True,True,True,True,True,True,True
US.MGRT,MGRT,美华创富,135.88,70.458,27.674,21.703,1868350000,14450789.04,8958.062,-20.07,1.500100132,169.9987489,92.85247949,154.5999855,27.51232548,True,True,True,True,True,True,True
US.MGTX,MGTX,MeiraGTx Holdings,9.56,8.935,8.308,8.196,885346973,24725053.69,98.546,-19.324,4.815005087,11.84986861,6.994963626,7.546942706,1.366520254,True,True,True,True,True,True,True
US.MIDD,MIDD,The Middleby,145.55,142.199,141.876,140.133,6580969893,452194161.7,31.339,-14.099,110.8200915,169.4392382,2.356556657,0.2276635936,1.243818373,True,True,True,True,True,True,True
US.MIELY,MIELY,三菱电机(ADR),81.08,73.218,65.132,61.4,8.296250636e+10,34047606.28,108.914,-5.72,38.81022813,85.99915146,10.73779672,12.41478843,6.078175896,True,True,True,True,True,True,True
US.MIRM,MIRM,Mirum Pharmaceuticals,108.513,95.899,86.62,82.434,6617225395,993396328.8,153.001,-5.633,42.89034431,114.9904098,13.15342183,10.71230663,5.078001795,True,True,True,True,True,True,True
US.MITSY,MITSY,三井物产(ADR),764.625,759.521,649.256,605.487,1.083545584e+11,16226439.64,97.068,-8.481,388.0005886,835.4822496,0.6720024858,16.98328548,7.228726628,True,True,True,True,True,True,True
US.MKSI,MKSI,MKS仪器,303.335,259.678,208.291,184.128,2.048849837e+10,1568280288,279.843,-7.19,79.85799396,326.8343928,16.81197483,24.6707731,13.12293622,True,True,True,True,True,True,True
US.MLAB,MLAB,Mesa Laboratories,97.955,92.994,85.237,80.691,541183057.4,58303447.81,77.725,-19.231,55.11605008,121.2779656,5.33475278,9.100507995,5.633837727,True,True,True,True,True,True,True
US.MLI,MLI,木勒工业,136.395,122.554,117.229,111.664,1.508127876e+10,331719311.6,90.525,-3.614,71.58903031,141.5091403,11.29379702,4.542391388,4.983701103,True,True,True,True,True,True,True
US.MNST,MNST,怪物饮料,87.445,76.618,76.046,73.042,8.552191918e+10,2267930153,50.533,-1.492,58.09025264,88.76944005,14.13114412,0.7521763143,4.112702281,True,True,True,True,True,True,True
US.MOD,MOD,摩丁制造,275.9,234.976,186.863,175.746,1.454853725e+10,1226587345,219.015,-6.174,86.48496152,294.0549528,17.41624677,25.74774032,6.325606273,True,True,True,True,True,True,True
US.MOV,MOV,摩凡陀,27.14,25.739,22.499,21.188,603244880.9,15727689.15,93.825,-7.182,14.00232168,29.2400181,5.443101908,14.40064003,6.187464603,True,True,True,True,True,True,True
US.MPC,MPC,马拉松原油,254.085,235.329,202.603,196.008,7.41767199e+10,2968493692,66.875,-2.876,152.2606742,261.6088711,7.97011843,16.15277168,3.364658585,True,True,True,True,True,True,True
US.MPTI,MPTI,M-tron Industries,79.855,67.689,60.673,57.417,345088830.8,25627770.06,119.502,-8.454,36.38007854,87.22937103,17.97337824,11.56362797,5.670794364,True,True,True,True,True,True,True
US.MPWR,MPWR,Monolithic Power Systems,1566.77,1327.614,1123.305,1057.147,7.69754101e+10,3927569246,145.381,-6.484,638.5050187,1675.40314,18.01397093,18.18820356,6.258164664,True,True,True,True,True,True,True
US.MRAAY,MRAAY,村田制作所(ADR),19.475,14.023,11.692,10.916,7.09003452e+10,39766768.33,186.397,-5.781,6.800001397,20.66992857,38.87898453,19.93670886,7.108831074,True,True,True,True,True,True,True
US.MRCY,MRCY,Mercury Systems,91.37,81.523,80.952,78.074,5486154768,166959117.7,107.611,-12.008,44.01019214,103.8389854,12.07879985,0.7053562605,3.686246382,True,True,True,True,True,True,True
US.MRTN,MRTN,马尔登运输,15.795,13.803,12.309,12.072,1288700387,52789141.53,70.662,-0.897,9.255135883,15.93796353,14.43164529,12.13746039,1.963220676,True,True,True,True,True,True,True
US.MRVI,MRVI,Maravai LifeSciences,4.156,3.463,3.442,3.236,1073038654,52259818.78,108.844,-16.796,1.990002107,4.994952166,20.01155068,0.6101104009,6.365883807,True,True,True,True,True,True,True
US.MRVL,MRVL,迈威尔科技,180.138,128.234,99.094,93.163,1.57770304e+11,2.097631178e+10,208.278,-6.221,58.4336216,192.0877808,40.4760048,29.40642218,6.366261284,True,True,True,True,True,True,True
US.MRX,MRX,Marex Group,56.04,46.686,40.082,38.547,4031005955,199270647.8,102.54,-4.401,27.66860867,58.61986004,20.03598509,16.47622374,3.982151659,True,True,True,True,True,True,True
US.MS,MS,摩根士丹利,193.3,175.905,172.488,166.531,3.048891551e+11,4238066547,59.804,-2.126,120.9606768,197.498825,9.888860464,1.981007374,3.577111769,True,True,True,True,True,True,True
US.MSBI,MSBI,Midland States,26.42,23.476,20.748,19.754,547681289.6,13641067.17,94.255,-6.286,13.60067952,28.19215912,12.54046686,13.14825525,5.031892275,True,True,True,True,True,True,True
US.MSGE,MSGE,Madison Square Garden Entertainment,68.185,61.255,56.028,52.394,3225507380,173257666.3,93.103,-2.404,35.31017126,69.86454363,11.31336217,9.329263939,6.935908692,True,True,True,True,True,True,True
US.MSGS,MSGS,麦迪逊运动,349.758,327.05,279.071,261.283,8420798994,415530345.5,88.041,-2.143,186.0009253,357.4174561,6.943280844,17.19239907,6.807943877,True,True,True,True,True,True,True
US.MSM,MSM,MSC Industrial Direct,104.7,95.522,89.127,88.609,5845852362,411467064.3,39.996,-3.741,74.78785108,108.7690502,9.608257784,7.175154555,0.5845907301,True,True,True,True,True,True,True
US.MT,MT,安赛乐米塔尔,60.525,56.765,50.747,46.618,4.602489374e+10,462651207.8,106.707,-10.248,29.28057589,67.43582316,6.623799877,11.85882909,8.857093826,True,True,True,True,True,True,True
US.MTDR,MTDR,Matador Resources,59.3,59.128,48.375,47.81,7363768861,311615021.2,63.533,-10.676,36.26179426,66.38753303,0.2908943309,22.22842377,1.181761138,True,True,True,True,True,True,True
US.MTRN,MTRN,Materion,203.58,165.806,144.15,136.61,4234766316,273814056,177.497,-5.581,73.36295528,215.6133829,22.78204649,15.02323968,5.519361687,True,True,True,True,True,True,True
US.MTSI,MTSI,MACOM Technology Solutions,381.91,266.155,214.438,193.042,2.913811905e+10,2728904508,223.214,-4.818,118.1601045,401.2418314,43.49157446,24.11746052,11.08359839,True,True,True,True,True,True,True
US.MTSUY,MTSUY,三菱商事(ADR),36.96,33.284,28.348,26.925,1.353289909e+11,19692110.2,94.833,-1.202,18.97009234,37.40966416,11.04434563,17.41216312,5.285051068,True,True,True,True,True,True,True
US.MTX,MTX,Minerals Technologies,77.24,72.133,66.132,65,2395114614,121249999.7,46.264,-8.418,52.80862003,84.33971741,7.079977264,9.074275691,1.741538462,True,True,True,True,True,True,True
US.MTZ,MTZ,MasTec,421.025,356.117,271.626,251.363,3.326878754e+10,1929671045,189.443,-4.622,145.4604188,441.4277926,18.22659407,31.1056379,8.061250065,True,True,True,True,True,True,True
US.MU,MU,美光科技,736,486.409,362.422,307.034,8.298882108e+11,2.08438666e+11,711.23,-10.111,90.72642777,818.7876158,51.31298969,34.21067154,18.03969593,True,True,True,True,True,True,True
US.MUFG,MUFG,三菱日联金融,18.935,17.534,16.945,16.493,2.137306561e+11,286452360.3,45.615,-6.006,13.00346805,20.14490287,7.990190487,3.475951608,2.7405566,True,True,True,True,True,True,True
US.MUR,MUR,墨菲石油,39.975,38.735,33.369,31.328,5730399301,251007970.9,103.925,-7.764,19.60279515,43.33991066,3.201239189,16.08079355,6.514938713,True,True,True,True,True,True,True
US.MUSA,MUSA,Murphy USA,568.12,511.428,433.903,420.868,1.049356556e+10,737883846.9,65.346,-6.838,343.594644,609.8194543,11.08504032,17.86689652,3.097170609,True,True,True,True,True,True,True
US.MXL,MXL,MaxLinear,88.785,38.901,24.447,22.306,7950337970,2166843480,710.082,-14.85,10.96000158,104.2689372,128.2332074,59.12381887,9.598314355,True,True,True,True,True,True,True
US.MYE,MYE,Myers Industries,22.62,21.342,19.838,18.885,849546623.6,26849193.9,96.814,-6.721,11.49308484,24.24983115,5.988192297,7.581409416,5.046333069,True,True,True,True,True,True,True
US.MYRG,MYRG,MYR Group,464.19,332.774,267.71,247.68,7227919201,448556521.6,200.349,-3.285,154.5502066,479.9565734,39.49106601,24.30391095,8.087047804,True,True,True,True,True,True,True
US.NATL,NATL,NCR Atleos,44.43,44.233,40.46,39.911,3278037269,284593901.9,88.582,-8.391,23.56004285,48.49960157,0.4453688423,9.325259516,1.375560622,True,True,True,True,True,True,True
US.NBIS,NBIS,NEBIUS,219.17,140.596,112.8,105.848,5.564686718e+10,2.192606664e+10,531.25,-6.229,34.72,233.728978,55.88636946,24.64184397,6.567908699,True,True,True,True,True,True,True
US.NBR,NBR,纳伯斯实业,103.295,87.759,67.72,60.259,1528343420,100266785.2,343.897,-2.367,23.27003787,105.7992687,17.70302761,29.59096279,12.38155296,True,True,True,True,True,True,True
US.NBTX,NBTX,Nanobiotix,50.205,35.046,26.767,23.002,2434717180,29241549.64,1279.258,-12.136,3.640000638,57.13944278,43.2545797,30.92987634,16.3681419,True,True,True,True,True,True,True
US.NDSN,NDSN,Nordson,276.42,274.645,260.008,250.193,1.541970216e+10,384790351.5,45.986,-9.175,189.3469237,304.3435178,0.6462888456,5.629442171,3.922971466,True,True,True,True,True,True,True
US.NE,NE,Noble,52.36,48.856,38.101,35.456,8353825628,267668450.5,149.13,-4.049,21.01713965,54.56951986,7.172097593,28.22760557,7.459950361,True,True,True,True,True,True,True
US.NEE,NEE,新纪元能源,93.883,93.103,87.257,83.619,1.957772778e+11,2751866525,51.335,-4.929,62.03654145,98.75040759,0.8377818115,6.699749017,4.350685849,True,True,True,True,True,True,True
US.NESR,NESR,National Energy Services Reunited,25.47,22.914,18.718,16.288,2568579585,227247292.6,365.63,-6.532,5.470008376,27.2499679,11.15475255,22.41692489,14.91895874,True,True,True,True,True,True,True
US.NEWP,NEWP,New Pacific Metals,5.18,4.835,3.817,3.381,953824573.2,34452871.36,366.666,-17.842,1.110001586,6.304924657,7.135470527,26.67015981,12.89559302,True,True,True,True,True,True,True
US.NEWT,NEWT,NewtekOne,12.75,12.212,11.793,11.66,367951242.8,10452099.86,37.323,-13.046,9.284679187,14.66292522,4.405502784,3.552955143,1.140651801,True,True,True,True,True,True,True
US.NEXA,NEXA,Nexa Resources,14.76,12.682,10.204,8.887,1954793898,113438786.9,232.582,-12.611,4.438003259,16.8899976,16.38542817,24.28459428,14.81939912,True,True,True,True,True,True,True
US.NFBK,NFBK,Northfield Bancorp,13.925,13.567,12.21,11.934,581561639.1,13078053.6,43.734,-2.005,9.688034842,14.20990867,2.638755805,11.11384111,2.31271996,True,True,True,True,True,True,True
US.NGL,NGL,NGL Energy,17.32,13.7,11.05,9.66,2144463485,17123674.4,458.709,-2.202,3.100003759,17.70997362,26.42335766,23.98190045,14.38923395,True,True,True,True,True,True,True
US.NGLOY,NGLOY,ANGLO AMERICAN SPON ADR EACH REP 0.5 ORD (P/S),25.62,23.338,21.737,20.35,5.49030424e+10,61285484.38,90.086,-8.63,13.47810991,28.03983802,9.778044391,7.365321802,6.815724816,True,True,True,True,True,True,True
US.NGNE,NGNE,Neurogene,30.21,24.433,23.01,22.253,477375429.2,15904223.42,106.211,-18.933,14.65004292,37.26547177,23.64425163,6.18426771,3.401788523,True,True,True,True,True,True,True
US.NGS,NGS,Natural Gas Services,42.73,39.003,34.667,32.525,538328136.5,25775663.17,90.09,-1.247,22.47882582,43.26957156,9.555675204,12.50757204,6.585703305,True,True,True,True,True,True,True
US.NHC,NHC,National HealthCare,193.53,168.49,148.217,139.001,3022869123,77639203.37,109.775,-3.048,92.25598856,199.6142421,14.86141611,13.67791819,6.630168128,True,True,True,True,True,True,True
US.NJR,NJR,新泽西能源,57.165,55.441,50.096,49.005,5769181721,121724859.7,34.594,-1.286,42.47217558,57.90971899,3.10961202,10.66951453,2.226303438,True,True,True,True,True,True,True
US.NMM,NMM,Navios Maritime,70.96,68.818,59.478,56.085,2025624941,37145758.36,94.509,-8.835,36.48160239,77.83688916,3.112557761,15.70328525,6.049745921,True,True,True,True,True,True,True
US.NN,NN,NextNav,20.32,18.061,15.905,15.851,2772398600,248256740.6,87.453,-15.99,10.84005057,24.18759671,12.50761309,13.5554857,0.3406725128,True,True,True,True,True,True,True
US.NOK,NOK,诺基亚,13.837,10.142,7.762,6.926,7.734720696e+10,8473428828,251.046,-8.953,3.941648673,15.19764517,36.43265628,30.66220046,12.07045914,True,True,True,True,True,True,True
US.NOV,NOV,华高,20.44,19.446,17.478,16.285,7335680531,421538356,79.197,-2.341,11.40644096,20.92997061,5.111591073,11.25986955,7.325759902,True,True,True,True,True,True,True
US.NOVT,NOVT,Novanta,153.72,127.412,125.249,122.253,5474254812,555768511.8,56.426,-7.151,98.27010855,165.5591336,20.64797664,1.726959896,2.450655608,True,True,True,True,True,True,True
US.NPCE,NPCE,NeuroPace,15.35,15.226,14.743,13.447,523338985.8,21635952.91,102.975,-21.683,7.562507698,19.59983145,0.8143964272,3.276131045,9.637837436,True,True,True,True,True,True,True
US.NPKI,NPKI,NPK International,15.29,14.705,13.544,12.757,1291195180,43617572.97,100.393,-7.333,7.630007036,16.49994065,3.978238694,8.572061429,6.169162029,True,True,True,True,True,True,True
US.NPO,NPO,Enpro,311.55,273.606,246.55,240.277,6582012169,334256997.2,80.468,-4.718,172.6344837,326.9767637,13.86811693,10.97383898,2.610736775,True,True,True,True,True,True,True
US.NSA,NSA,National Storage Affiliates Trust,41.425,39.87,33.427,32.405,3198529180,190005644.9,56.342,-5.884,26.49639892,44.01483276,3.900175571,19.27483771,3.153834285,True,True,True,True,True,True,True
US.NSC,NSC,诺福克南方,316.98,298.744,293.621,290.235,7.119180644e+10,1340948129,36.592,-1.551,232.0633712,321.9738139,6.104223014,1.744766212,1.166640826,True,True,True,True,True,True,True
US.NTB,NTB,毕达菲尔特银行,54.47,53.415,49.622,47.985,2157588347,47613240.71,38.203,-4.967,39.41303734,57.31693201,1.975100627,7.64378703,3.411482755,True,True,True,True,True,True,True
US.NTCT,NTCT,网侦系统,38.25,33.208,29.468,28.186,2734691974,114503324.8,87.591,-6.524,20.390104,40.91959433,15.18308841,12.69173341,4.548357341,True,True,True,True,True,True,True
US.NTRS,NTRS,北方信托,163.705,151.32,141.604,138.103,3.130579826e+10,610717686.3,61.234,-5.473,101.5325552,173.1833233,8.184641819,6.861388096,2.535064408,True,True,True,True,True,True,True
US.NTST,NTST,Netstreit,20.42,20.049,18.881,18.614,1986061595,82421740.42,39.342,-3.588,14.65459086,21.17993611,1.850466357,6.186113024,1.434404212,True,True,True,True,True,True,True
US.NUE,NUE,纽柯钢铁,226.93,192.452,172.398,164.245,5.168125378e+10,1385773791,116.899,-3.618,104.6247332,235.4485277,17.9151165,11.63238553,4.963925842,True,True,True,True,True,True,True
US.NVAX,NVAX,诺瓦瓦克斯医药,9.055,8.95,8.294,8.292,1488987168,264134869.9,47.716,-24.352,6.130006228,11.96991328,1.173184358,7.909332047,0.02411963338,True,True,True,True,True,True,True
US.NVCR,NVCR,Novocure,17.92,13.101,12.824,12.73,2075522827,129000347.5,82.485,-10.667,9.819985204,20.05977634,36.78345164,2.160012477,0.7384131972,True,True,True,True,True,True,True
US.NVDA,NVDA,英伟达,228.35,193.131,188.293,185.974,5.530030319e+12,1.650959628e+11,76.814,-3.475,129.1470132,236.5708366,18.23580886,2.569399818,1.246948498,True,True,True,True,True,True,True
US.NVEC,NVEC,NVE Corp,89.05,76.473,69.574,67.966,430749632.3,101848038.9,57.995,-19.067,56.36254312,110.0292835,16.44632746,9.916060597,2.365888827,True,True,True,True,True,True,True
US.NVGS,NVGS,Navigator,23.4,20.542,18.624,17.934,1444291969,42463545.81,75.818,-1.411,13.30921749,23.73489943,13.91295882,10.29853952,3.847440616,True,True,True,True,True,True,True
US.NVMI,NVMI,Nova,525.835,483.809,408.938,377.385,1.671259908e+10,1050914360,193.762,-6.931,179.0003472,564.9947888,8.686485783,18.30864336,8.360957643,True,True,True,True,True,True,True
US.NVRI,NVRI,Enviri,19.37,19.036,17.506,15.892,1602007511,105847775.7,163.537,-3.077,7.350011573,19.9849365,1.754570288,8.739860619,10.15605336,True,True,True,True,True,True,True
US.NVT,NVT,nVent Electric,168.82,134.354,116.603,110.605,2.730164671e+10,1217358756,169.462,-3.531,62.65076337,174.9992225,25.65312533,15.22345051,5.422901315,True,True,True,True,True,True,True
US.NVTS,NVTS,纳微半导体,20.55,12.779,10.641,9.654,4802805561,4528596659,993.085,-13.727,1.880000183,23.81973503,60.81070506,20.09209661,10.22374145,True,True,True,True,True,True,True
US.NWE,NWE,NorthWestern,69.67,69.438,66.361,63.59,4285263475,121125641.4,42.474,-7.329,48.9001502,75.17993763,0.3341110055,4.636759543,4.357603397,True,True,True,True,True,True,True
US.NWPX,NWPX,NWPX 基础设施,111.55,86.486,71.407,66.237,1075008242,64191566.37,193.629,-2.38,37.99011678,114.2696169,28.98041301,21.11697733,7.805305192,True,True,True,True,True,True,True
US.NXPI,NXPI,恩智浦,291.74,228.267,222.668,222.373,7.365591259e+10,4704551221,60.963,-4.852,181.2466219,306.6170597,27.80647225,2.514505901,0.1326599902,True,True,True,True,True,True,True
US.NXT,NXT,Nextpower,143.145,118.371,105.47,95.909,2.125357455e+10,2531373415,176.929,-8.696,51.69014441,156.7784544,20.9291127,12.23191429,9.968824615,True,True,True,True,True,True,True
US.NYAX,NYAX,Nayax,63.71,62.54,53.88,52.157,2381361236,26821629.1,65.48,-14.86,38.50012086,74.82969227,1.870802686,16.07275427,3.303487547,True,True,True,True,True,True,True
US.OBE,OBE,Obsidian Energy,13.152,10.659,7.875,7.442,878268085.8,32919136.63,187.168,-9.854,4.579897482,14.58966565,23.38868562,35.35238095,5.818328406,True,True,True,True,True,True,True
US.OBK,OBK,Origin Bancorp,45.275,43.57,39.994,38.982,1399182811,29566748.54,42.801,-5.401,31.70496005,47.85991395,3.913243057,8.941341201,2.596069981,True,True,True,True,True,True,True
US.OCC,OCC,Optical Cable,12.035,9.692,7.591,7.471,106288281.9,15578225.77,393.237,-13.727,2.440003487,13.94990321,24.17457697,27.67751284,1.606210681,True,True,True,True,True,True,True
US.OCS,OCS,Oculis,29.675,27.37,24.434,22.746,1792016066,68110434,85.468,-13.923,16.0000647,34.47494685,8.421629521,12.01604322,7.421085026,True,True,True,True,True,True,True
US.ODC,ODC,美国石油勘探,77.365,69.233,60.858,60.807,1120245742,14812699.24,70.638,-2.31,45.33867017,79.19439042,11.74584375,13.76154326,0.08387192264,True,True,True,True,True,True,True
US.ODFL,ODFL,Old Dominion Freight Line,200.89,199.808,174.316,167.208,4.177874837e+10,1415448233,59.963,-14.072,125.5852916,233.7887534,0.5415198591,14.62401615,4.250992775,True,True,True,True,True,True,True
US.OHI,OHI,Omega Healthcare Investors,47.315,45.785,43.892,42.831,1.409050163e+10,489852043.3,41.048,-2.32,33.54531791,48.43877969,3.341705799,4.312858835,2.477177745,True,True,True,True,True,True,True
US.OII,OII,国际海洋工程,37.38,36.426,30.241,28.601,3728477408,158326064,102.601,-6.829,18.45005701,40.11977976,2.619008401,20.45236599,5.734065242,True,True,True,True,True,True,True
US.OKE,OKE,欧尼克(万欧卡),91.44,87.044,77.533,75.896,5.761026699e+10,1528284847,46.521,-2.9,62.40743648,94.17095778,5.050319379,12.26703468,2.156898914,True,True,True,True,True,True,True
US.OLPX,OLPX,Olaplex,2.03,1.823,1.506,1.477,1364245617,37932399.84,104.575,-0.49,0.9923011121,2.03999598,11.35490949,21.04913679,1.963439404,True,True,True,True,True,True,True
US.ON,ON,安森美半导体,113.67,78.677,64.176,60.587,4.45691904e+10,6290411299,179.972,-4.513,40.60048862,119.0423827,44.47678483,22.5956744,5.923713008,True,True,True,True,True,True,True
US.ONTO,ONTO,Onto Innovation,273.61,246.36,195.531,175.253,1.361033737e+10,1086143584,206.051,-13.414,89.40013266,315.9979673,11.06104887,25.99536646,11.57070064,True,True,True,True,True,True,True
US.OOMA,OOMA,Ooma,18.71,15.56,12.926,12.718,514053938.3,22494669.25,91.064,-4.345,9.792530252,19.55987664,20.24421594,20.37753365,1.635477276,True,True,True,True,True,True,True
US.OPLN,OPLN,OPENLANE,35.31,30.673,28.893,28.729,3740957003,128027107.9,61.675,-8.333,21.84011133,38.51985993,15.11753008,6.160661752,0.5708517526,True,True,True,True,True,True,True
US.ORA,ORA,奥玛特科技,131.48,113.827,113.708,108.455,8079676353,1022516225,87.361,-5.078,70.1746895,138.5137271,15.50862273,0.1046540261,4.843483472,True,True,True,True,True,True,True
US.ORANY,ORANY,ORANGE SPON ADR EACH REPR 1 ORD SHS,21.19,20.579,18.382,17.737,5.63502059e+10,11822619.01,56.453,-3.02,13.54400363,21.84986595,2.969046115,11.95190948,3.636466144,True,True,True,True,True,True,True
US.ORN,ORN,Orion Group,15.42,12.185,11.368,10.427,624190466.8,27815444.59,139.44,-2.712,6.440026729,15.84984787,26.5490357,7.186840253,9.02464755,True,True,True,True,True,True,True
US.OSS,OSS,One Stop Systems,16.565,10.233,8.35,7.689,410298766.6,145426780.6,598.945,-4.414,2.370000501,17.32994372,61.87823708,22.5508982,8.59669658,True,True,True,True,True,True,True
US.OUT,OUT,Outfront Media Inc.,31.31,29.089,24.871,23.101,5512548498,305140882.6,114.502,-10.44,14.5966005,34.95980348,7.635188559,16.95951108,7.662005974,True,True,True,True,True,True,True
US.OVID,OVID,Ovid Therapeutics,2.675,2.537,1.887,1.7,499262272.9,34495157.21,890.373,-13.848,0.2701002552,3.10497725,5.439495467,34.44621092,11,True,True,True,True,True,True,True
US.OVV,OVV,Ovintiv,59.62,57.463,46.393,44.808,1.675432899e+10,1235112548,75.705,-6.05,33.93187445,63.45928685,3.753719785,23.86135839,3.537314765,True,True,True,True,True,True,True
US.OXY,OXY,西方石油,59.23,58.461,48.279,47.448,5.88823743e+10,2645734965,53.301,-12.231,38.63640811,67.48396359,1.315406852,21.08991487,1.751390996,True,True,True,True,True,True,True
US.PAA,PAA,Plains All American Pipeline,22.725,21.573,18.876,18.25,1.60332075e+10,227715084.4,54.201,-0.547,14.73725851,22.84998944,5.340008344,14.28798474,3.430136986,True,True,True,True,True,True,True
US.PAAS,PAAS,泛美白银,56.326,55.723,51.433,47.13,2.37329601e+10,1416771061,151.88,-19.311,22.36223599,69.8062933,1.082138435,8.340948418,9.130065776,True,True,True,True,True,True,True
US.PACS,PACS,PACS Group,38.3,34.288,31.073,26.247,6061832001,308232895.3,410.666,-11.095,7.500009791,43.07969181,11.70088661,10.34660316,18.38686326,True,True,True,True,True,True,True
US.PAGP,PAGP,Plains GP Holdings,24.405,23.318,20.222,19.572,5686375494,147083157.9,55.179,-0.509,15.72699914,24.52985697,4.661634789,15.31005835,3.321070918,True,True,True,True,True,True,True
US.PANL,PANL,Pangaea Logistics Solutions,8.35,7.482,7.15,6.64,546214607,33730661.02,102.142,-11.075,4.130759565,9.389935339,11.60117616,4.643356643,7.680722892,True,True,True,True,True,True,True
US.PBA,PBA,Pembina Pipeline,48.66,44.738,40.841,39.931,2.82926271e+10,152128477.1,42.583,0,34.12749065,48.66,8.766596629,9.541881932,2.278931156,True,True,True,True,True,True,True
US.PBT,PBT,帕米亚盆地皇室信托,27.7,22.239,19.561,18.854,1291063649,41065370.59,162.282,-5.782,10.56115174,29.39990235,24.55596025,13.69050662,3.749867402,True,True,True,True,True,True,True
US.PCRHY,PCRHY,PANASONIC HOLDINGS CORP UNSPON ADR EACH REP 1 ORD,20.9,18.288,14.907,13.825,4.87948022e+10,13348438.48,124.731,-5.6,9.300007565,22.13983051,14.28258968,22.68061984,7.826401447,True,True,True,True,True,True,True
US.PDFS,PDFS,PDF Solutions,45.03,39.448,33.054,30.243,1853992136,408887453.7,159.537,-20.244,17.35012734,56.45970209,14.15027378,19.34410359,9.294712826,True,True,True,True,True,True,True
US.PEB,PEB,Pebblebrook Hotel Trust,14.03,13.341,12.13,11.81,1590570367,108422840.4,62.021,-5.49,8.659371316,14.84498995,5.164530395,9.983511954,2.709568163,True,True,True,True,True,True,True
US.PFG,PFG,信安金融,99.98,93.688,89.265,86.554,2.159691815e+10,431589948,37.111,-2.932,72.91902181,102.9999588,6.715908121,4.954909539,3.132148716,True,True,True,True,True,True,True
US.PFIS,PFIS,人民金服,56.44,55.458,51.561,50.923,565014123.6,17659536.94,32.437,-5.713,42.61648935,59.85978979,1.770709366,7.558038052,1.252871983,True,True,True,True,True,True,True
US.PGC,PGC,皮帕克格拉德斯通金融,41.35,37.955,32.066,30.947,732654930.3,17682187.45,70.48,-5.548,24.25504458,43.77885063,8.944803056,18.36524668,3.615859372,True,True,True,True,True,True,True
US.PHIN,PHIN,Phinia,77.09,70.835,64.902,62.586,2853914816,104454132.2,89.418,-4.738,40.69834968,80.92418803,8.830380462,9.141474839,3.700508101,True,True,True,True,True,True,True
US.PHVS,PHVS,Pharvaris,29.725,28.23,26.285,25.434,2059421896,62882869.56,92.27,-10.816,15.46003017,33.3299695,5.295784626,7.399657599,3.345914917,True,True,True,True,True,True,True
US.PKE,PKE,帕克航空航天,33.225,30.781,24.832,23.282,662034638.5,26862078.5,156.128,-7.348,12.97202961,35.85999223,7.939962964,23.95699098,6.657503651,True,True,True,True,True,True,True
US.PKOH,PKOH,帕克俄亥俄控股,30.65,26.478,23.612,22.616,441303879.9,10972676.57,100.581,-3.978,15.28060983,31.91976839,15.75647708,12.13789599,4.403961797,True,True,True,True,True,True,True
US.PKST,PKST,Peakstone Realty Trust(已退市),20.99,20.897,16.928,15.954,781531920.6,41075902,85.201,-0.047,11.33363211,20.99986994,0.4450399579,23.44636106,6.105052025,True,True,True,True,True,True,True
US.PKX,PKX,浦项钢铁,78.53,67.195,60.027,57.757,2.322283726e+10,108066421.9,91.663,-15.01,40.97295774,92.39910578,16.86881464,11.94129308,3.930259536,True,True,True,True,True,True,True
US.PL,PL,Planet Labs PBC,41.98,33.949,23.725,20.104,1.496673227e+10,1695715581,1110.23,-3.348,3.468762136,43.43417622,23.65607234,43.09378293,18.01134103,True,True,True,True,True,True,True
US.PLAB,PLAB,福尼克斯,49.945,44.086,34.878,31.76,2945076548,178322333.8,201.054,-10.812,16.59004697,55.99968606,13.28993331,26.40059636,9.817380353,True,True,True,True,True,True,True
US.PLD,PLD,安博,140.49,137.007,130.975,125.517,1.309841656e+11,1642440061,41.109,-3.403,99.56133202,145.4392994,2.542205873,4.605459057,4.348414956,True,True,True,True,True,True,True
US.PLGO,PLGO,Pelagos Insurance,23.19,19.991,19.134,18.571,1982669795,60069097.16,60.614,-1.758,14.43834286,23.60497547,16.00220099,4.478938016,3.031608422,True,True,True,True,True,True,True
US.PLOW,PLOW,Douglas Dynamics,44.53,44.075,37.885,36.211,1029764800,45260000.65,72.434,-14.905,25.82437338,52.3297491,1.032331254,16.33892042,4.622904642,True,True,True,True,True,True,True
US.PLPC,PLPC,Preformed Line Products,343.645,304.575,255.35,238.21,1679740884,123063165.5,158.9,-7.572,132.7327153,371.7975072,12.82771074,19.27746231,7.19533185,True,True,True,True,True,True,True
US.PLSE,PLSE,Pulse Biosciences,24.07,21.322,17.846,17.503,1665877768,75376792.01,91.64,-13.974,12.56000835,27.97991305,12.8880968,19.47775412,1.959664058,True,True,True,True,True,True,True
US.PLUG,PLUG,普拉格能源,3.605,2.771,2.485,2.36,5029224041,2461951922,386.307,-21.288,0.7413012768,4.579987804,30.09743775,11.50905433,5.296610169,True,True,True,True,True,True,True
US.PLXS,PLXS,普雷克萨斯,257.5,226.178,184.69,172.879,6889778408,306952320,123.233,-6.645,115.350329,275.8288255,13.8483849,22.46358763,6.831946043,True,True,True,True,True,True,True
US.PM,PM,菲利普莫里斯,191.13,166.693,163.471,162.593,2.978873522e+11,4973864170,36.932,-0.943,139.5802296,192.9495139,14.65988374,1.970991797,0.5399986469,True,True,True,True,True,True,True
US.PNRG,PNRG,PrimeEnergy Resources,262,223.038,187.334,181.108,423916000,37143259.95,107.278,0,126.4002933,262,17.46877214,19.05900691,3.437727765,True,True,True,True,True,True,True
US.PNTG,PNTG,Pennant Group,36.325,31.924,29.513,28.305,1262931508,54993202.64,67.165,-3.236,21.73002722,37.53978752,13.78586643,8.169281334,4.267797209,True,True,True,True,True,True,True
US.POET,POET,POET Technologies,18.61,8.299,7.015,6.669,2841970368,6552169284,380.881,-10.571,3.869980307,20.80980443,124.2438848,18.30363507,5.188184136,True,True,True,True,True,True,True
US.POWI,POWI,帕沃英蒂格盛,71.08,58.822,46.738,45.92,3960576463,368528565.4,132.806,-12.88,30.53185914,81.58861341,20.83914182,25.85476486,1.781358885,True,True,True,True,True,True,True
US.POWL,POWL,Powell Industries,289.2,226.354,163.961,145.881,1.053603289e+10,824356209.5,429.437,-11.829,54.62406292,327.9990019,27.76447511,38.05356152,12.39366333,True,True,True,True,True,True,True
US.PPIH,PPIH,Perma-Pipe International Holdings,32.215,31.203,30.032,29.145,261691239.7,12898034.9,157.72,-12.268,12.5,36.71978298,3.24327789,3.899174214,3.043403671,True,True,True,True,True,True,True
US.PR,PR,Permian Resources,20.58,20.42,16.438,15.616,1.723138959e+10,953999988.2,75.985,-9.239,11.69417848,22.67493747,0.7835455436,24.22435819,5.263831967,True,True,True,True,True,True,True
US.PRAX,PRAX,Praxis Precision Medicines,337.195,319.332,273.144,216.736,9400583199,648300403.8,857.668,-6.01,35.21001015,358.7562507,5.593864693,16.90976188,26.02613318,True,True,True,True,True,True,True
US.PRLB,PRLB,Proto Labs,72.395,61.839,56.879,54.868,1722569888,61979053.04,100.262,-0.977,36.15014331,73.10927764,17.07013373,8.720265827,3.66516002,True,True,True,True,True,True,True
US.PRM,PRM,Perimeter Solutions,33.009,26.619,26.317,24.872,5384710161,228993159.3,185.918,-5.39,11.54491847,34.88954656,24.00540967,1.147547213,5.809745899,True,True,True,True,True,True,True
US.PRSU,PRSU,Pursuit Attractions and Hospitality,41.96,39.297,36.511,36.23,1146283840,40161020.99,57.389,-7.719,26.66005884,45.46981502,6.776598723,7.630577086,0.7756003312,True,True,True,True,True,True,True
US.PRYMY,PRYMY,PRYSMIAN SPA UNSP ADR EACH REPR 0.50 ORD EUR0.10,89,68.029,57.826,54.735,5.105247352e+10,47763000.7,194.343,-4.032,30.23683254,92.73924642,30.82655926,17.64431225,5.647209281,True,True,True,True,True,True,True
US.PSIG,PSIG,PS International Group,7.3,6.247,5.117,4.713,112248975.6,24524842.51,227.06,-1.484,2.23200636,7.409963864,16.85609092,22.08325191,8.572034797,True,True,True,True,True,True,True
US.PSMT,PSMT,普尔斯玛特,159.31,153.443,138.987,132.504,4922022483,123598235.7,60.964,-3.714,98.97244104,165.4549986,3.823569664,10.40097275,4.892682485,True,True,True,True,True,True,True
US.PSTL,PSTL,Postal Realty Trust,22.57,20.204,17.594,16.878,588847733.9,40936274.86,84.629,-4.428,12.22451511,23.61570334,11.71055237,14.83460271,4.242208793,True,True,True,True,True,True,True
US.PSX,PSX,Phillips 66,174.885,171.001,149.988,144.17,7.011752097e+10,2040517861,63.623,-8.249,106.8828954,190.6082767,2.271331747,14.00978745,4.03551363,True,True,True,True,True,True,True
US.PTEN,PTEN,Patterson-UTI Energy,12.265,10.887,8.071,7.398,4656010514,287692397.1,146.747,-2.812,4.970678468,12.61987077,12.65729769,34.89034816,9.097053258,True,True,True,True,True,True,True
US.PTGX,PTGX,Protagonist Therapeutics,102.67,100.789,89.678,82.086,6602848666,228930351.7,133.128,-4.794,44.04018393,107.839842,1.86627509,12.38988381,9.248836586,True,True,True,True,True,True,True
US.PUK,PUK,英国保诚,30.535,29.826,29.675,28.885,3.890485386e+10,91005577.55,40.563,-9.082,21.72335536,33.58520865,2.377120633,0.5088458298,2.734983555,True,True,True,True,True,True,True
US.PUMP,PUMP,ProPetro Holding,17.26,15.005,11.623,9.966,2116369006,292017568.6,282.705,-6.702,4.510001176,18.49986066,15.02832389,29.09747914,16.6265302,True,True,True,True,True,True,True
US.PWR,PWR,广达服务,771.645,623.813,517.4,485.958,1.157931637e+11,3977260487,140.949,-2.168,320.2524186,788.7449914,23.69812748,20.56687283,6.47010647,True,True,True,True,True,True,True
US.QUIK,QUIK,快辑半导体,19.525,12.58,8.877,8.104,355839337.1,97494150.29,306.77,-13.948,4.800009834,22.68976898,55.20667727,41.7145432,9.538499506,True,True,True,True,True,True,True
US.R,R,莱德系统,229.86,218.086,198.553,194.52,8893517397,414898386.6,62.738,-11.25,141.2454375,258.9971831,5.398787634,9.837675583,2.073308657,True,True,True,True,True,True,True
US.RAPP,RAPP,Rapport Therapeutics,36.85,33.246,29.606,27.37,1762422334,54256483.25,376.714,-12.819,7.730001636,42.26838417,10.84040185,12.29480511,8.169528681,True,True,True,True,True,True,True
US.RBC,RBC,RBC轴承,608.18,575.895,505.314,476.31,1.92300197e+10,745452827.7,73.176,-3.768,351.1918511,631.9935157,5.60605666,13.96775075,6.089311583,True,True,True,True,True,True,True
US.RCUS,RCUS,Arcus Biosciences,23.955,23.464,22,19.352,3012896096,72332494.35,202.844,-16.591,7.910013076,28.71992231,2.092567337,6.654545455,13.68334022,True,True,True,True,True,True,True
US.RELL,RELL,理查森电子,18.32,12.994,11.743,11.233,266682811,30432684.22,116.184,-7.754,8.474262665,19.85993973,40.98814838,10.65315507,4.540194071,True,True,True,True,True,True,True
US.REPX,REPX,Riley Exploration Permian,36.478,35.3,29.39,28.638,791420415.5,63119122.3,56.301,-10.591,23.33830238,40.79902471,3.337110482,20.10888057,2.625881696,True,True,True,True,True,True,True
US.RES,RES,RPC Inc,7.019,7.003,6.003,5.634,1555676666,50084494.77,71.555,-13.473,4.09139926,8.111918823,0.2284735114,16.6583375,6.549520767,True,True,True,True,True,True,True
US.REX,REX,REX American Resources,49.4,44.669,37.125,35.239,1627123269,28619618.94,154.115,-7.421,19.44001731,53.35983322,10.59123777,20.32053872,5.352024745,True,True,True,True,True,True,True
US.RFIL,RFIL,RF Industries,17.72,12.89,9.691,9.147,191628811.2,31585658.9,345.226,-6.736,3.980001168,18.99982844,37.47090768,33.01000929,5.947305127,True,True,True,True,True,True,True
US.RHHBY,RHHBY,罗氏(ADR),51.16,50.486,49.686,47.246,3.256303865e+11,1088313376,40.585,-13.338,36.3907956,59.03394798,1.335023571,1.6101115,5.164458367,True,True,True,True,True,True,True
US.RIG,RIG,Transocean,6.821,6.455,5.169,4.663,7615021973,780585589,191.487,-4.47,2.340070055,7.140165393,5.670023238,24.87908686,10.85138323,True,True,True,True,True,True,True
US.RILY,RILY,BRC Group Holdings Inc,9,7.694,6.565,6.406,334175328,44826683.42,223.159,-17.958,2.785006761,10.96999098,16.97426566,17.19725819,2.48204808,True,True,True,True,True,True,True
US.RIO,RIO,力拓,103.44,96.197,84.647,78.728,1.682194631e+11,1308231630,95.741,-8.118,52.84534155,112.5791776,7.529340832,13.64490177,7.518290824,True,True,True,True,True,True,True
US.RIOT,RIOT,Riot Platforms,23.47,17.081,16.581,16.223,8878953065,1729756404,196.089,-9.203,7.926670697,25.84887166,37.40413325,3.015499668,2.206743512,True,True,True,True,True,True,True
US.RKLB,RKLB,Rocket Lab,124.54,79.241,70.591,64.935,7.209501082e+10,1.832122224e+10,420.771,-6.464,23.91454209,133.146596,57.1661135,12.25368673,8.71024871,True,True,True,True,True,True,True
US.RLGT,RLGT,Radiant Logistics,8.33,7.675,6.945,6.748,390107777.8,10068470.89,44.117,-4.581,5.780025951,8.729917522,8.534201954,10.51115911,2.919383521,True,True,True,True,True,True,True
US.RLJ,RLJ,RLJ Lodging Trust,8.86,7.937,7.517,7.389,1346097372,110151772.8,40.977,-3.169,6.284713109,9.149962305,11.629079,5.587335373,1.732304777,True,True,True,True,True,True,True
US.RLMD,RLMD,Relmada Therapeutics,7.06,6.911,4.802,3.921,740524974.4,30068670.76,1521.497,-11.75,0.4354001272,8,2.155983215,43.91920033,22.46875797,True,True,True,True,True,True,True
US.RMBS,RMBS,Rambus,127.325,109.483,103.458,98.828,1.376853932e+10,1171890390,144.292,-21.307,52.12000393,161.7996518,16.29659399,5.823619246,4.684907111,True,True,True,True,True,True,True
US.RMIX,RMIX,Suncrete,17.65,13.252,11.995,11.803,1263769158,25569914.29,91.847,-5.866,9.200039615,18.74986721,33.1874434,10.4793664,1.626705075,True,True,True,True,True,True,True
US.RMR,RMR,The RMR Group,19.03,16.716,15.53,15.395,610737040.4,13367541.17,49.202,-6.81,12.75452072,20.42064599,13.84302465,7.636831938,0.876908087,True,True,True,True,True,True,True
US.RNECY,RNECY,瑞萨电子(ADR),11.642,8.856,7.777,7.321,4.224403854e+10,32409325.85,111.672,-6.112,5.500018897,12.39988071,31.45889792,13.87424457,6.228657287,True,True,True,True,True,True,True
US.RNG,RNG,RingCentral,40.46,39.643,32.573,31.805,3392919118,401864108,71.82,-16.697,23.54789896,48.56967936,2.060893474,21.70509318,2.414714668,True,True,True,True,True,True,True
US.ROG,ROG,罗杰斯,139.92,118.579,101.606,95.731,2497367017,138792114.1,128.758,-3.142,61.16507401,144.4588986,17.99728451,16.70472216,6.136988019,True,True,True,True,True,True,True
US.ROIV,ROIV,Roivant Sciences,28.79,28.363,24.208,21.491,2.060503573e+10,643718510.4,172.117,-5.077,10.58000786,30.3298463,1.505482495,17.16374752,12.64250151,True,True,True,True,True,True,True
US.ROK,ROK,罗克韦尔自动化,448.48,394.167,391.704,379.134,4.990414244e+10,1374183621,51.799,-3.237,295.4433165,463.4829429,13.77918496,0.628791128,3.315450474,True,True,True,True,True,True,True
US.ROKU,ROKU,Roku Inc,124.1,107.58,102.589,100.594,1.83287945e+10,1194636873,83.395,-5.548,67.66814799,131.3894888,15.35601413,4.865044011,1.983219675,True,True,True,True,True,True,True
US.RPRX,RPRX,Royalty Pharma,52.51,48.203,42.65,40.894,3.023694903e+10,859418605.3,66.833,-1.361,31.47458836,53.23452184,8.935128519,13.01992966,4.294028464,True,True,True,True,True,True,True
US.RS,RS,Reliance,360.195,327.822,308.232,302.471,1.838742238e+10,430887002.8,39.557,-5.46,258.0988413,380.9974614,9.875176163,6.355602274,1.904645404,True,True,True,True,True,True,True
US.RUSHA,RUSHA,Rush Enterprises-A,69.59,68.824,61.53,60.001,5407998331,124847956.9,53.763,-9.373,45.25796193,76.7872709,1.112983843,11.85437998,2.548290862,True,True,True,True,True,True,True
US.RVMD,RVMD,Revolution Medicines,144.04,120.469,95.417,81.763,3.062239439e+10,1037037799,323.647,-7.488,34.00000472,155.6987202,19.56602943,26.25527946,16.6994851,True,True,True,True,True,True,True
US.RXT,RXT,Rackspace Technology,6.555,2.086,1.465,1.432,1633653481,1257594999,1567.938,-14.313,0.3930002194,7.649935229,214.2377756,42.3890785,2.304469274,True,True,True,True,True,True,True
US.RY,RY,加拿大皇家银行,183.16,170.198,162.676,156.624,2.556846424e+11,987148911.5,51.973,-0.386,120.5214084,183.8697372,7.615835674,4.623915021,3.864031055,True,True,True,True,True,True,True
US.SAIA,SAIA,Saia,454.08,391.301,353.11,340.528,1.211086485e+10,677677841.5,82.824,-1.816,248.3700171,462.4786116,16.04365948,10.81560987,3.69485035,True,True,True,True,True,True,True
US.SAN,SAN,桑坦德银行,11.765,11.576,11.339,10.875,1.692759839e+11,314851114.8,55.543,-10.129,7.563824794,13.09098597,1.632688321,2.090131405,4.266666667,True,True,True,True,True,True,True
US.SANM,SANM,新美亚电子,235.33,167.305,157.324,147.53,1.261315498e+10,818197889.6,200.051,-7.791,78.43000023,255.2136993,40.65927498,6.344232285,6.638649766,True,True,True,True,True,True,True
US.SATL,SATL,Satellogic,9.11,6.03,3.768,3.717,1350503724,449942540.7,625.896,-6.173,1.255000716,9.709358713,51.07794362,60.03184713,1.372074253,True,True,True,True,True,True,True
US.SATS,SATS,回声星通信,138.42,120.748,104.718,92.57,4.011598301e+10,3332687101,828.993,-0.802,14.90000463,139.5391036,14.6354391,15.30777899,13.12304202,True,True,True,True,True,True,True
US.SB,SB,Safe Bulkers,7.01,6.521,5.587,5.259,716756370.8,15804795.13,107.145,-5.01,3.384102923,7.379724181,7.49884987,16.71737963,6.236927172,True,True,True,True,True,True,True
US.SBGSY,SBGSY,SCHNEIDER ELECTRIC SE UNSPON ADR EA REPR 0.20 ORD SHS,61.3,59.351,57.057,55.817,1.721511415e+11,82802611.47,30.18,-7.098,47.08864649,65.9835095,3.283853684,4.020540863,2.221545407,True,True,True,True,True,True,True
US.SBLK,SBLK,Star Bulk Carriers,26.319,24.284,21.495,20.76,2935392279,115302724.5,71.321,-4.95,15.3623899,27.68963703,8.380003294,12.97511049,3.540462428,True,True,True,True,True,True,True
US.SBUX,SBUX,星巴克,106.185,97.969,91.085,89.532,1.210190445e+11,3630405333,38.829,-1.903,76.48618084,108.2449005,8.386326287,7.557775704,1.734575347,True,True,True,True,True,True,True
US.SCBFY,SCBFY,STANDARD CHARTERED PLC UNSPON ADS EACH REP 2 ORD SHS,50.54,46.278,45.492,43.432,5.555002878e+10,29686155.85,70.014,-4.044,29.72696366,52.66997374,9.209559618,1.727776312,4.743046602,True,True,True,True,True,True,True
US.SCHL,SCHL,学乐集团,39.8,38.282,33.154,31.296,734476801.8,56058280.79,143.26,-7.815,16.36109512,43.17405218,3.965310067,15.46721361,5.936860941,True,True,True,True,True,True,True
US.SDRL,SDRL,Seadrill,51.52,46.696,38.701,36.776,3221571772,167918440.3,131.031,-0.309,22.30003766,51.67969024,10.33064931,20.65838092,5.234391995,True,True,True,True,True,True,True
US.SEDG,SEDG,SolarEdge Technologies,58.72,43.611,37.731,36.352,3571244821,875932195.9,327.676,-0.068,13.73001992,58.75995677,34.64492903,15.58400254,3.793463908,True,True,True,True,True,True,True
US.SEI,SEI,Solaris Energy Infrastructure,78.24,64.632,55.012,49.542,5748041860,715285263.8,273.031,-3.791,20.97412816,81.32295315,21.05458596,17.48709373,11.04113681,True,True,True,True,True,True,True
US.SEM,SEM,Select Medical Holdings,16.465,16.299,15.171,14.528,2041936612,97294416.25,43.854,-2.313,11.44563238,16.85485274,1.018467391,7.435238284,4.425936123,True,True,True,True,True,True,True
US.SEMR,SEMR,SEMrush(已退市),12,11.92,10.641,10.009,1814168904,97028372,82.982,-0.083,6.558022101,12.00996827,0.6711409396,12.01954704,6.314317115,True,True,True,True,True,True,True
US.SFL,SFL,SFL Corp,12.37,11.033,9.121,8.783,1645120738,97143041.05,92.101,-4.404,6.439320982,12.93987196,12.11819088,20.96261375,3.848343391,True,True,True,True,True,True,True
US.SHBI,SHBI,Shore Bancshares,19.11,18.879,18.008,17.558,639342841.4,14688153.57,39.191,-6.992,13.72933595,20.54661965,1.223581758,4.836739227,2.562934275,True,True,True,True,True,True,True
US.SHECY,SHECY,信越化学工业(ADR),22.49,21.152,17.915,17.322,8.351903969e+10,22507981.62,64.882,-9.094,13.64005774,24.73984115,6.325642965,18.06865755,3.423392218,True,True,True,True,True,True,True
US.SHIP,SHIP,Seanergy Maritime,15.74,14.068,11.265,10.387,341057436.5,15753735.2,182.837,-6.365,5.565042763,16.80995354,11.88512937,24.88237905,8.452873785,True,True,True,True,True,True,True
US.SIF,SIF,SIFCO Industries,17.98,15.093,10.028,9.193,112448596,10038561.1,542.139,-11.82,2.800016819,20.39011114,19.12807262,50.50857599,9.082997933,True,True,True,True,True,True,True
US.SILA,SILA,Sila Realty Trust,30.555,26.783,24.567,24.443,1687891749,55126918.88,41.525,-0.244,21.58982512,30.62973656,14.08356047,9.02023039,0.5073027043,True,True,True,True,True,True,True
US.SILC,SILC,Silicom电信,46.45,28.018,20.341,19.489,265050295.9,43530860.28,248.091,-11.658,13.34421171,52.57974689,65.78628025,37.7415073,4.371696855,True,True,True,True,True,True,True
US.SIMO,SIMO,慧荣科技,259.68,157.149,121.572,112.002,8805186593,1248911206,338.192,-5.191,59.2616935,273.8980477,65.24444954,29.26413977,8.544490277,True,True,True,True,True,True,True
US.SION,SION,Sionna Therapeutics,40.69,39.497,39.098,35.26,1837166928,95244045.26,227.616,-16.007,12.42002833,48.44451323,3.020482568,1.020512558,10.88485536,True,True,True,True,True,True,True
US.SITM,SITM,SiTime,783.515,482.456,388.836,355.121,2.068231069e+10,2176086903,320.137,-13.117,186.4903591,901.8047259,62.40133815,24.07698876,9.493947134,True,True,True,True,True,True,True
US.SKE,SKE,Skeena Resources,31.08,30.97,26.835,24.325,3783688369,87979645.25,172.631,-19.834,11.40002421,38.76955318,0.3551824346,15.40898081,10.31860226,True,True,True,True,True,True,True
US.SKM,SKM,韩国SK电信,38.44,33.901,26.755,25.521,1.47527107e+10,469950209,97.82,-5.062,19.43180669,40.48958268,13.38898558,26.70902635,4.835233729,True,True,True,True,True,True,True
US.SKYT,SKYT,SkyWater Technology,34.27,30.552,25.308,22.265,1686241711,314231954.9,318.948,-5.799,8.180012794,36.37965627,12.16941608,20.72072072,13.66719066,True,True,True,True,True,True,True
US.SLAB,SLAB,芯科实验室,216.5,210.96,170.138,160.941,7140564680,379000237.9,87.437,-0.994,115.5054765,218.6736157,2.626090254,23.99346413,5.7145165,True,True,True,True,True,True,True
US.SLB,SLB,斯伦贝谢,55.415,51.756,44.854,42.116,8.284862028e+10,2287933304,77.566,-3.12,31.20811417,57.19962841,7.069711724,15.38770232,6.501092221,True,True,True,True,True,True,True
US.SLF,SLF,永明金融,71.705,66.993,63.167,61.801,4.018889444e+10,204813409.7,31.735,-3.31,54.43124454,74.15968559,7.033570672,6.056960122,2.210320221,True,True,True,True,True,True,True
US.SLS,SLS,Sellas Life Sciences,7.252,5.068,3.64,3.164,1349033814,404874544.7,421.697,-7.03,1.390078916,7.800365709,43.09392265,39.23076923,15.04424779,True,True,True,True,True,True,True
US.SMBC,SMBC,Southern Missouri Bancorp,66.2,65.233,60.589,58.978,729234838.4,21940258.39,40.775,-5.212,47.02539513,69.84006414,1.482378551,7.664757629,2.73152701,True,True,True,True,True,True,True
US.SMFG,SMFG,三井住友金融,21.835,20.592,19.69,18.814,1.399884796e+11,293549150.1,55.222,-10.273,14.06694927,24.33492706,6.036324786,4.581005587,4.656107154,True,True,True,True,True,True,True
US.SMTC,SMTC,先科电子,138.275,96.21,82.94,76.877,1.287540763e+10,1944300405,299.754,-3.533,34.59002286,143.339173,43.72206631,15.99951772,7.886624088,True,True,True,True,True,True,True
US.SMTOY,SMTOY,SUMITOMO ELECTRIC INDUSTRIES ADR EACH CNV INTO 1 ORD NPV,70.55,64.301,50.512,44.839,5.502334718e+10,21057752.54,293.036,-15.122,17.95000967,83.11930064,9.718355858,27.29846373,12.65193247,True,True,True,True,True,True,True
US.SNDA,SNDA,Sonida Senior Living,37.79,34.886,32.584,30.965,1789215052,120628459.8,59.721,-4.715,23.66000714,39.65996747,8.324256149,7.064817088,5.228483772,True,True,True,True,True,True,True
US.SNDK,SNDK,闪迪,1417.708,922.856,538.012,421.996,2.098713241e+11,9.405576274e+10,3859.737,-11.425,35.8030849,1600.573525,53.62180015,71.53074653,27.49220372,True,True,True,True,True,True,True
US.SNDR,SNDR,Schneider National,32.16,27.849,26.503,25.72,5624992773,194861010.8,60.957,-3.659,19.98049168,33.38142639,15.47990951,5.078670339,3.044323484,True,True,True,True,True,True,True
US.SNEX,SNEX,StoneX,110.16,92.725,76.704,73.65,8730344799,335869244.5,105.816,-12.167,53.52353559,125.4198308,18.80291184,20.88678557,4.146639511,True,True,True,True,True,True,True
US.SNX,SNX,新聚思,231.45,195.828,167.976,163.437,1.860651847e+10,609942586.3,97.822,-4.552,116.9991204,242.4880563,18.19045285,16.58094013,2.777216909,True,True,True,True,True,True,True
US.SOBO,SOBO,South Bow,37.01,33.309,28.788,27.904,7719696187,99924894.49,73.81,-0.108,21.29336632,37.05001402,11.11111111,15.70446019,3.168004587,True,True,True,True,True,True,True
US.SPG,SPG,西蒙地产,200.33,195.467,187.314,183.532,6.536329939e+10,1412330584,34.844,-3.816,148.5642669,208.2778841,2.487887981,4.35258443,2.060676067,True,True,True,True,True,True,True
US.SPHR,SPHR,Sphere Entertainment,134.68,125.004,100.447,88.005,4820493900,558137309.1,278.527,-9.61,35.58002467,148.9987831,7.740552302,24.4477187,14.13783308,True,True,True,True,True,True,True
US.SPIR,SPIR,Spire Global,19.26,15.743,11.753,11.382,774615513.2,161786898.3,191.818,-18.355,6.600004112,23.58993202,22.34008766,33.94877904,3.259532595,True,True,True,True,True,True,True
US.SPNS,SPNS,Sapiens International (已退市),43.45,43.173,37.273,34.676,2428882678,134118910,83.41,-0.156,23.69009323,43.51788791,0.6416047066,15.82915247,7.489329796,True,True,True,True,True,True,True
US.SPNT,SPNT,SiriusPoint,22.795,22.219,20.997,20.348,2679372853,91135085.6,32.76,-5.02,17.17008135,23.99978943,2.592375895,5.81987903,3.189502654,True,True,True,True,True,True,True
US.SQM,SQM,智利矿业化工,83.98,83.166,70.481,63.578,2.398786312e+10,436978349.4,189.286,-13.332,29.03009479,96.89850925,0.9787653608,17.99775826,10.85752933,True,True,True,True,True,True,True
US.SRRK,SRRK,Scholar Rock,50.03,46.605,42.78,40.606,5995011750,328078094.7,84.817,-3.089,27.07002061,51.62468657,7.348996889,8.941093969,5.353888588,True,True,True,True,True,True,True
US.SSL,SSL,南非萨索尔,13.45,12.533,8.741,8.103,8574881823,78331913.1,245.314,-6.369,3.895005705,14.36490051,7.316683954,43.3817641,7.873627052,True,True,True,True,True,True,True
US.SSRM,SSRM,SSR Mining,31.14,30.088,25.947,24.374,6459197040,490113824.5,192.026,-14.747,10.66343408,36.52657384,3.496410529,15.95945581,6.453598096,True,True,True,True,True,True,True
US.SSSS,SSSS,SuRo Capital,13.19,11.858,10.174,9.787,343866043.5,11809210.79,142.779,-8.908,5.432924594,14.47986651,11.23292292,16.55199528,3.954224992,True,True,True,True,True,True,True
US.SSUMY,SSUMY,住友商事(ADR),47.54,38.995,36.443,34.434,5.681577585e+10,28191111.99,98.083,-2.681,24.00004039,48.84965937,21.91306578,7.002716571,5.834349771,True,True,True,True,True,True,True
US.ST,ST,Sensata Technologies,47.945,38.66,35.205,34.163,6972739445,560173684.1,96.864,-2.866,24.35437663,49.3596475,24.01707191,9.813946883,3.050083424,True,True,True,True,True,True,True
US.STBA,STBA,S&T Bancorp,43.265,42.296,40.484,39.625,1556539973,55911690.18,31.727,-3.399,32.84444343,44.78732104,2.290996785,4.475842308,2.167823344,True,True,True,True,True,True,True
US.STLD,STLD,Steel Dynamics,228.15,199.52,180.184,168.043,3.291368301e+10,968767930.8,92.207,-6.357,118.7001514,243.6380723,14.34943865,10.7312525,7.224936475,True,True,True,True,True,True,True
US.STM,STM,意法半导体,61.575,42.885,32.614,31.125,5.472749855e+10,3342471122,193.516,-5.718,20.97841344,65.30939098,43.58167191,31.49261054,4.783935743,True,True,True,True,True,True,True
US.STNG,STNG,Scorpio Tankers,82,76.406,65.556,62.123,4081021428,388495769.5,120.711,-6.167,37.15265664,87.38929801,7.321414549,16.55073525,5.526133638,True,True,True,True,True,True,True
US.STRL,STRL,Sterling Infrastructure,845.02,515.955,411.693,386.209,2.593024485e+10,2214390352,379.716,-5.386,176.1500554,893.1236392,63.77784884,25.32518163,6.598499776,True,True,True,True,True,True,True
US.STRO,STRO,Sutro Biopharma,40.03,29.768,18.081,15.751,663314673.2,34545142.39,494.269,-8.711,6.736006758,43.84975189,34.47325988,64.63691168,14.79271157,True,True,True,True,True,True,True
US.STT,STT,道富银行,153.12,137.465,127.884,123.651,4.237856809e+10,1164831248,67.119,-1.959,91.62333427,156.1795575,11.3883534,7.491945826,3.423344736,True,True,True,True,True,True,True
US.STX,STX,希捷科技,794.81,539.427,386.711,337.132,1.782194451e+11,1.283948713e+10,676.105,-5.527,102.410112,841.3091571,47.34338474,39.4909894,14.70610918,True,True,True,True,True,True,True
US.SU,SU,森科能源,68.29,64.006,52.155,49.055,8.105414857e+10,979682643.1,104.818,-2.845,33.34179613,70.28974319,6.69312252,22.72265363,6.319437366,True,True,True,True,True,True,True
US.SUN,SUN,太阳石油,70.3,65.149,57.698,55.444,1.324536023e+10,233392818,53.751,-0.657,45.72327985,70.76492556,7.906491274,12.91379251,4.065363249,True,True,True,True,True,True,True
US.SVCO,SVCO,Silvaco,10.14,8.03,5.686,5.54,331461968,21523160.04,230.293,-20.812,3.070001484,12.80497045,26.27646326,41.22405909,2.635379061,True,True,True,True,True,True,True
US.SVM,SVM,Silvercorp Metals,13.46,11.816,9.918,8.749,2972550091,287437831,283.072,-14.648,3.513699774,15.76998782,13.91333785,19.13692277,13.36152703,True,True,True,True,True,True,True
US.SWBI,SWBI,Smith & Wesson Brands,15.335,14.653,11.664,10.883,682311579.6,29152361.45,105.575,-2.881,7.459564636,15.78990723,4.654336996,25.62585734,7.176330056,True,True,True,True,True,True,True
US.SYNA,SYNA,Synaptics,126.02,85.716,79.625,76.795,4869121064,549005652.9,119.012,-6.144,57.54022611,134.2695193,47.02039293,7.649607535,3.685135751,True,True,True,True,True,True,True
US.SYRE,SYRE,Spyre Therapeutics,73.761,58.452,39.961,34.068,6405471610,344685307.5,429.505,-6.395,13.93018007,78.80027776,26.19072059,46.2726158,17.29775743,True,True,True,True,True,True,True
US.TALK,TALK,Talkspace,5.185,5.161,4.128,3.749,868552654.7,36295515.59,133.558,-0.288,2.220005309,5.199975931,0.4650261577,25.02422481,10.1093625,True,True,True,True,True,True,True
US.TALO,TALO,Talos Energy,16.08,14.985,12.455,11.641,2684167153,100572845.6,109.647,-5.439,7.670035822,17.00489631,7.307307307,20.31312726,6.992526415,True,True,True,True,True,True,True
US.TBBB,TBBB,BBB Foods,36.625,35.73,33.699,31.732,4316517679,69549871.1,53.821,-8.643,23.81014296,40.08997668,2.504897845,6.026885071,6.198789865,True,True,True,True,True,True,True
US.TCBK,TCBK,TriCo Bancshares,48.92,48.878,47.74,46.592,1561066063,18539487.64,37.792,-7.318,35.50278681,52.78263309,0.08592822947,2.383745287,2.463942308,True,True,True,True,True,True,True
US.TD,TD,多伦多道明银行,107.23,100.096,92.26,87.757,1.789477721e+11,563890219.1,73.404,-1.822,61.83825056,109.2199882,7.127157928,8.493388251,5.131214604,True,True,True,True,True,True,True
US.TDAY,TDAY,USA TODAY,7.225,6.985,5.848,5.421,1059922752,49997798.06,129.365,-5.924,3.15000109,7.679960883,3.435934145,19.44254446,7.876775503,True,True,True,True,True,True,True
US.TECK,TECK,泰克资源有限公司,60.99,55.552,50.702,47.178,2.985975347e+10,888526851.6,98.091,-9.871,30.78887986,67.66967347,9.789026498,9.565697606,7.46958328,True,True,True,True,True,True,True
US.TEN,TEN,Tsakos Energy Navigation,41.75,39.23,29.7,27.467,1257827425,42800851.02,161.032,-6.327,15.99420761,44.56994011,6.423655366,32.08754209,8.129755707,True,True,True,True,True,True,True
US.TEO,TEO,阿根廷电信,11.98,11.68,11.433,10.599,5160236472,28003029.49,91.976,-13.251,6.240363379,13.80995746,2.568493151,2.16041284,7.868666855,True,True,True,True,True,True,True
US.TER,TER,泰瑞达,344.88,337.242,256.551,222.52,5.398826083e+10,6237165247,354.839,-18.296,75.82463245,422.1090767,2.264842457,31.45222587,15.29345677,True,True,True,True,True,True,True
US.TERN,TERN,Terns Pharmaceuticals(已退市),52.95,49.454,35.059,27.989,6116845263,674496392,1894.35,-0.451,2.655000376,53.18988639,7.069195616,41.05935708,25.25992354,True,True,True,True,True,True,True
US.TEVA,TEVA,梯瓦制药,33.815,31.701,29.665,26.838,3.937509806e+10,818669709.8,125.583,-9.452,14.99004801,37.34483368,6.668559351,6.863306927,10.5335718,True,True,True,True,True,True,True
US.TFII,TFII,TFI International,140.83,121.862,108.028,103.355,1.157425875e+10,177585740.5,77.849,-5.54,79.18515145,149.0895617,15.56514746,12.8059392,4.521310048,True,True,True,True,True,True,True
US.TGB,TGB,Taseko Mines,6.985,6.985,6.317,5.62,2553947553,193842452.5,256.377,-24.486,1.96000303,9.249940408,0,10.57463986,12.40213523,True,True,True,True,True,True,True
US.TGT,TGT,塔吉特,121.76,121.284,105.995,102.41,5.530049983e+10,2682781147,48.802,-7.655,81.82685717,131.8533759,0.3924672669,14.4242653,3.500634704,True,True,True,True,True,True,True
US.TGTX,TGTX,TG Therapeutics,39.78,34.331,32.189,32.057,6089664812,380782823,57.357,-10.907,25.28009558,44.6499725,15.87195246,6.654447171,0.4117665408,True,True,True,True,True,True,True
US.TH,TH,Target Hospitality,18.29,12.964,9.329,9.101,1831996652,152127396.8,206.365,-1.028,5.970003101,18.47997413,41.08299907,38.96451924,2.505219207,True,True,True,True,True,True,True
US.THFF,THFF,First Financial,65.095,64.403,61.389,59.815,774102970.1,18419379.7,35.878,-5.741,47.90694594,69.05971844,1.074484108,4.909674372,2.631446961,True,True,True,True,True,True,True
US.THR,THR,Thermon,66.195,54.705,44.131,39.683,2175799068,170101039.9,177.43,-7.081,23.86007281,71.23946663,21.00356457,23.96048129,11.20882998,True,True,True,True,True,True,True
US.TIGO,TIGO,Millicom International Cellular,81.12,77.907,61.904,57.142,1.359096194e+10,533673715.2,153.019,-4.855,32.06083338,85.25934101,4.124148023,25.85131817,8.333625004,True,True,True,True,True,True,True
US.TK,TK,Teekay,13.081,12.581,10.809,10.128,1138201631,38056515.12,83.904,-9.033,7.112950235,14.37993998,3.97424688,16.39374595,6.723933649,True,True,True,True,True,True,True
US.TKR,TKR,铁姆肯,114.251,105.357,93.786,89.286,7939817262,459854291.3,72.259,-7.616,66.3251267,123.6696831,8.441774158,12.33766234,5.039983872,True,True,True,True,True,True,True
US.TMP,TMP,Tompkins Financial,81.66,80.163,74.714,72.42,1174510962,17057773.58,41.816,-5.288,57.5816551,86.21927528,1.867445081,7.293144524,3.16763325,True,True,True,True,True,True,True
US.TNK,TNK,Teekay Tankers,76.485,74.33,65.129,61.052,2649735479,157729772.4,88.745,-8.935,40.52292776,83.98945808,2.899233149,14.12734726,6.677913909,True,True,True,True,True,True,True
US.TOELY,TOELY,Tokyo Electron (ADR),161.46,138.095,123.7,112.474,1.468793851e+11,127741330.1,144.266,-6.939,66.10007123,173.4991027,16.91951193,11.63702506,9.980973381,True,True,True,True,True,True,True
US.TOYO,TOYO,TOYO Co,11.92,10.343,8.184,7.534,450087244.2,14372428.34,267.901,-16.817,3.240002066,14.32985105,15.24702697,26.38074291,8.627555084,True,True,True,True,True,True,True
US.TPH,TPH,Tri Pointe Homes,46.95,46.72,38.749,37.644,3998444307,717339161,63.474,-0.085,28.72016345,46.98994145,0.4922945205,20.57085344,2.935394751,True,True,True,True,True,True,True
US.TRGP,TRGP,Targa Resources,270.435,244.414,203.757,193.447,5.804722391e+10,1405588987,90.761,-0.454,141.7663988,271.6683744,10.64628049,19.9536703,5.329625169,True,True,True,True,True,True,True
US.TRIN,TRIN,Trinity Capital,16.765,15.276,14.613,14.472,1506966469,80207948.4,39.984,-2.569,11.97636873,17.20704909,9.747316051,4.537056046,0.9742951907,True,True,True,True,True,True,True
US.TRMD,TRMD,Torm,31.735,29.594,24.532,23.38,3215793520,190319269.2,116.099,-10.175,14.68539882,35.32980796,7.234574576,20.6342736,4.927288281,True,True,True,True,True,True,True
US.TRN,TRN,Trinity Industries,34.405,32.545,29.618,28.955,2735386831,79304818.02,58.565,-7.909,21.69772648,37.35978543,5.71516362,9.882503883,2.289759972,True,True,True,True,True,True,True
US.TRP,TRP,TC Energy,67.77,63.23,57.034,54.966,7.060054254e+10,683229541,59.59,-0.761,42.46506673,68.2896845,7.180136011,10.86369534,3.762325801,True,True,True,True,True,True,True
US.TRST,TRST,TrustCo Bank,48.66,45.631,42.794,41.176,850324303.3,19961999.65,67.595,-1.228,29.03427907,49.26497388,6.638031163,6.629434033,3.92947348,True,True,True,True,True,True,True
US.TRT,TRT,Trio-Tech International,18.52,8.655,6.207,5.355,187285333.5,101008218.9,701.731,-7.353,2.310001734,19.98985396,113.9803582,39.43934268,15.91036415,True,True,True,True,True,True,True
US.TRVI,TRVI,Trevi Therapeutics,14.345,13.078,12.027,11.046,2036698911,89721881.13,166.63,-11.011,5.380114766,16.11996988,9.688025692,8.738671323,8.881042911,True,True,True,True,True,True,True
US.TS,TS,泰纳瑞斯钢铁,61.73,59.031,47.677,44.538,3.116253107e+10,377260857.8,95.776,-4.041,31.53093331,64.32955742,4.572173943,23.81441785,7.047914141,True,True,True,True,True,True,True
US.TSAT,TSAT,Telesat,51.74,43.952,34.285,31.696,768009261,37113191.97,235.538,-7.317,15.42001204,55.82469277,17.71933018,28.19600408,8.16822312,True,True,True,True,True,True,True
US.TSEM,TSEM,Tower半导体,272.4,191.394,138.277,118.9,3.073351475e+10,3883330412,626.787,-3.901,37.48003198,283.4576843,42.32421079,38.4134744,16.29688814,True,True,True,True,True,True,True
US.TSHA,TSHA,Taysha Gene Therapies,5.945,5.394,5.014,4.558,1708361264,62493373.56,164.222,-18.561,2.250001892,7.299942288,10.21505376,7.578779418,10.00438789,True,True,True,True,True,True,True
US.TSM,TSM,台积电,407.17,367.516,332.415,312.656,2.111789202e+12,2.847959387e+10,118.282,-3.507,186.5339332,421.9684329,10.78973432,10.55939112,6.319725193,True,True,True,True,True,True,True
US.TSN,TSN,泰森食品,65.83,63.898,59.72,58.325,2.318419983e+10,714710512.8,32.437,-5.244,49.70665297,69.4731732,3.023568813,6.995981246,2.391770253,True,True,True,True,True,True,True
US.TT,TT,Trane技术,471.785,452.359,428.565,425.68,1.042906582e+11,2570163665,35.873,-6.293,347.2249822,503.4682574,4.294376811,5.552016614,0.6777391468,True,True,True,True,True,True,True
US.TTDKY,TTDKY,TDK电子(ADR),19.092,15.35,15.072,14.721,3.623930091e+10,15531439.86,88.284,-4.54,10.14000127,20,24.37785016,1.84447983,2.384348889,True,True,True,True,True,True,True
US.TTE,TTE,道达尔,91.46,88.66,73.664,69.972,2.034538681e+11,312016774.8,69.273,-2.359,54.03106225,93.66966746,3.15813219,20.357298,5.276396273,True,True,True,True,True,True,True
US.TTMI,TTMI,TTM科技,166.06,121.596,92.808,81.826,1.72453408e+10,1570873330,490.54,-7.744,28.12002574,179.9991328,36.56699234,31.01887768,13.42116198,True,True,True,True,True,True,True
US.TTNDY,TTNDY,创科实业(ADR),75.2,71.099,65.899,64.916,2.75192887e+10,13993175.37,44.75,-6.538,51.95164076,80.46050801,5.768013615,7.890863291,1.514264588,True,True,True,True,True,True,True
US.TVTX,TVTX,Travere Therapeutic,42.83,35.165,33.231,30.168,3982886121,442164065.4,208.573,-11.89,13.88002191,48.60969243,21.79724158,5.819866992,10.1531424,True,True,True,True,True,True,True
US.TWLO,TWLO,Twilio,197.69,145.037,131.136,125.041,3.000417438e+10,2297744139,115.254,-2.955,91.84033746,203.7096192,36.30315023,10.60044534,4.874401196,True,True,True,True,True,True,True
US.TWO,TWO,Two Harbors Investment,12.56,10.974,10.454,10.104,1319381942,209799308.4,47.486,-8.614,8.516062542,13.7438995,14.4523419,4.974172566,3.463974663,True,True,True,True,True,True,True
US.TX,TX,特尔尼翁钢铁,42.76,40.427,38.802,37.091,8394116311,71683616.77,66.428,-11.418,25.69279208,48.2716579,5.770895689,4.187928457,4.61297889,True,True,True,True,True,True,True
US.TXG,TXG,10x Genomics,21.51,21.413,18.809,17.357,2730827625,239805571.8,166.707,-18.661,8.065030164,26.44487884,0.4529958436,13.84443617,8.365500951,True,True,True,True,True,True,True
US.TXN,TXN,德州仪器,305.75,230.403,199.335,195.554,2.783063755e+11,9382166733,102.553,-1.447,150.9481469,310.2391607,32.70226516,15.58582286,1.933481289,True,True,True,True,True,True,True
US.UAN,UAN,CVR Partners,128.73,125.216,106.001,100.46,1360629371,37759088.87,78.959,-4.7,71.93267732,135.0786988,2.806350626,18.12718748,5.515628111,True,True,True,True,True,True,True
US.UCTT,UCTT,超科林半导体,84.61,70.366,47.311,41.767,3792926863,296021005.3,346.962,-4.257,18.9300209,88.37199586,20.24273086,48.73073915,13.27363708,True,True,True,True,True,True,True
US.UFCS,UFCS,联合火险,48.94,39.87,36.854,35.174,1255612764,33278801.51,92.618,-1.864,25.40780197,49.86956876,22.74893404,8.183643567,4.776255188,True,True,True,True,True,True,True
US.UGP,UGP,Ultrapar Participacoes,5.685,5.623,4.672,4.36,6075942209,104082968.9,116.29,-8.232,2.628415553,6.194969924,1.102614263,20.35530822,7.155963303,True,True,True,True,True,True,True
US.ULS,ULS,UL Solutions,98.93,88.876,82.335,78.586,1.994063897e+10,271004669.1,61.006,-8.006,61.4449151,107.5396221,11.3123903,7.944373596,4.770569822,True,True,True,True,True,True,True
US.UMC,UMC,联电,17.275,11.232,9.491,8.862,4.349208015e+10,1109458295,163.338,-0.432,6.560010329,17.34995179,53.80163818,18.34369403,7.097720605,True,True,True,True,True,True,True
US.UNCY,UNCY,Unicycive Therapeutics,8.255,7.163,6.306,5.789,220408722.9,21739137.8,122.506,-24.954,3.710012314,10.99992005,15.24500907,13.59023153,8.930730696,True,True,True,True,True,True,True
US.UNF,UNF,第一联合,259.79,259.332,212.704,202.324,4698017680,240018545.9,76.545,-8.45,147.1522841,283.7684326,0.1766075918,21.92154355,5.130384927,True,True,True,True,True,True,True
US.UNFI,UNFI,联合原生态食品,50.81,45.919,39.88,37.451,3086807342,143455668,144.513,-4.456,20.78008122,53.17968685,10.65136436,15.14292879,6.485808123,True,True,True,True,True,True,True
US.UNH,UNH,联合健康,393.21,320.222,320.138,317.365,3.570914611e+11,1.284113866e+10,71.12,-2.706,229.786115,404.1461961,22.7929374,0.02623868457,0.8737573456,True,True,True,True,True,True,True
US.UNIT,UNIT,Uniti Group,11.01,10.061,8.003,7.643,2673400329,174782077.1,107.735,-11.102,5.300021662,12.38498054,9.432461982,25.71535674,4.710192333,True,True,True,True,True,True,True
US.URGN,URGN,乌龙制药,28.51,21.914,21.707,20.986,1389055696,125431019,733.625,-11.924,3.420002999,32.36977156,30.09947978,0.9536094347,3.435623749,True,True,True,True,True,True,True
US.USAC,USAC,USA Compression,29.65,27.305,24.868,24.247,4298430415,27392997.88,41.286,-0.369,20.98580185,29.75981371,8.588170665,9.799742641,2.561141585,True,True,True,True,True,True,True
US.UTHR,UTHR,美国联合医疗,566.57,560.066,502.691,469.207,2.404904552e+10,933706538.3,108.205,-7.02,272.1212267,609.3460959,1.161291705,11.41357215,7.136295921,True,True,True,True,True,True,True
US.UTI,UTI,环球技术学院,39.83,36.772,31.344,30.66,2193094805,172931016.7,87.083,-4.093,21.29001566,41.52981534,8.316110084,17.31750893,2.230919765,True,True,True,True,True,True,True
US.UVE,UVE,万全保险,38.715,35.841,32.972,30.913,1080570560,30005356.65,80.641,-7.368,21.43201156,41.7944123,8.018749477,8.701322334,6.660628215,True,True,True,True,True,True,True
US.UVSP,UVSP,宾夕法尼亚裕益银行,37.87,35.745,33.375,32.468,1054520522,26861817.14,39.466,-3.046,27.15357148,39.0597603,5.944887397,7.101123596,2.793519773,True,True,True,True,True,True,True
US.VAL,VAL,华仕伯,101.865,95.945,72.741,66.895,7054332570,307152279.3,189.389,-3.303,35.20002488,105.3445298,6.170201678,31.89947897,8.73906869,True,True,True,True,True,True,True
US.VCTR,VCTR,Victory Capital,84.86,72.626,68.115,67.979,5306389655,194241200.2,51.042,-4.361,56.18304842,88.7294932,16.84520695,6.622623504,0.2000617838,True,True,True,True,True,True,True
US.VECO,VECO,维易科精密仪器,57.865,42.415,34.413,32.302,3523463089,434527406.5,206.259,-11.768,18.89413862,65.58278176,36.42579276,23.2528405,6.535199059,True,True,True,True,True,True,True
US.VELO,VELO,Velo3D,18.666,13.003,11.163,9.428,556265503.3,491011767.7,564.27,-21.703,2.810001957,23.83999387,43.55148812,16.48302428,18.40263046,True,True,True,True,True,True,True
US.VET,VET,朱砂能源,12.84,12.677,10.072,9.43,1967088000,67087713.7,115.559,-13.36,5.956605848,14.8199446,1.285793169,25.86378078,6.808059385,True,True,True,True,True,True,True
US.VIAV,VIAV,Viavi Solutions,51.41,41.084,26.884,23.053,1.20252036e+10,1168635187,479.594,-14.926,8.870002105,60.42974352,25.13387207,52.8195209,16.61822756,True,True,True,True,True,True,True
US.VICR,VICR,Vicor电子,275.41,213.17,151.472,126.033,1.25535753e+10,1715019003,579.353,-13.07,40.54004325,316.8181295,29.19735422,40.73228055,20.18439615,True,True,True,True,True,True,True
US.VIK,VIK,Viking Holdings,84.09,77.101,71.318,68.685,3.751012082e+10,1806714636,99.263,-8.597,42.20050888,91.99916852,9.064733272,8.108752349,3.833442527,True,True,True,True,True,True,True
US.VIRT,VIRT,Virtu金融,54.91,46.784,39.319,39.039,8515791808,273400509.3,75.047,-1.116,31.36871812,55.52971158,17.36918605,18.98573209,0.7172314865,True,True,True,True,True,True,True
US.VISN,VISN,Vistance Networks,11.405,9.735,9.06,8.678,2572621642,448562249.9,347.748,-13.729,2.547191724,13.21996963,17.15459682,7.450331126,4.40193593,True,True,True,True,True,True,True
US.VIST,VIST,Vista Energy,71.82,68.73,56.102,51.74,7487695510,382031068.9,127.062,-9.318,31.63012745,79.1998412,4.495853339,22.50900146,8.430614612,True,True,True,True,True,True,True
US.VLO,VLO,瓦莱罗能源,247.755,239.515,199.183,187.08,7.35665814e+10,2828178492,102.152,-4.13,122.5587677,258.4280797,3.440285577,20.248716,6.469424845,True,True,True,True,True,True,True
US.VLY,VLY,硅谷国家银行,12.8,12.764,12.009,11.521,7092882918,308475472.9,57.589,-9.348,8.12239433,14.11993117,0.2820432466,6.286951453,4.235743425,True,True,True,True,True,True,True
US.VMI,VMI,维蒙特工业,509.49,445.691,431.548,417.379,9891061048,521538506.3,68.259,-3.595,302.8010389,528.4891862,14.31462605,3.27727159,3.394756325,True,True,True,True,True,True,True
US.VNOM,VNOM,Viper Energy,48.42,46.216,40.917,39.851,1.738401771e+10,262588222.1,42.048,-3.949,34.08706916,50.41071931,4.7689112,12.95060733,2.674964242,True,True,True,True,True,True,True
US.VOXR,VOXR,Vox Royalty,6.03,5.516,5.089,4.719,415477528.4,14133601.85,100.732,-10,3.00400534,6.7,9.318346628,8.390646492,7.840644204,True,True,True,True,True,True,True
US.VPG,VPG,Vishay精密集团,96.5,53.891,44.821,41.055,1283546500,406486922.6,287.783,-8.243,24.88505169,105.1690879,79.06515003,20.23605007,9.173060529,True,True,True,True,True,True,True
US.VRE,VRE,Veris Residential,18.965,18.89,16.47,16.044,1779637992,41985824.81,40.61,-0.341,13.48766091,19.02989193,0.3970354685,14.69338191,2.655198205,True,True,True,True,True,True,True
US.VRT,VRT,Vertiv Holdings,369.915,296.616,224.351,203.047,1.420876127e+11,8757165055,266.7,-2.637,100.8767385,379.9338558,24.71174852,32.21068772,10.49215206,True,True,True,True,True,True,True
US.VSAT,VSAT,卫讯公司,70.88,56.712,45.067,40.994,9627729703,470015289.8,723.611,-5.669,8.606004534,75.13966777,24.98236705,25.83930592,9.935600332,True,True,True,True,True,True,True
US.VSH,VSH,威世科技,36.37,23.883,18.909,17.941,4950168928,1183618451,213.009,-9.233,11.6194742,40.06962883,52.28405142,26.30493416,5.395462906,True,True,True,True,True,True,True
US.VSTS,VSTS,Vestis,11.99,8.833,7.25,6.606,1583939933,211165931.8,201.256,-4.841,3.980003718,12.59996427,35.74097136,21.83448276,9.748713291,True,True,True,True,True,True,True
US.VTR,VTR,芬塔公司,88.32,85.045,79.95,76.742,4.293850994e+10,1961062266,45.815,-2.934,60.56990022,90.98963592,3.850902463,6.372732958,4.180240286,True,True,True,True,True,True,True
US.VTRS,VTRS,Viatris,16.605,14.472,12.924,12.138,1.933739682e+10,869409453.4,110.271,-5.276,7.896952029,17.52987627,14.73880597,11.97771588,6.475531389,True,True,True,True,True,True,True
US.VVX,VVX,V2X,69.14,68.849,63.394,61.641,2164806864,161701455.9,59.235,-11.766,43.42010236,78.35981594,0.422664091,8.604915292,2.843886374,True,True,True,True,True,True,True
US.WAB,WAB,美国西屋制动,263.705,256.195,232.854,222.736,4.474476453e+10,1225686389,43.461,-4.399,183.8165076,275.8391649,2.931360877,10.02387762,4.542597515,True,True,True,True,True,True,True
US.WAFD,WAFD,WaFd,34.21,33.125,31.985,31.509,2527724901,88925152.11,32.239,-11.35,25.8698266,38.58996052,3.275471698,3.564170705,1.510679488,True,True,True,True,True,True,True
US.WBS,WBS,韦伯斯特金融,71.435,70.322,65.142,63.503,1.157355275e+10,620362672.8,47.071,-2.94,48.57177826,73.59880486,1.58271949,7.951859016,2.580980426,True,True,True,True,True,True,True
US.WCC,WCC,西科国际,358.83,302.108,277.39,261.271,1.74767764e+10,1193120642,123.74,-4.056,160.3781175,373.9994163,18.77540482,8.910919644,6.169456235,True,True,True,True,True,True,True
US.WCPRF,WCPRF,WHITECAP RESOURCES INC,11.91,10.905,9.16,8.686,1.44526934e+10,21748383.95,114.401,-1.195,5.555011404,12.05404585,9.215955983,19.05021834,5.457057334,True,True,True,True,True,True,True
US.WDC,WDC,西部数据,483.035,358.565,250.734,211.503,1.665004268e+11,1.584530319e+10,890.081,-8.015,48.78742244,525.1236615,34.71337136,43.00613399,18.54867307,True,True,True,True,True,True,True
US.WELL,WELL,Welltower,215.38,207.08,195.738,188.451,1.520398542e+11,2857716993,49.13,-2.839,144.4243278,221.6733051,4.008112807,5.794480377,3.866787653,True,True,True,True,True,True,True
US.WERN,WERN,沃纳企业,37.17,31.845,30.657,29.839,2228345775,190199363.2,62.632,-3.354,22.85528063,38.45994661,16.72162035,3.875134553,2.741378733,True,True,True,True,True,True,True
US.WES,WES,Western Midstream,46.437,41.121,39.2,38.423,1.828602404e+10,337836373.7,36.927,-1.155,33.91369124,46.97961455,12.92770117,4.900510204,2.022226271,True,True,True,True,True,True,True
US.WFRD,WFRD,Weatherford国际,108.69,98.854,87.945,81.28,7817564335,505133956.8,157.585,-2.977,42.19578003,112.0249838,9.950027313,12.40434362,8.200049213,True,True,True,True,True,True,True
US.WHD,WHD,Cactus,57.24,51.788,48.869,46.6,4589323753,174771782.7,73.423,-3.141,33.00600266,59.09621202,10.52753534,5.973111789,4.869098712,True,True,True,True,True,True,True
US.WHWK,WHWK,Whitehawk Therapeutics,4.71,3.899,3.01,2.717,232921100.7,28402959.4,200,-14.285,1.57,5.494954209,20.80020518,29.53488372,10.78395289,True,True,True,True,True,True,True
US.WMB,WMB,威廉姆斯,77.22,73.242,66.118,64.176,9.443992602e+10,2055597104,41.679,-1.301,54.50349028,78.23787475,5.431309904,10.77467558,3.026053353,True,True,True,True,True,True,True
US.WMT,WMT,沃尔玛,131.628,126.371,117.921,113.575,1.049207931e+12,9283061507,42.061,-1.886,92.65597173,134.1582241,4.159973412,7.165814401,3.826546335,True,True,True,True,True,True,True
US.WOLF,WOLF,Wolfspeed,60.8,27.128,22.854,18.69,2939016125,4865256941,15586.234,-17.548,0.387601001,73.7398729,124.1226777,18.70132143,22.27929374,True,True,True,True,True,True,True
US.WSFS,WSFS,WSFS金融,69.77,67.577,61.154,59.629,3631113089,133344990.9,40.971,-4.446,49.4924488,73.01630492,3.245186972,10.50299245,2.557480421,True,True,True,True,True,True,True
US.WSR,WSR,Whitestone REIT,18.995,17.718,14.934,14.262,976228593.1,36551414.9,68.818,-0.078,11.25176225,19.00982767,7.207359747,18.64202491,4.711821624,True,True,True,True,True,True,True
US.WST,WST,West Pharmaceutical Services,300.705,270.487,266.216,262.436,2.124408505e+10,1087174899,48.079,-9.119,203.0706582,330.8777412,11.17170141,1.604336328,1.440351171,True,True,True,True,True,True,True
US.WT,WT,智慧树,19.28,16.288,14.428,14.199,2948707628,268841977.5,110.375,-2.871,9.164587047,19.84989035,18.36935167,12.89159967,1.612789633,True,True,True,True,True,True,True
US.WTI,WTI,W&T海底钻探,4.73,3.448,2.495,2.323,703703633.8,131550058.8,257.817,-1.254,1.321904773,4.790067446,37.18097448,38.19639279,7.404218683,True,True,True,True,True,True,True
US.WTTR,WTTR,Select Water Solutions,18.775,15.609,12.797,11.863,2593668845,138861186.6,146.059,-0.844,7.630283794,18.93480979,20.28316997,21.97390013,7.873219253,True,True,True,True,True,True,True
US.WULF,WULF,TeraWulf,22.37,18.629,15.575,14.019,1.108506527e+10,2455924222,558.91,-13.159,3.395000835,25.75972179,20.08159321,19.60834671,11.09922248,True,True,True,True,True,True,True
US.XHR,XHR,Xenia Hotels & Resorts,15.89,15.502,14.596,14.29,1465786318,39834298.13,45.877,-7.777,10.8927384,17.22997517,2.502902851,6.207180049,2.141357593,True,True,True,True,True,True,True
US.XIFR,XIFR,XPLR Infrastructure LP,11.29,10.501,10.075,10.067,1064339856,61907119.37,41.301,-10.467,7.990035456,12.60987569,7.513570136,4.228287841,0.0794675673,True,True,True,True,True,True,True
US.XOM,XOM,埃克森美孚,156.34,153.907,134.534,128.05,6.479795898e+11,1.006165558e+10,59.424,-10.781,98.06553593,175.2317332,1.580824784,14.4000773,5.063647013,True,True,True,True,True,True,True
US.XPO,XPO,XPO,203.48,203.454,170.049,159.802,2.389058293e+10,1261957483,83.679,-12.088,110.7802198,231.4587315,0.01277930146,19.64433781,6.412310234,True,True,True,True,True,True,True
US.XWIN,XWIN,XMax Inc,8.328,7.3,6.31,5.629,529699251.6,74420415.01,817.921,-4.162,0.9072676189,8.689663808,14.08219178,15.68938193,12.0980636,True,True,True,True,True,True,True
US.YOU,YOU,Clear Secure,58.68,52.065,40.589,38.944,7842070780,344891673.1,150.528,-4.863,23.42253161,61.67947276,12.70527226,28.27367021,4.224013969,True,True,True,True,True,True,True
US.YPF,YPF,阿根廷YPF,43.795,42.412,37.652,35.57,1.718562494e+10,284770419.1,91.914,-10.54,22.82011734,48.95484015,3.260869565,12.64209073,5.853247118,True,True,True,True,True,True,True
US.ZGN,ZGN,Ermenegildo Zegna NV,12.645,11.229,10.629,10.165,5352545043,39815298.15,66.272,-5.493,7.605008661,13.37996127,12.61020572,5.644933672,4.564682735,True,True,True,True,True,True,True
US.ZION,ZION,齐昂银行,59.215,58.804,56.96,56.321,8710041944,361895467.4,34.283,-9.187,44.09716792,65.20542213,0.6989320454,3.237359551,1.134567923,True,True,True,True,True,True,True
US.ZM,ZM,Zoom通讯,100.88,87.479,86.117,84.451,2.974826404e+10,2099448307,45.958,-9.528,69.11577303,111.5041118,15.31910516,1.58156926,1.97274159,True,True,True,True,True,True,True
US.ZNOG,ZNOG,ZION OIL & GAS INC,0.434,0.389,0.307,0.281,512317800,10218178.48,231.145,-3.599,0.1310604116,0.4502027987,11.56812339,26.71009772,9.252669039,True,True,True,True,True,True,True
US.ZWS,ZWS,Zurn Elkay Water Solutions,48.77,47.949,47.709,47.217,8138343197,160827855,40.022,-9.281,34.83024096,53.75941093,1.712235917,0.503049739,1.041997586,True,True,True,True,True,True,True
