code,ticker,name,price,ma50,ma150,ma200,price_to_52w_low_pct,price_to_52w_high_pct,estimated_52w_low,estimated_52w_high,price_above_ma50_pct,ma50_above_ma150_pct,ma150_above_ma200_pct,futu_filter_price_gt_ma50,futu_filter_ma50_gt_ma150,futu_filter_ma150_gt_ma200,futu_filter_gt_30_pct_above_52w_low,futu_filter_within_25_pct_of_52w_high
US.AA,AA,美国铝业公司,66.53,65.183,54.893,49.069,159.57,-12.113,25.63085102,75.69947774,2.066489729,18.74555954,11.86900079,True,True,True,True,True
US.AAGIY,AAGIY,友邦保险(ADR),45.01,43.635,42.293,41.138,42.226,-3.906,31.64681563,46.83955294,3.15114014,3.173101932,2.807623122,True,True,True,True,True
US.AAIC.PRB,AAIC.PRB,ARLINGTON ASSET INVESTMENT CORP 7% CUM PRF 12/05/2022 SER B USD25,20.3,20.127,19.203,18.796,30.967,-9.616,15.50008781,22.45972739,0.8595419089,4.811748164,2.165354331,True,True,True,True,True
US.AAMCF,AAMCF,ACCELITRON ADV MTR CNTRL S INC,3700,888.283,296.425,222.671,1479900,0,0.25,3700,316.5339199,199.6653454,33.12240929,True,True,True,True,True
US.AAMI,AAMI,Acadian Asset Management,70.53,60.209,52.691,51.223,144.036,-3.515,28.90147355,73.09944551,17.14195552,14.26809132,2.865900084,True,True,True,True,True
US.AAOI,AAOI,Applied Optoelectronics,202.04,133.693,69.309,58.334,1241.567,-13.536,15.06000073,233.6695041,51.12234747,92.89414073,18.8140707,True,True,True,True,True
US.AAON,AAON,艾伦建材,140.345,94.207,92.966,91.161,127.168,-5.808,61.78026835,148.9988534,48.97512924,1.334896629,1.980013383,True,True,True,True,True
US.AAVMY,AAVMY,ABN AMRO BANK N.V. UNSPON ADS EACH REP 1 ORD SHS,38.14,32.627,32.443,31.594,67.448,-0.508,22.77722039,38.33474048,16.89704846,0.5671485374,2.687219092,True,True,True,True,True
US.ABBNY,ABBNY,ABB LTD SPON ADR EACH REP 1 ORD SHS,106.623,91.108,81.062,77.775,92.535,-1.128,55.37850261,107.8394288,17.02924002,12.39298315,4.226293796,True,True,True,True,True
US.ABCB,ABCB,ABC银行,83.62,80.785,78.158,76.517,42.005,-4.966,58.88525052,87.98956163,3.509314848,3.361140254,2.144621457,True,True,True,True,True
US.ABEV,ABEV,Ambev SA,3.15,2.998,2.683,2.541,58.416,-8.693,1.988435512,3.449899789,5.070046698,11.74058889,5.588351043,True,True,True,True,True
US.ABSI,ABSI,Absci Corp,5.625,3.674,3.466,3.3,151.116,-16.294,2.240000637,6.719948391,53.10288514,6.001154068,5.03030303,True,True,True,True,True
US.ABVX,ABVX,Abivax S.A.,121.26,117.106,115.856,106.689,2069.23,-18.524,5.590001982,148.829103,3.547213636,1.078925563,8.592263495,True,True,True,True,True
US.ABX,ABX,Abacus Global Management,9.13,9.096,7.908,7.44,104.575,-13.336,4.462910913,10.53493954,0.3737906772,15.02276176,6.290322581,True,True,True,True,True
US.ACA,ACA,Arcosa,129.53,113.814,110.09,106.097,58.361,-4.462,81.7941286,135.57956,13.80849456,3.382686893,3.763537141,True,True,True,True,True
US.ACGBY,ACGBY,农业银行(ADR),19.42,17.839,17.604,17.27,35.64,-5.225,14.31731053,20.49063572,8.862604406,1.334923881,1.933989577,True,True,True,True,True
US.ACHL,ACHL,Achilles Therapeutics,1.48,1.314,1.077,1.017,134.92,-1.986,0.6300017027,1.509988369,12.63318113,22.00557103,5.899705015,True,True,True,True,True
US.ACLLY,ACLLY,ACCELLERON INDUSTRIES AG UNSPON ADR EACH REP 1 ORD SHS,110.95,98.99,87.716,87.339,97.462,-3.407,56.18802605,114.8633959,12.08202849,12.85284327,0.4316513814,True,True,True,True,True
US.ACLS,ACLS,Axcelis Technologies,162.015,115.274,95.412,92.672,189.674,-5.591,55.93011454,171.6096982,40.54773843,20.817088,2.956664365,True,True,True,True,True
US.ACLX,ACLX,Arcellx,115.07,110.813,87.67,83.718,140.429,-0.052,47.86028308,115.1298675,3.841607032,26.39785559,4.720609666,True,True,True,True,True
US.ACMR,ACMR,ACM Research,63.175,49.254,46.529,42.725,188.829,-11.828,21.87280363,71.64973007,28.26369432,5.856562574,8.903452311,True,True,True,True,True
US.ACNB,ACNB,ACNB Corp.,52.99,49.578,48.694,47.387,35.008,-1.743,39.24952595,53.9299999,6.882084796,1.815418737,2.758140418,True,True,True,True,True
US.ACRS,ACRS,Aclaris Therapeutics,4.89,4.049,3.276,2.914,300.819,-5.048,1.220002046,5.149970511,20.77056063,23.5958486,12.42278655,True,True,True,True,True
US.ACSAY,ACSAY,ACS ACTIVIDADES DE CONSTRUCCION Y UNSP ADR EACH REPR 0.2 ORD,31.76,27.24,22.565,20.74,160.853,-4.164,12.17543981,33.13994741,16.59324523,20.71792599,8.799421408,True,True,True,True,True
US.AD,AD,Array Digital Infrastructure,51.08,48.599,45.406,44.71,48.875,-12.369,34.31066331,58.28987459,5.105043314,7.032110294,1.556698725,True,True,True,True,True
US.ADAM,ADAM,Adamas Trust Inc,9.015,7.883,7.41,7.161,62.822,-3.272,5.536721082,9.319948722,14.36001522,6.383265857,3.477167993,True,True,True,True,True
US.ADDHY,ADDHY,ADDTECH AB UNSPON ADS EACH REP 0.5 ORD SHS,17.585,17.397,17.185,17.095,46.915,-23.543,11.96950618,22.99985613,1.080646088,1.233633983,0.526469728,True,True,True,True,True
US.ADEA,ADEA,Adeia,31.33,26.814,19.837,18.697,171.574,-8.765,11.53645047,34.33989149,16.84194824,35.17164894,6.097234851,True,True,True,True,True
US.ADERY,ADERY,AIDA ENGINEERING ADR  EACH REPR  10 NPV,77.555,62.509,60.439,60.351,57.856,0,49.13021995,77.555,24.0701339,3.424940849,0.1458136568,True,True,True,True,True
US.ADI,ADI,亚德诺,427.48,354.64,304.635,288.201,110.68,-1.891,202.9048794,435.7194549,20.53913828,16.41472582,5.702270291,True,True,True,True,True
US.ADM,ADM,Archer Daniels Midland,81.15,72.147,65.293,63.783,77.65,-2.346,45.67970729,83.09951461,12.47868934,10.4972968,2.367401972,True,True,True,True,True
US.ADOOY,ADOOY,ALAMTRI RESOURCES INDONESIA TBK UNSP ADR EA REPR 50 SHS,6.9,6.687,5.623,5.498,55.659,-3.766,4.432766496,7.170023069,3.185284881,18.92228348,2.27355402,True,True,True,True,True
US.ADRZY,ADRZY,ANDRITZ AG UNSP ADR EACH REPR 0.2 ORD,17.03,15.886,15.419,15.097,30.811,-11.302,13.01878282,19.19998196,7.201309329,3.028730787,2.132874081,True,True,True,True,True
US.ADTN,ADTN,亚川,15.32,14.019,10.705,10.347,115.471,-18.031,7.110005523,18.68999256,9.280262501,30.9574965,3.459940079,True,True,True,True,True
US.AEHR,AEHR,Aehr Test Systems,105.095,65.218,39.15,35.535,1165.259,-3.361,8.3062045,108.7500905,61.14416265,66.58492976,10.17306881,True,True,True,True,True
US.AEIS,AEIS,先进能源工业,349.67,346.718,273.158,244.237,211.965,-12.019,112.0862917,397.4380832,0.851412387,26.92946939,11.8413672,True,True,True,True,True
US.AEL.PRA,AEL.PRA,AMERICAN EQUITY INVT LIFE HLDG CO 5.95% DEP SH REP 1/1000 NON CUM PFD SE A,24.278,23.718,22.371,21.8,32.984,1.49,18.25633159,23.92156863,2.361075976,6.021188145,2.619266055,True,True,True,True,True
US.AENT,AENT,Alliance Entertainment Holding,7.51,7.055,6.87,6.637,194.509,-14.659,2.550006961,8.799990626,6.449326719,2.69286754,3.510622269,True,True,True,True,True
US.AER,AER,AerCap飞机租赁,142.7,140.082,138.657,133.446,36.402,-7.394,104.6172344,154.0936872,1.868905355,1.027715874,3.904950317,True,True,True,True,True
US.AESI,AESI,Atlas Energy Solutions,18.89,14.448,11.761,11.686,147.196,-3.671,7.641709413,19.60987865,30.74473976,22.84669671,0.6417935992,True,True,True,True,True
US.AGESY,AGESY,AGEAS SPON ADR EACH REP 1 ORD (POST REV-SPLIT),80.494,75.341,71.028,70.313,33.624,-1.032,60.23917859,81.33336028,6.839569424,6.072253196,1.016881658,True,True,True,True,True
US.AGNC,AGNC,美国资本代理公司,10.62,10.385,10.278,9.945,41.519,-8.962,7.50429271,11.66545838,2.262879153,1.041058572,3.34841629,True,True,True,True,True
US.AGRPY,AGRPY,ABSA GROUP LTD SPON ADR EA REPR 2 ORD SHS,28.105,27.902,26.926,25.104,69.9,-14.264,16.54208358,32.78086218,0.7275464124,3.624749313,7.257807521,True,True,True,True,True
US.AGX,AGX,Argan,736.42,576.295,422.7,376.796,303.947,-1.603,182.3060946,748.4171265,27.78524887,36.33664537,12.18271956,True,True,True,True,True
US.AHKSY,AHKSY,旭化成(ADR),21.885,19.957,18.862,18.11,72.187,-9.266,12.71001876,24.11995503,9.660770657,5.805322871,4.152401988,True,True,True,True,True
US.AHR,AHR,American Healthcare REIT,50.97,49.814,48.268,46.421,54.826,-6.268,32.92082725,54.37844066,2.320632754,3.202950195,3.978802697,True,True,True,True,True
US.AIAGY,AIAGY,AURUBIS AG ADR EACH REPR 0.5 SHS,114.813,99.567,80.53,72.665,169.596,0,42.58705619,114.813,15.31230227,23.6396374,10.82364274,True,True,True,True,True
US.AIBGY,AIBGY,AIB GROUP PLC UNSPON ADR EACH REP 2 ORD SHS,22.42,21.45,20.096,19.11,65.234,-7.317,13.568636,24.1899809,4.522144522,6.737659236,5.159602302,True,True,True,True,True
US.AIFLY,AIFLY,AIFUL CORP ADR EACH REP 0.5 ORD NPV(已退市),1.4,1.281,1.25,1.21,47.368,-14.11,0.9500027143,1.62999185,9.289617486,2.48,3.305785124,True,True,True,True,True
US.AIIXY,AIIXY,AIXTRON SE UNSPON ADR EACH REP 2 ORD SHS,126.475,90.774,56.974,49.371,439.35,0,23.44952257,126.475,39.3295437,59.32530628,15.39972859,True,True,True,True,True
US.AIP,AIP,Arteris,36.79,21.612,17.36,15.487,434.893,-4.367,6.878011116,38.46998421,70.22950213,24.49308756,12.09401433,True,True,True,True,True
US.AIPUY,AIPUY,AIRPORTS OF THAILAND PUBLIC CO UNSP ADR EACH REP 10 ORD SHS,16,14.759,14.362,13.43,90.27,-16.623,8.409102854,19.18994447,8.408428755,2.764238964,6.939687267,True,True,True,True,True
US.AIRG,AIRG,Airgain,6.93,5.751,4.754,4.646,131,-6.223,3,7.389871717,20.50078247,20.97181321,2.324580284,True,True,True,True,True
US.AIT,AIT,应用工业技术,314.79,282.559,270.172,268.262,44.854,-0.726,217.3153658,317.0920886,11.40682123,4.584857054,0.7119905167,True,True,True,True,True
US.AKAM,AKAM,阿克迈,155.28,110.601,95.823,90.929,122.527,-6.146,69.78029632,165.4484625,40.39656061,15.42218465,5.382221294,True,True,True,True,True
US.AKO.A,AKO.A,Andina Bottling-A,23.47,22.326,22.189,21.286,32.069,-16.72,17.77101364,28.1820365,5.12407059,0.6174230475,4.242224937,True,True,True,True,True
US.AKRBY,AKRBY,AKER BP ASA UNSPON ADS EACH REP 1/2 COM,20,17.823,14.623,13.968,90.588,-13.269,10.49384012,23.05980561,12.21455423,21.88333447,4.689289805,True,True,True,True,True
US.ALB,ALB,美国雅保,191.67,182.535,153.458,134.932,263.192,-13.271,52.77373951,220.9987432,5.004519681,18.94785544,13.72987875,True,True,True,True,True
US.ALB.PRA,ALB.PRA,ALBEMARLE CORP 7.25% DEP SHS REP 1/20TH SER A,76.6,73.132,62.764,56.238,190.953,-11.894,26.32727623,86.94073048,4.742110157,16.51902364,11.60425335,True,True,True,True,True
US.ALBKY,ALBKY,ALPHA SERVICES AND HOLDINGS S.A SPN ADR EACH REP 0.25 ORD(POST REV SPLIT,1.053,1.022,0.99,0.974,66.325,-15.759,0.6330978506,1.249985162,3.033268102,3.232323232,1.642710472,True,True,True,True,True
US.ALBY,ALBY,COMMUNITY CAP BANCSHARES INC,32.65,29.869,27.912,26.121,57.427,-1.09,20.73977145,33.0098069,9.310656534,7.011321296,6.856552199,True,True,True,True,True
US.ALFVY,ALFVY,ALFA LAVAL AB UNSP ADR EACH REPR 1 ORD,58.485,56.905,52.769,50.774,47.645,-5.546,39.61190694,61.91902937,2.77655742,7.837935151,3.92917635,True,True,True,True,True
US.ALGM,ALGM,Allegro Microsystems,45.3,38.099,33.333,32.636,102.14,-11.867,22.41021075,51.39958926,18.90075855,14.29814298,2.135678392,True,True,True,True,True
US.ALKS,ALKS,阿尔凯默斯,38.47,32.397,31.311,30.593,52.871,-2.755,25.16500841,39.55987454,18.74556286,3.468429625,2.346942111,True,True,True,True,True
US.ALRS,ALRS,Alerus Financial,26.835,24.926,23.386,22.913,36.154,-2.771,19.70929976,27.59979019,7.658669662,6.585136406,2.064330293,True,True,True,True,True
US.ALXO,ALXO,ALX Oncology,2.045,1.916,1.716,1.574,406.188,-23.12,0.4040000948,2.659989594,6.732776618,11.65501166,9.021601017,True,True,True,True,True
US.AMAL,AMAL,Amalgamated Bank,40.42,39.929,35.065,33.286,63.039,-7.77,24.79161428,43.82521956,1.229682687,13.87138172,5.344589317,True,True,True,True,True
US.AMAT,AMAT,应用材料,445.275,379.098,312.451,279.595,191.903,-0.707,152.5421116,448.4455098,17.45643607,21.3303846,11.75128311,True,True,True,True,True
US.AMBK,AMBK,AMERICAN BANK INC,18.25,17.557,15.878,15.394,32,-0.109,13.82575758,18.26991421,3.947143589,10.57437964,3.14408211,True,True,True,True,True
US.AMBZ,AMBZ,AMERICAN BUSINESS BANK,72,71.122,65.352,61.835,74.094,-1.819,41.35696807,73.33394445,1.234498467,8.82911005,5.687717312,True,True,True,True,True
US.AMD,AMD,美国超微公司,446.61,274.658,241.042,222.95,314.848,-4.808,107.6562982,469.1675771,62.60585892,13.94611727,8.114823952,True,True,True,True,True
US.AME,AME,阿美特克,231.45,225.32,213.45,206.28,33.324,-4.823,173.599652,243.178499,2.720575182,5.561021316,3.475858057,True,True,True,True,True
US.AMFC,AMFC,AMB FINANCIAL CORP,33.8,32.988,28.345,26.053,60.232,-0.441,21.0944131,33.94971826,2.461501152,16.38031399,8.797451349,True,True,True,True,True
US.AMG,AMG,Affiliated Managers,302.005,287.074,283.714,269.865,75.061,-9.783,172.5141522,334.7539821,5.201097975,1.184291223,5.131825172,True,True,True,True,True
US.AMKR,AMKR,艾马克技术,73.655,58.274,47.121,41.724,318.927,-7.036,17.58182213,79.22959425,26.39427532,23.66885253,12.93500144,True,True,True,True,True
US.AMSA,AMSA,AMERICAN SENIORS ASSOCIATION HLDGS,0.2,0.056,0.051,0.048,666.283,0,0.02610001788,0.2,257.1428571,9.803921569,6.25,True,True,True,True,True
US.AMSSY,AMSSY,AMS-OSRAM AG UNSPON ADS EACH REP 0.5 ORD SHS(PST SPT),11.73,6.794,6.429,5.961,179.952,-10.114,4.190004001,13.04986316,72.6523403,5.677399284,7.851031706,True,True,True,True,True
US.AMTB,AMTB,Amerant Bancorp,22.68,22.514,20.673,20.497,46.525,-6.972,15.47858727,24.37975663,0.7373190015,8.905335462,0.8586622433,True,True,True,True,True
US.AMX,AMX,美洲移动,27.145,25.538,23.248,22.324,68.227,-2.356,16.13593537,27.79996723,6.292583601,9.850309704,4.139043182,True,True,True,True,True
US.AMZN,AMZN,亚马逊,267.66,235.813,230.315,229.25,36.556,-3.916,196.0074988,278.5687523,13.50519267,2.387165404,0.4645583424,True,True,True,True,True
US.ANAB,ANAB,AnaptysBio,62.723,50.046,36.3,31.024,450.083,-13.318,11.40246108,72.35989017,25.33069576,37.8677686,17.00618876,True,True,True,True,True
US.ANET,ANET,Arista Networks,147.33,146.116,139.161,139.157,75.689,-18.058,83.85840889,179.7979058,0.8308467245,4.997808294,0.002874451159,True,True,True,True,True
US.ANGPY,ANGPY,VALTERRA PLATINUM LTD SPON ADR EACH REP 0.16667 ORD SHS,14.735,14.404,13.468,12.312,167.438,-22.704,5.509688227,19.06308218,2.297972785,6.94980695,9.389213775,True,True,True,True,True
US.ANIK,ANIK,阿尼卡疗法,15.365,14.717,11.53,10.864,95.232,-5.387,7.87012375,16.23984019,4.403071278,27.64093669,6.130338733,True,True,True,True,True
US.ANIOY,ANIOY,ACERINOX SA ADR EACH REPR 0.50 ORD,8.484,7.52,6.951,6.564,59.676,-2.594,5.31325935,8.709935733,12.81914894,8.185872536,5.895795247,True,True,True,True,True
US.ANL,ANL,阿诺医药,14.05,11.212,6.053,4.962,1499.134,-18.55,0.8786005425,17.24984653,25.31216554,85.23046423,21.98710198,True,True,True,True,True
US.AP,AP,安博科-匹兹堡,11.31,9.009,6.033,5.218,546.138,-8.048,1.750400069,12.2998956,25.54112554,49.32869219,15.61901112,True,True,True,True,True
US.APEMY,APEMY,APERAM SA NY REGISTRY SHS,55,45.474,42.162,39.107,97.57,-3.508,27.83823455,56.999544,20.94823416,7.855414829,7.811900683,True,True,True,True,True
US.APG,APG,APi Group,43.98,43.784,41.014,39.526,46.599,-12.022,30.00020464,49.98977017,0.4476521104,6.753791388,3.764610636,True,True,True,True,True
US.APGE,APGE,Apogee Therapeutics,83.8,81.219,72.466,63.809,143.651,-12.217,34.39345621,95.46267501,3.177827848,12.07876797,13.56705167,True,True,True,True,True
US.APLD,APLD,Applied Digital,46.63,30.973,30.927,27.71,636.65,-2.427,6.330007466,47.7898599,50.55047945,0.1487373492,11.60952725,True,True,True,True,True
US.APLE,APLE,Apple Hospitality REIT,14.04,12.481,11.863,11.808,34.645,-1.082,10.42742025,14.19357448,12.4909863,5.209474838,0.4657859079,True,True,True,True,True
US.APLO,APLO,APOLLO BANCORP INC,55,46.116,39.282,37.839,54.593,0,35.57729005,55,19.26446353,17.3972812,3.813525727,True,True,True,True,True
US.APLS,APLS,Apellis Pharmaceuticals,41.03,32.781,26.259,25.968,147.019,-0.267,16.61005834,41.13984338,25.16396693,24.83719867,1.120609982,True,True,True,True,True
US.APNHY,APNHY,ASPEN PHARMACARE HLDGS UNSP ADR EACH REP 1 ORD ZAR0.13906,8.815,8.158,6.91,6.672,71.959,-0.507,5.126221948,8.859919793,8.053444472,18.06078148,3.567146283,True,True,True,True,True
US.APT,APT,Alpha Pro Tech,5.945,4.877,4.787,4.785,39.882,-20.733,4.250010723,7.499968461,21.89870822,1.880091916,0.04179728318,True,True,True,True,True
US.APTL,APTL,ALASKA POWER & TELEPHONE CO,74.5,67.484,60.245,58.317,44.368,-0.666,51.60423363,74.99949665,10.39653844,12.01593493,3.306068556,True,True,True,True,True
US.APTOF,APTOF,Aptose Biosciences. Inc.,1.712,1.672,1.573,1.484,169.055,-9.417,0.636301128,1.889979356,2.392344498,6.293706294,5.997304582,True,True,True,True,True
US.APYX,APYX,Apyx Medical,4.28,3.672,3.67,3.281,220.599,-4.888,1.335001045,4.499957944,16.5577342,0.05449591281,11.85614142,True,True,True,True,True
US.AQNA,AQNA,Algonquin Power & Utilities Corp 6.875% Fix To Flt Rat Sub Nts Ser 2018 A,25.1,24.939,23.975,23.692,37.413,-0.858,18.26610292,25.31722176,0.6455752035,4.020855057,1.194496032,True,True,True,True,True
US.ARBV,ARBV,AMERICAN RIVIERA BANCORP,26.24,25.539,23.353,22.466,43.231,-7.213,18.32005641,28.27982368,2.744821645,9.360681711,3.948188374,True,True,True,True,True
US.ARCB,ARCB,ArcBest,116.845,106.373,89.753,85.264,97.02,-13.427,59.30616181,134.9670221,9.844603424,18.51748688,5.264824545,True,True,True,True,True
US.ARIS,ARIS,Aris Mining,20.08,18.956,16.546,14.559,252.899,-13.782,5.69001329,23.28980027,5.929520996,14.56545389,13.64791538,True,True,True,True,True
US.ARKO,ARKO,ARKO Corp,7.145,6.002,5.294,5.144,94.911,-2.656,3.665775662,7.339949047,19.04365212,13.37363053,2.916018663,True,True,True,True,True
US.ARM,ARM,Arm Holdings,225.425,165.978,143.931,143.785,125.494,-5.828,99.96940052,239.375823,35.81619251,15.31775642,0.1015404945,True,True,True,True,True
US.ARMK,ARMK,Aramark,52.49,43.212,40.064,39.769,50.611,-1.464,34.85137208,53.26987091,21.47088772,7.857428115,0.7417838015,True,True,True,True,True
US.ARNNY,ARNNY,ASR NEDERLAND NV UNSPN ADR EACH REP 0.5 ORD SHS,39.931,35.94,35.204,34.993,73.245,0,23.04886144,39.931,11.10461881,2.090671515,0.6029777384,True,True,True,True,True
US.AROC,AROC,Archrock,36.95,36.182,29.892,28.4,78.253,-7.334,20.72896389,39.87438759,2.122602399,21.04241938,5.253521127,True,True,True,True,True
US.AROW,AROW,箭牌金融,35.85,34.668,32.139,31.013,51.38,-5.098,23.68212446,37.77581084,3.409484251,7.868944273,3.630735498,True,True,True,True,True
US.ARR,ARR,Armour住宅房产信托,17.485,17.037,16.547,15.824,37.941,-5.666,12.67570918,18.5352047,2.629570934,2.96126186,4.5690091,True,True,True,True,True
US.ARTV,ARTV,Artiva Biotherapeutics,10.98,8.311,5.538,4.866,646.938,-24.432,1.470001526,14.52995977,32.1140657,50.07222824,13.81011097,True,True,True,True,True
US.ARW,ARW,艾睿,211.73,164.28,136.272,133.036,108.262,-1.708,101.6652102,215.4091889,28.88361334,20.55301162,2.432424306,True,True,True,True,True
US.ARWR,ARWR,Arrowhead Pharmaceuticals,79.56,66.206,59.884,51.331,456.359,-2.975,14.30011917,81.99948467,20.17037731,10.55707702,16.6624457,True,True,True,True,True
US.ARZGY,ARZGY,GENERALI SPA UNSP ADR EACH REPR 0.50 ORD,22.904,20.999,20.358,20.119,33.782,-1.532,17.12038989,23.26034854,9.071860565,3.148639356,1.187931806,True,True,True,True,True
US.ASC,ASC,Ardmore Shipping,18.86,16.215,13.625,13.09,109.556,-5.817,8.999980912,20.02484525,16.31205674,19.00917431,4.087089381,True,True,True,True,True
US.ASGLY,ASGLY,艾杰旭化工(ADR),7.58,7.172,7.066,6.892,39.594,-14.01,5.430032809,8.814978486,5.688789738,1.500141523,2.52466628,True,True,True,True,True
US.ASMIY,ASMIY,ASM INTERNATIONAL NV SPON ADR EACH REP 1 ORD SHS,1045.31,877.117,751.989,694.984,126.174,-1.477,462.1707181,1060.980685,19.175663,16.6396051,8.202347104,True,True,True,True,True
US.ASML,ASML,阿斯麦,1597.43,1412.739,1258.816,1148.776,134.958,-0.377,679.8789571,1603.475101,13.07325699,12.22760117,9.578890924,True,True,True,True,True
US.ASMVY,ASMVY,ASM太平洋(ADR),65.995,49.894,39.365,36.51,238.827,-7.206,19.47749146,71.11989999,32.27041328,26.74711038,7.819775404,True,True,True,True,True
US.ASND,ASND,Ascendis Pharma A/S,243.74,231.746,219.517,213.375,58.798,-2.791,153.4905981,250.7381004,5.17549386,5.570866949,2.878500293,True,True,True,True,True
US.ASPU,ASPU,Aspen Group,0.346,0.262,0.176,0.152,669.777,-15.512,0.04494808237,0.4095256131,32.0610687,48.86363636,15.78947368,True,True,True,True,True
US.ASRT,ASRT,Assertio,23.32,17.541,13.476,13.195,170.847,-0.171,8.610027063,23.35994551,32.94567014,30.16473731,2.129594543,True,True,True,True,True
US.ASRV,ASRV,AmeriServ Financial,3.81,3.736,3.382,3.251,59.402,-4.974,2.39018331,4.009428998,1.980728051,10.46717918,4.029529376,True,True,True,True,True
US.ASX,ASX,日月光半导体,35.365,26.463,20.247,17.835,296.926,-0.966,8.909721207,35.7099582,33.63942108,30.70084457,13.52396972,True,True,True,True,True
US.ASYS,ASYS,Amtech Systems,22.095,15.048,12.421,11.096,513.409,-7.552,3.602001275,23.89992212,46.83014354,21.14966589,11.94124009,True,True,True,True,True
US.ATCC,ATCC,AMERITRUST CORP,0,0,0,0,9900,0,0,0,,,,True,True,True,True,True
US.ATEAY,ATEAY,ATEA ASA UNSPON ADS EACH REP ORD SHS,9.27,7.974,6.983,6.836,75.246,0,5.28970704,9.27,16.25282167,14.19160819,2.150380339,True,True,True,True,True
US.ATEN,ATEN,A10 Networks,28.01,24.625,20.2,19.569,70.053,-2.028,16.47133541,28.58980117,13.74619289,21.90594059,3.22448771,True,True,True,True,True
US.ATEX,ATEX,Anterix,56.215,42.843,30.25,28.196,219.766,-0.995,17.58004291,56.77996061,31.21163317,41.62975207,7.284721237,True,True,True,True,True
US.ATEYY,ATEYY,爱德万测试(ADR),181.49,163.844,148.005,132.545,286.395,-8.486,46.97006949,198.3193828,10.77000073,10.70166548,11.66396318,True,True,True,True,True
US.ATI,ATI,ATI Inc,163.883,153.59,127.345,114.88,132.721,-4.223,70.42037461,171.1089301,6.701608178,20.60936825,10.85045265,True,True,True,True,True
US.ATKR,ATKR,Atkore,75.86,66.452,66.154,64.676,44.077,-4.011,52.65240115,79.02988884,14.15758743,0.4504640687,2.285237182,True,True,True,True,True
US.ATLCY,ATLCY,ATLAS COPCO AB B,16.835,16.399,16.281,15.734,31.806,-9.725,12.77255967,18.6485738,2.658698701,0.7247712057,3.476547604,True,True,True,True,True
US.ATLKY,ATLKY,ATLAS COPCO AB ADR-CNV INTO 1 SER'A'NPV,19.1,18.698,18.536,17.892,31.33,-12.113,14.54351633,21.7324519,2.149962563,0.8739749676,3.599374022,True,True,True,True,True
US.ATLO,ATLO,Ames National,28,27.936,24.736,23.376,69.978,-5.755,16.47272,29.70979893,0.2290950745,12.93661061,5.817932923,True,True,True,True,True
US.ATNI,ATNI,ATN International,26.94,26.782,23.064,21.097,107.22,-10.637,13.00067561,30.14670501,0.5899484729,16.12036074,9.323600512,True,True,True,True,True
US.ATOM,ATOM,Atomera,9.55,5.997,4.06,3.998,404.89,-16.811,1.891501119,11.47988316,59.24628981,47.70935961,1.550775388,True,True,True,True,True
US.ATRO,ATRO,Astronics,81.665,72.139,64.392,58.005,199.467,-2.733,27.27011657,83.95961631,13.20506245,12.03099764,11.01111973,True,True,True,True,True
US.ATROB,ATROB,ASTRONICS CORP,80,72.911,56.188,50.053,191.12,-3.614,27.48007694,82.99960575,9.722812744,29.76258276,12.25700757,True,True,True,True,True
US.ATS,ATS,ATS Corp,32.21,31.166,29.192,28.825,35.08,-9.775,23.84512881,35.69963979,3.349804274,6.76212661,1.273200347,True,True,True,True,True
US.AU,AU,AngloGold Ashanti,102.44,98.937,91.757,83.643,161.156,-19.342,39.22559696,127.0053807,3.540636971,7.825016075,9.700752006,True,True,True,True,True
US.AUB,AUB,Atlantic Union Bankshares,36.88,36.553,36.055,35.505,35.399,-11.755,27.23801505,41.79273613,0.8945914152,1.381223131,1.549077595,True,True,True,True,True
US.AUMC,AUMC,AURYN MINING CORPORATION,1.899,1.827,1.403,1.198,295.561,-11.192,0.4800776619,2.138320872,3.9408867,30.2209551,17.11185309,True,True,True,True,True
US.AUOTY,AUOTY,AU OPTRONICS CRP,6.17,5.319,4.608,4.606,89.846,-5.076,3.250002634,6.499936792,15.99924798,15.4296875,0.04342162397,True,True,True,True,True
US.AUPH,AUPH,Aurinia Pharmaceuticals,15.874,15.289,14.81,14.092,117.892,-5.962,7.285260588,16.88041005,3.826280332,3.234301148,5.095089412,True,True,True,True,True
US.AVBH,AVBH,Avidbank,29.4,28.905,27.654,26.897,48.86,-6.991,19.75010077,31.60984421,1.712506487,4.523757865,2.814440272,True,True,True,True,True
US.AVBP,AVBP,ArriVent BioPharma,28.88,26.642,23.221,22.153,79.378,-10.143,16.10007916,32.13995571,8.40027025,14.73235433,4.821017469,True,True,True,True,True
US.AVGO,AVGO,博通,440.19,367.397,353.848,345.215,100.251,-0.172,219.819127,440.9484313,19.81317213,3.82904524,2.500760396,True,True,True,True,True
US.AVNS,AVNS,Avanos Medical,24.73,18.744,14.435,13.725,165.828,-0.722,9.30300796,24.90984911,31.93555271,29.85105646,5.173041894,True,True,True,True,True
US.AVR,AVR,安特瑞斯科技,7.25,5.945,5.354,5.074,154.385,-3.074,2.85001081,7.479933145,21.95121951,11.03847591,5.518328735,True,True,True,True,True
US.AVT,AVT,安富利,86.485,69.809,58.415,56.841,97.962,-1.114,43.68767743,87.45929656,23.88803736,19.50526406,2.769127918,True,True,True,True,True
US.AXGN,AXGN,AxoGen,40.94,35.641,30.909,27.146,344.275,-10.669,9.215013224,45.82955525,14.86770854,15.30945679,13.86207913,True,True,True,True,True
US.AXSM,AXSM,Axsome Therapeutics,231.36,181.706,165.305,152.889,140.774,-1.93,96.0901094,235.9131233,27.32656049,9.921659962,8.120924331,True,True,True,True,True
US.AXTI,AXTI,AXT Inc,114.06,70.279,34.291,26.554,8179.71,-14.731,1.377584481,133.7649087,62.29599169,104.9488204,29.1368532,True,True,True,True,True
US.AYA,AYA,Aya Gold & Silver,21.59,16.804,15.237,13.991,190.97,-1.863,7.420008936,21.99985734,28.48131397,10.28417668,8.905725109,True,True,True,True,True
US.AZLCZ,AZLCZ,AZTEC LD & CATTLE LTD,2150,2058.962,1735.974,1572.396,116.066,0,995.0663223,2150,4.421548334,18.60557819,10.40310456,True,True,True,True,True
US.AZZ,AZZ,AZZ Inc,146.39,133.349,119.789,117.787,70.1,-3.481,86.06114051,151.6696195,9.779600897,11.31990416,1.699678233,True,True,True,True,True
US.B,B,Barrick Mining,43.465,41.677,41.57,37.971,153.985,-19.178,17.11321535,53.77867412,4.290136046,0.2573971614,9.47828606,True,True,True,True,True
US.BABB,BABB,BAB INC,0.942,0.927,0.917,0.915,30.513,-6.649,0.7217671803,1.009094707,1.618122977,1.090512541,0.218579235,True,True,True,True,True
US.BACHY,BACHY,中国银行(ADR),16.8,15.715,14.795,14.505,33.151,-0.767,12.61725409,16.92985196,6.904231626,6.218316999,1.999310583,True,True,True,True,True
US.BAK,BAK,Braskem,4.965,3.994,3.388,3.31,114.008,-7.97,2.320006729,5.394979898,24.3114672,17.8866588,2.356495468,True,True,True,True,True
US.BAND,BAND,Bandwidth,52.765,24.82,18.019,17.369,322.12,-0.836,12.5,53.20983421,112.5906527,37.74349298,3.742299499,True,True,True,True,True
US.BAOB,BAOB,BARABOO BANCORP INC,6.75,6.149,5.005,4.701,75.019,0,3.856724127,6.75,9.773946983,22.85714286,6.466709211,True,True,True,True,True
US.BASFY,BASFY,巴斯夫(ADR),15.615,14.47,13.231,13.025,39.653,-2.222,11.18128504,15.96985007,7.91292329,9.364371552,1.581573896,True,True,True,True,True
US.BB,BB,黑莓,6.159,4.354,4.154,4.12,97.387,-6.827,3.120266279,6.610284095,41.45613229,4.814636495,0.8252427184,True,True,True,True,True
US.BBSEY,BBSEY,BB SEGURIDADE PARTICIPACOES SA SPON ADR EA REPR 1 ORD,7.005,6.895,6.407,6.219,33.421,-12.211,5.250297929,7.979359601,1.595358956,7.616669268,3.02299405,True,True,True,True,True
US.BC,BC,宾士域,79.45,75.886,75.054,71.859,65.675,-11.529,47.95533424,89.80343841,4.696518462,1.108535188,4.446207156,True,True,True,True,True
US.BCBP,BCBP,BCB银行,9.845,9.171,8.315,8.31,38.264,-5.492,7.120436267,10.41710755,7.34925308,10.29464823,0.06016847172,True,True,True,True,True
US.BCHMY,BCHMY,BACHEM HOLDING AG UNSPON ADS EACH REP 0.1 ORD,9.98,8.732,7.678,7.313,86.648,-20.414,5.346963268,12.53989395,14.29225836,13.72753321,4.991111719,True,True,True,True,True
US.BDCO,BDCO,BLUE DOLPHIN ENERGY CO,3.8,2.995,1.922,1.812,275.977,-4.761,1.010700123,3.989962095,26.87813022,55.82726327,6.070640177,True,True,True,True,True
US.BDNNY,BDNNY,BOLIDEN AB UNSP ADR EACH REPR 2 ORD,118.603,115.795,112.443,101.792,108.677,-24.597,56.83568386,157.2921502,2.424975172,2.981065962,10.46349418,True,True,True,True,True
US.BE,BE,Bloom Energy,305.398,197.343,147.983,125.804,1696.09,-1.319,17.00349092,309.4800418,54.7549191,33.35518269,17.62980509,True,True,True,True,True
US.BEAM,BEAM,Beam Therapeutics,29.54,27.666,27.216,25.487,92.442,-18.935,15.3500795,36.43989391,6.773657197,1.653439153,6.78385059,True,True,True,True,True
US.BELFA,BELFA,Bel Fuse-A,238.5,216.498,178.821,163.25,280.568,-13.651,62.66948351,276.2047042,10.16268049,21.06967302,9.5381317,True,True,True,True,True
US.BELFB,BELFB,Bel Fuse-B,265.825,236.783,198.939,183.714,285.956,-13.768,68.87443128,308.2672326,12.26523864,19.02291657,8.287337927,True,True,True,True,True
US.BEN,BEN,Franklin Resources,32.315,26.396,24.706,24.43,62.223,-0.385,19.92010997,32.43989359,22.4238521,6.840443617,1.129758494,True,True,True,True,True
US.BEOB,BEOB,BEO BANCORP,108.9,108.261,97.441,92.994,38.328,-1,78.72592678,110,0.5902402527,11.10415534,4.782028948,True,True,True,True,True
US.BEP,BEP,Brookfield Renewable Partners LP,34.335,32.83,29.996,28.692,60.334,-4.545,21.41467187,35.96982872,4.584221748,9.44792639,4.544820856,True,True,True,True,True
US.BESIY,BESIY,BE SEMICONDUCTOR INDUSTRIES NV ORD EUR0.91 (NY REG SHARES),311.39,247.881,200.356,185.369,168.338,-0.434,116.0439446,312.7473234,25.62076158,23.72027791,8.084954874,True,True,True,True,True
US.BFC,BFC,Bank First,143.815,139.335,133.608,131.119,33.763,-5.647,107.5147836,152.4222865,3.215272545,4.286419975,1.898275612,True,True,True,True,True
US.BFCC,BFCC,BANKFIRST CAPITAL CORPORATION,63,56.788,49.981,47.594,71.2,-1.47,36.79906542,63.93991678,10.93893076,13.61917529,5.015338068,True,True,True,True,True
US.BFH,BFH,Bread Financial,86.99,80.004,73.038,69.932,78.721,-12.246,48.67363097,99.12938442,8.732063397,9.537501027,4.441457416,True,True,True,True,True
US.BHE,BHE,Benchmark Electronics,87.14,65.102,53.377,49.766,155.962,-0.672,34.04411592,87.72954253,33.85149458,21.96639002,7.255957883,True,True,True,True,True
US.BHKLY,BHKLY,中银香港(ADR),118.41,110.378,103.923,101.199,52.394,-7.296,77.69990945,127.7291163,7.276812408,6.211329542,2.691726203,True,True,True,True,True
US.BHP,BHP,必和必拓,89.22,76.206,66.445,62.948,103.291,-2.438,43.88782583,91.44953978,17.07739548,14.6903454,5.555379043,True,True,True,True,True
US.BIIB,BIIB,渤健公司,191.88,185.301,176.73,167.391,58.513,-6.84,121.0500085,205.9682267,3.550439555,4.849770837,5.579153001,True,True,True,True,True
US.BIOA,BIOA,BioAge Labs,18.715,18.116,15.027,12.486,393.799,-22.02,3.790003625,23.99974352,3.306469419,20.55633194,20.35079289,True,True,True,True,True
US.BIP,BIP,Brookfield基础设施,38.61,36.596,35.62,34.32,35.22,-4.241,28.55346842,40.31996992,5.503333698,2.740033689,3.787878788,True,True,True,True,True
US.BK,BK,纽约梅隆银行,136.21,125.38,117.812,114.22,58.757,-1.724,85.79779159,138.5994546,8.637741267,6.423793841,3.144808265,True,True,True,True,True
US.BKH,BKH,黑山,74.525,72.797,70.452,67.473,38.445,-5.292,53.83004081,78.68923428,2.373724192,3.328507353,4.415099373,True,True,True,True,True
US.BKHYY,BKHYY,BANK HAPOALIM B.M. SPONS ADR EA REPR 5 ORD SHS ILS1,131.843,128.95,118.802,112.369,76.692,-9.696,74.61741335,145.9990698,2.243505235,8.541943738,5.724888537,True,True,True,True,True
US.BKNIY,BKNIY,BANKINTER SA ADR EACH REPR 1 ORD EUR0.30,16.19,16.119,16.011,15.688,38.045,-9.528,11.72805969,17.89503935,0.4404739748,0.6745362563,2.058898521,True,True,True,True,True
US.BKOR,BKOR,OAK RIDGE FINANCIAL SERVICES INC,31.25,30.108,26.93,25.349,52.924,-0.477,20.43498731,31.39977694,3.793011824,11.80096547,6.236932423,True,True,True,True,True
US.BKR,BKR,Baker Hughes,64.93,62.265,54.739,52.377,84.344,-7.474,35.22219329,70.17486977,4.28009315,13.74888105,4.509612998,True,True,True,True,True
US.BKRIY,BKRIY,BANK OF IRELAND GROUP PLC UNSPON ADR EACH REP 1 ORD SHS,19.53,18.405,18.094,17.26,60.23,-4.83,12.1887287,20.52117264,6.112469438,1.718801813,4.83198146,True,True,True,True,True
US.BKSY,BKSY,BlackSky Technology,42.735,31.62,24.718,23.36,332.699,-4.395,9.876380579,44.699545,35.15180266,27.92297111,5.813356164,True,True,True,True,True
US.BKU,BKU,BankUnited,46.045,45.575,44.367,42.579,43.485,-11.022,32.09046242,51.74874688,1.031267142,2.722744382,4.199253153,True,True,True,True,True
US.BKUT,BKUT,BANK OF UTICA,680,554.952,487.664,478.391,68.744,-8.216,402.977291,740.8698684,22.53311998,13.79802487,1.938372586,True,True,True,True,True
US.BKUTK,BKUTK,BANK OF UTICA,625,606.733,533.699,514.397,33.746,-6.296,467.3036951,666.9939384,3.010714763,13.68449257,3.752354699,True,True,True,True,True
US.BKV,BKV,BKV Corp,28.93,28.89,27.456,26.122,47.903,-11.825,19.5601171,32.80975333,0.1384562132,5.222902098,5.106806523,True,True,True,True,True
US.BLDP,BLDP,巴拉德动力系统,4.085,2.958,2.846,2.702,229.435,-15.946,1.240001821,4.859970971,38.10006761,3.935347857,5.32938564,True,True,True,True,True
US.BLFBY,BLFBY,BALFOUR BEATTY UNSPON ADR EA REPR 2 ORD SHS,25,22.017,20.089,19.07,99.797,0,12.51270039,25,13.54862152,9.59729205,5.343471421,True,True,True,True,True
US.BLHK,BLHK,BLUEHARBOR BANK (NC),42.75,40.048,33.706,31.1,76.144,-2.285,24.26991552,43.74968019,6.746903716,18.81564113,8.379421222,True,True,True,True,True
US.BLIBQ,BLIBQ,BB LIQUIDATING INC,0.01,0.006,0.005,0.003,999900,0,1e-06,0.01,66.66666667,20,66.66666667,True,True,True,True,True
US.BLSFY,BLSFY,BLUESCOPE STEEL LTD UNSP ADR EACH REP 5 ORD SHS,106.61,100.053,87.352,83.306,72.935,-5.904,61.64743979,113.2991838,6.553526631,14.54002198,4.856793028,True,True,True,True,True
US.BLX,BLX,拉丁美洲出口银行,54.05,51.776,46.951,46.065,46.58,-5.269,36.87406195,57.05629625,4.391996292,10.27667142,1.923369152,True,True,True,True,True
US.BMBN,BMBN,BENCHMARK BANCSHARES,38.52,36.952,31.823,30.017,60.556,-0.976,23.99162909,38.89966069,4.243342715,16.11727367,6.016590599,True,True,True,True,True
US.BMM,BMM,Blue Moon Metals,7.13,6.703,4.527,4.015,234.741,-17.381,2.130004989,8.629976156,6.370281963,48.06715264,12.75217933,True,True,True,True,True
US.BMO,BMO,蒙特利尔银行,152.68,143.626,134.379,130.399,54.272,-2.128,98.96805642,155.999673,6.303872558,6.881283534,3.052170645,True,True,True,True,True
US.BNL,BNL,Broadstone Net Lease,19.78,19.349,18.338,18.013,38.415,-3.394,14.2903587,20.47491874,2.227505297,5.513142109,1.804252484,True,True,True,True,True
US.BNPQY,BNPQY,法国巴黎银行ADR,53.881,51.336,48.386,47.527,43.683,-5.982,37.499913,57.30923866,4.957534674,6.096804861,1.807393692,True,True,True,True,True
US.BNS,BNS,丰业银行,77.18,72.766,70.815,67.857,58.968,-2.303,48.5506517,78.99935515,6.066019844,2.755066017,4.359167072,True,True,True,True,True
US.BODI,BODI,The Beachbody,12.88,12.048,9.771,8.718,280.929,-23.651,3.381207522,16.86990006,6.905710491,23.30365367,12.07845836,True,True,True,True,True
US.BOF,BOF,BranchOut Food,3.81,3.761,3.345,3.058,130.909,-23.03,1.65000065,4.949980512,1.302844988,12.43647235,9.385219097,True,True,True,True,True
US.BOH,BOH,夏威夷银行,76.995,76.401,71.406,69.651,32.267,-6.937,58.21179886,82.73427678,0.7774767346,6.995210487,2.519705388,True,True,True,True,True
US.BOLD,BOLD,Boundless Bio,1.55,1.321,1.254,1.231,61.256,-10.139,0.9612045443,1.724886213,17.33535201,5.342902711,1.868399675,True,True,True,True,True
US.BORR,BORR,Borr Drilling,6.29,5.671,4.597,4.122,305.761,-0.642,1.550173624,6.330642726,10.91518251,23.36306287,11.52353227,True,True,True,True,True
US.BORT,BORT,BANK OF BOTETOURT BUCHANAN VA,52.38,46.255,39.264,37.272,63.278,0,32.08025576,52.38,13.2418117,17.8051141,5.344494527,True,True,True,True,True
US.BOTJ,BOTJ,詹姆斯金融银行,23.02,21.879,19.307,18.168,80.164,-22.725,12.7772474,29.78971207,5.215046392,13.3215932,6.269264641,True,True,True,True,True
US.BOUYY,BOUYY,BOUYGUES UNSP ADR EACH REPR 0.2 ORD,12,11.449,10.425,9.914,52.652,-4,7.861017216,12.5,4.812647393,9.822541966,5.154327214,True,True,True,True,True
US.BPCGY,BPCGY,BANCO COMERCIAL PORTUGUES S.A. UNSP ADR EACH REPR 10 ORD SHS(POST SPLT),10.675,9.977,9.505,8.537,79.147,-10.519,5.958793616,11.92990691,6.996091009,4.96580747,11.33887783,True,True,True,True,True
US.BPOP,BPOP,大众银行,145.35,140.417,129.437,127.205,48.227,-4.967,98.05905807,152.9468711,3.513107387,8.482891291,1.754648009,True,True,True,True,True
US.BPXXY,BPXXY,BPER BANCA SPA UNSP ADR EA REPR 2 ORD EUR0.00,30,27.528,20.918,17.627,155.067,-8.312,11.76161558,32.71965797,8.97994769,31.59957931,18.67022182,True,True,True,True,True
US.BPYUP,BPYUP,BROOKFIELD PPTY REIT INC 6.375% SER A CUMULATIVE PERP RED PRF SHS,25.2,25.114,24.692,23.914,52.957,-0.63,16.47521853,25.35976653,0.3424384805,1.709055565,3.253324412,True,True,True,True,True
US.BRELY,BRELY,BRAZILIAN RARE EARTHS LIMITED SPON ADR EACH REP 5 ORD SHS,20.73,16.89,14.852,13.019,238.448,-0.765,6.125017728,20.88980702,22.73534636,13.72205764,14.07942238,True,True,True,True,True
US.BRSP,BRSP,BrightSpire Capital,5.815,5.717,5.52,5.425,34.266,-5.138,4.33095497,6.129957201,1.714185762,3.56884058,1.751152074,True,True,True,True,True
US.BRUN,BRUN,Boost Run,25.651,13.767,12.599,12.169,153.61,-0.233,10.1143488,25.71090641,86.32236508,9.27057703,3.533568905,True,True,True,True,True
US.BSFO,BSFO,BANK OF SAN FRANCISCO NEW,39.01,37.903,31.887,31.456,48.609,-2.475,26.25009252,40,2.920613144,18.86662276,1.370167854,True,True,True,True,True
US.BSRR,BSRR,塞拉银行,37.533,34.93,33.097,32.052,45.619,-2.069,25.77479587,38.3259642,7.452046951,5.538266308,3.260326969,True,True,True,True,True
US.BTE,BTE,Baytex Energy,4.967,4.416,3.529,3.202,226.345,-5.209,1.522008917,5.23994894,12.47735507,25.13459904,10.21236727,True,True,True,True,True
US.BTI,BTI,英美烟草,66.82,58.468,56.492,55.641,64.609,-0.713,40.59316319,67.29984792,14.28473695,3.497840402,1.529447709,True,True,True,True,True
US.BTSG,BTSG,BrightSpring Health Services,58.505,46.151,39.628,35.946,207.837,-0.238,19.00518781,58.64457409,26.76865073,16.46058343,10.24314249,True,True,True,True,True
US.BTSGU,BTSGU,BRIGHTSPRING HEALTH SERVICES INC TANGIBLE EQUITY UNIT,193.39,153.233,131.878,120.033,179.189,-3.604,69.26848837,200.6203577,26.20649599,16.19299656,9.8681196,True,True,True,True,True
US.BUD,BUD,百威英博,80.92,72.73,68.075,65.881,44.555,-0.95,55.97869323,81.69611307,11.26082772,6.838046272,3.33024696,True,True,True,True,True
US.BUKS,BUKS,BUTLER NATIONAL CORP,4.01,3.849,3.127,2.782,190.579,-4.523,1.380003373,4.199964389,4.182904651,23.0892229,12.40115025,True,True,True,True,True
US.BVFL,BVFL,BV Financial,19.88,19.453,18.527,17.96,41.494,-3.213,14.05006573,20.53994855,2.195034185,4.998110865,3.15701559,True,True,True,True,True
US.BVN,BVN,布埃纳文图拉开采,37.41,34.279,30.757,27.95,168.279,-13.819,13.94443844,43.40863996,9.13387205,11.45105179,10.04293381,True,True,True,True,True
US.BVS,BVS,Bioventus,10.6,9.532,8.256,7.944,82.444,-5.771,5.810001973,11.2491908,11.20436425,15.45542636,3.927492447,True,True,True,True,True
US.BW,BW,Babcock & Wilcox Enterprises,20.89,15.623,9.697,7.828,3245.054,-0.9,0.6245041186,21.07971746,33.71311528,61.11168403,23.87583035,True,True,True,True,True
US.BW.PRA,BW.PRA,BABCOCK & WILCOX ENTERPRISES INC 7.75% CUM PERPETUAL PFD STOCK SER A,22.81,20.853,19.07,17.542,451.524,-1.892,4.135812766,23.24988788,9.384740805,9.349764027,8.710523315,True,True,True,True,True
US.BWA,BWA,博格华纳,67.59,55.292,49.946,47.928,114.673,-3.861,31.48509594,70.30445501,22.24191565,10.70355984,4.21048239,True,True,True,True,True
US.BWAY,BWAY,Brainsway,16.31,14.665,11.37,10.345,229.162,-6.007,4.955006957,17.35235603,11.21718377,28.97977133,9.908168197,True,True,True,True,True
US.BWFG,BWFG,Bankwell Financial,50.885,49.676,47.288,45.974,55.688,-5.159,32.68395766,53.652956,2.433770835,5.049906953,2.858137208,True,True,True,True,True
US.BWLP,BWLP,BW LPG,20.64,17.777,14.744,14.507,125.634,-1.947,9.147557549,21.04984039,16.1050796,20.57107976,1.633694079,True,True,True,True,True
US.BWNB,BWNB,BABCOCK & WILCOX ENTERPRISES INC 6.5% SENIOR NOTES 31/12/2026 USD25,25,24.95,24.221,23.147,216.094,-0.754,7.909039716,25.18993209,0.2004008016,3.009784897,4.63991014,True,True,True,True,True
US.BY,BY,Byline Bancorp,32.575,31.975,30.256,29.585,33.609,-4.755,24.38084261,34.20127041,1.876465989,5.681517715,2.268041237,True,True,True,True,True
US.BYLB,BYLB,BOYLE BANCORP INC,117,114.225,97.049,90.884,47.093,-7.039,79.54151455,125.8592313,2.429415627,17.69827613,6.783372211,True,True,True,True,True
US.BYNOU,BYNOU,BYNORDIC ACQUISITION CORP UNIT 1 CL A & 1/2 RED WT EXP 01/07/2027,15.95,11.793,11.337,11.238,51.328,-0.25,10.54001903,15.98997494,35.24972441,4.022228103,0.880939669,True,True,True,True,True
US.BZLEY,BZLEY,BEAZLEY PLC (UK) UNSPON ADS EACH REP 2 ORD SHS,32.71,28.539,25.323,23.834,59.686,-9.548,20.48394975,36.16282669,14.61508813,12.69991707,6.247377696,True,True,True,True,True
US.BZQIY,BZQIY,BEZEQ-ISRAELI TELECOMUNICATION CORP UNSP ADR EACH REPR 5 ORD,14.1,12.516,9.735,9.02,151.77,0,5.600349525,14.1,12.65580058,28.56702619,7.926829268,True,True,True,True,True
US.C,C,花旗集团,125.3,119.363,111.966,107.813,78.814,-6.96,70.07281309,134.6732588,4.973903136,6.606469821,3.852040106,True,True,True,True,True
US.CABA,CABA,Cabaletta Bio,3.565,3.177,2.772,2.536,182.142,-15.957,1.263548142,4.241876182,12.21277935,14.61038961,9.305993691,True,True,True,True,True
US.CADL,CADL,Candel Therapeutics,8.697,5.91,5.627,5.619,99.926,-6.183,4.350109541,9.270174915,47.15736041,5.029322907,0.1423740879,True,True,True,True,True
US.CAIXY,CAIXY,CAIXABANK SA UNSP ADR EA REPR 1/3 ORD EUR0.00,4.204,3.96,3.805,3.65,61.423,-4.236,2.604337672,4.389958648,6.161616162,4.073587385,4.246575342,True,True,True,True,True
US.CALY,CALY,Callaway Golf Company,15.115,14.352,12.9,12.013,157.715,-16.027,5.865005917,17.99983328,5.316332219,11.25581395,7.383667693,True,True,True,True,True
US.CARE,CARE,Carter Bankshares,26.98,23.243,20.738,20.277,75.862,-0.954,15.34157464,27.23986834,16.07795896,12.07927476,2.273511861,True,True,True,True,True
US.CASY,CASY,Caseys General Stores,879.885,753.337,641.141,612.721,103.909,-2.343,431.5086632,900.9953204,16.79832532,17.4994268,4.638326416,True,True,True,True,True
US.CAT,CAT,卡特彼勒,913.6,777.507,668.235,610.646,174.674,-1.897,332.6124788,931.2661183,17.50376524,16.35233114,9.430832266,True,True,True,True,True
US.CATY,CATY,国泰万通金控,56.495,52.236,50.098,49.424,39.029,-2.594,40.635407,57.99950722,8.15338081,4.267635435,1.363709938,True,True,True,True,True
US.CBAF,CBAF,CITBA FINANCIAL CORP,39.55,38.89,31.922,29.821,47.807,-0.918,26.75786668,39.91643285,1.697094369,21.82820625,7.045370712,True,True,True,True,True
US.CBC,CBC,Central Bancompany,26.97,25.147,23.685,22.482,176.525,-3.02,9.753186873,27.8098577,7.249373683,6.172683133,5.350947425,True,True,True,True,True
US.CBFV,CBFV,CB金融服务,35.08,34.912,34.524,33.925,32.684,-6.207,26.43875675,37.40151184,0.4812098992,1.123855868,1.765659543,True,True,True,True,True
US.CBIO,CBIO,Crescent Biopharma,20.97,17.355,13.857,13.619,140.481,-23.745,8.720023619,27.49983608,20.82973207,25.24355921,1.747558558,True,True,True,True,True
US.CBKM,CBKM,CONSUMERS BANCORP INC,26.94,26.155,24.719,23.594,49.987,-1.857,17.96155667,27.4497417,3.001338176,5.809296493,4.768161397,True,True,True,True,True
US.CBL,CBL,CBL & Associates Properties,46.11,41.274,36.342,34.527,103.775,-5.201,22.62789842,48.63975358,11.71681931,13.57107479,5.256755583,True,True,True,True,True
US.CBLUY,CBLUY,中海石油化学(ADR),19.78,10.731,9.61,9.46,119.542,0,9.009665577,19.78,84.32578511,11.66493236,1.585623679,True,True,True,True,True
US.CBNA,CBNA,Chain Bridge Bancorp,37.4,35.871,34.198,33.093,57.407,-2.857,23.7600615,38.49994338,4.262496167,4.892098953,3.339074729,True,True,True,True,True
US.CBTN,CBTN,CITIZENS BANCORP INVT INC,37.65,32.544,28.547,27.569,43.957,0,26.1536431,37.65,15.68952802,14.00147126,3.54746273,True,True,True,True,True
US.CC,CC,The Chemours,24.903,22.167,16.857,16.353,178.25,-12.975,8.949865229,28.61591497,12.34267154,31.50026695,3.082003302,True,True,True,True,True
US.CCBC,CCBC,CHINO COMMERCIAL BANCORP (CA),18.75,17.537,16.001,15.116,31.027,-6.25,14.3100277,20,6.916804471,9.599400037,5.854723472,True,True,True,True,True
US.CCBG,CCBG,Capital City Bank Group,46.25,44.77,42.841,42.453,31.096,-5.186,35.27948984,48.77971608,3.305785124,4.502696015,0.9139518997,True,True,True,True,True
US.CCFN,CCFN,Muncy Columbia Financial,74.199,67.137,57.843,54.954,78.619,-1.055,41.54037364,74.99014604,10.51878994,16.06763135,5.25712414,True,True,True,True,True
US.CCLDO,CCLDO,CARECLOUD INC 8.75% CUM RED PERP PFD SER B,27.44,26.503,24.542,23.345,64.061,-0.254,16.72548625,27.50987508,3.535448817,7.990383832,5.127436282,True,True,True,True,True
US.CCLDP,CCLDP,CARECLOUD INC 11% CUM RED PERP PRF SER A,19.43,19.032,14.845,13.353,281.768,-10.871,5.089478427,21.79986312,2.091214796,28.20478276,11.17351906,True,True,True,True,True
US.CCNB,CCNB,COASTAL CAROLINA BANCSHARES INC,14.65,14.305,13.415,12.996,38.599,-6.029,10.57006183,15.58991604,2.411744145,6.634364517,3.224068944,True,True,True,True,True
US.CCNE,CCNE,CNB金融,30.48,29.513,27.385,26.659,46.77,-4.15,20.76718675,31.79968701,3.276522211,7.770677378,2.723282944,True,True,True,True,True
US.CCO,CCO,Clear Channel Outdoor,2.39,2.382,2.146,1.934,139.059,-1.646,0.999753199,2.429997763,0.335852225,10.9972041,10.96173733,True,True,True,True,True
US.CCOZY,CCOZY,中煤能源(ADR),32.194,29.961,24.607,24.066,81.333,-5.312,17.75407675,34.00008449,7.453022262,21.75803633,2.247984709,True,True,True,True,True
US.CCTC,CCTC,CATALYST CREW TECHNOLOGIES CORP,2.32,1.432,0.87,0.867,534.66,-6.498,0.3655500583,2.481230348,62.01117318,64.59770115,0.3460207612,True,True,True,True,True
US.CCYY,CCYY,CCCB BANCORP INC,9.99,8.887,6.953,6.457,92.501,-8.683,5.189583431,10.93991261,12.41138742,27.81533151,7.681585876,True,True,True,True,True
US.CDLR,CDLR,Cadeler AS,29.36,25.569,22.213,21.91,91.021,-2.165,15.37003785,30.00971023,14.82654777,15.10826993,1.382930169,True,True,True,True,True
US.CDNA,CDNA,CareDx,20.78,18.995,18.377,17.15,89.598,-10.584,10.96003122,23.23968865,9.397209792,3.362899276,7.15451895,True,True,True,True,True
US.CDZIP,CDZIP,CADIZ INC DEP SHS 1/1000TH SER A PFD CUM STK,20.33,19.376,18.889,18.459,39.202,-4.775,14.60467522,21.34943555,4.923616846,2.578220128,2.329486971,True,True,True,True,True
US.CECO,CECO,CECO环保,85.6,65.414,61.504,58.038,230.31,-5.152,25.9150495,90.24966262,30.85883756,6.357310094,5.971949412,True,True,True,True,True
US.CEFC,CEFC,COMMERCIAL NATIONAL FINANCIAL(MI),14.41,14.101,12.773,12.057,46.498,-1.301,9.836311759,14.59994529,2.191333948,10.39693103,5.938458986,True,True,True,True,True
US.CELC,CELC,Celcuity,134.49,119.258,103.063,89.963,1210.818,-10.945,10.26000558,151.0190332,12.77230878,15.71368968,14.56154197,True,True,True,True,True
US.CELJF,CELJF,Cellcom Israel Ltd,13.245,10.907,10.461,9.789,375.608,-6.173,2.784856436,14.11640573,21.43577519,4.263454737,6.864848299,True,True,True,True,True
US.CENX,CENX,世纪铝业,61.945,58.938,45.452,40.182,309.418,-9.824,15.13001382,68.69344393,5.101971563,29.67086157,13.11532527,True,True,True,True,True
US.CERS,CERS,Cerus,2.55,2.025,2.008,1.843,121.739,-19.047,1.150000676,3.149975912,25.92592593,0.8466135458,8.952794357,True,True,True,True,True
US.CFFI,CFFI,C&F金融,75.42,74.167,72.126,70.903,34.726,-6.877,55.98028591,80.98965884,1.689430609,2.829770125,1.724891754,True,True,True,True,True
US.CFFN,CFFN,Capitol Federal Financial,7.645,7.339,6.86,6.644,46.772,-3.227,5.208759164,7.899930766,4.169505382,6.982507289,3.251053582,True,True,True,True,True
US.CFNB,CFNB,CALIFORNIA FIRST LEASING CORP,31.57,26.966,24.08,22.968,72.891,-1.343,18.26005981,31.99975673,17.07335163,11.98504983,4.841518635,True,True,True,True,True
US.CGAU,CGAU,Centerra Gold,18.564,18.195,15.916,14.085,190.349,-12.07,6.393684841,21.11224838,2.028029678,14.31892435,12.99964501,True,True,True,True,True
US.CGEM,CGEM,Cullinan Therapeutics,16.3,14.256,11.825,10.608,186.971,-2.628,5.680016448,16.73992524,14.33782267,20.55813953,11.4724736,True,True,True,True,True
US.CGEN,CGEN,Compugen医疗,3.03,2.496,1.99,1.859,133.976,-6.336,1.295004616,3.234967544,21.39423077,25.42713568,7.046799354,True,True,True,True,True
US.CGNT,CGNT,Cognyte Software,9.685,9.106,8.694,8.689,53.974,-16.902,6.290022991,11.65491348,6.358444981,4.738900391,0.05754402118,True,True,True,True,True
US.CGNX,CGNX,康耐视,65.95,53.939,46.036,45.452,128.794,-8.226,28.8250566,71.86131148,22.2677469,17.16699974,1.284871953,True,True,True,True,True
US.CGON,CGON,CG Oncology,68.64,67.029,53.295,47.812,190.465,-9.013,23.63107431,75.43934848,2.403437318,25.76977202,11.46783234,True,True,True,True,True
US.CHBAY,CHBAY,CHIBA BANK UNSP ADR EACH REPR 5 ORD,71.415,64.565,54.567,51.801,68.655,0,42.34383801,71.415,10.60946333,18.32242931,5.339665257,True,True,True,True,True
US.CHBH,CHBH,CROGHAN BANCSHARES INC,59.36,57.16,52.26,50.736,31.494,-2.672,45.14274416,60.98964327,3.848845346,9.376195943,3.003784295,True,True,True,True,True
US.CHCLY,CHCLY,CITIZEN WATCH CO LTD ADR EACH REPR 5 SHS,68.94,32.868,31.594,31.358,149.15,0,27.67007827,68.94,109.7480832,4.032411217,0.7525990178,True,True,True,True,True
US.CHCT,CHCT,Community Healthcare Trust,17.23,16.344,15.429,15.015,42.33,-2.242,12.10566992,17.625156,5.420949584,5.930390822,2.757242757,True,True,True,True,True
US.CHEF,CHEF,The Chefs' Warehouse,82.075,66.662,63.887,63.567,54.276,-0.889,53.2001089,82.81119149,23.12111848,4.343606681,0.5034058552,True,True,True,True,True
US.CHFHY,CHFHY,中国食品(ADR),11,7.354,6.844,6.717,87.832,0,5.856297117,11,49.5784607,7.451782583,1.890725026,True,True,True,True,True
US.CHMG,CHMG,Chemung Financial,66.91,59.617,56.29,55.054,57.812,-5.534,42.39855017,70.82971651,12.23308788,5.91046367,2.245068478,True,True,True,True,True
US.CHRD,CHRD,Chord Energy,142.85,135.166,107.505,105.822,73.803,-5.083,82.1907562,150.4999104,5.684861578,25.72996605,1.590406532,True,True,True,True,True
US.CHRN,CHRN,ChronoScale,18.27,11.442,8.359,7.271,569.23,-10.176,2.730003138,20.33977556,59.67488201,36.8824022,14.96355384,True,True,True,True,True
US.CHRYY,CHRYY,CHORUS LTD SPON ADR EACH REP 5 ORD NZD0.00,30.33,27.724,26.604,26.18,43.63,0,21.11675834,30.33,9.399798009,4.209893249,1.619556914,True,True,True,True,True
US.CHSTY,CHSTY,中国高速传动(ADR),5.623,4.702,3.715,3.597,160.305,0,2.160158276,5.623,19.58740961,26.5679677,3.280511537,True,True,True,True,True
US.CIBEY,CIBEY,商业国际银行,2.4,2.337,2.202,2.068,83.478,-14.285,1.308058732,2.799976667,2.6957638,6.130790191,6.479690522,True,True,True,True,True
US.CIBN,CIBN,COMMUNITY INVESTORS BANCORP INC,23.5,23.329,18.92,17.326,42.42,-12.281,16.5004915,26.79009109,0.7329932702,23.30338266,9.200046173,True,True,True,True,True
US.CICHY,CICHY,建设银行(ADR),22.6,21.565,20.496,20.164,36.328,-1.739,16.57766563,22.99996947,4.799443543,5.215651835,1.646498711,True,True,True,True,True
US.CIEN,CIEN,Ciena,581.92,455.472,306.198,258.501,722.269,-2.825,70.77002781,598.8371495,27.76197,48.7508083,18.4513793,True,True,True,True,True
US.CIG.C,CIG.C,Energy Company of Minas Gerais-Common,3.272,3.262,2.816,2.74,47.123,-16.962,2.223989451,3.940364652,0.3065603924,15.83806818,2.773722628,True,True,True,True,True
US.CITZ,CITZ,CITIZENS BANCSHARES CORP S CAROLINA,41,35.317,31.504,31.101,43.035,-4.651,28.66431293,42.99992659,16.09140074,12.10322499,1.295778271,True,True,True,True,True
US.CIVB,CIVB,Civista Bancshares,24.555,23.456,22.79,22.085,33.729,-12.625,18.36176147,28.10300429,4.685368349,2.922334357,3.192211909,True,True,True,True,True
US.CIWV,CIWV,CITIZENS FINANCIAL CORP(W.VIRGINIA),48,42.586,35.763,32.687,79.705,-7.692,26.71044211,51.99982667,12.7130982,19.07837709,9.410468994,True,True,True,True,True
US.CIZN,CIZN,市民金融控股,9.7,9.329,8.077,7.887,50.621,-4.901,6.440005046,10.19989695,3.976846393,15.50080475,2.409027514,True,True,True,True,True
US.CKHGY,CKHGY,CAPITEC BANK HLDGS SPON ADR EACH REPR 0.5 ORD SHS,134.21,128.123,125.949,119.461,44.077,-10.383,93.15157867,149.7595322,4.750903429,1.726095483,5.431061183,True,True,True,True,True
US.CKHUY,CKHUY,长和(ADR),9.3,8.065,7.54,7.273,74.628,-0.534,5.325606432,9.349928619,15.31308122,6.962864721,3.671112333,True,True,True,True,True
US.CKISY,CKISY,长江基建集团(ADR),43.5,42.748,35.978,34.591,51.567,-1.226,28.7001788,44.03992954,1.759146627,18.81705487,4.009713509,True,True,True,True,True
US.CLBK,CLBK,Columbia Financial,19.6,18.191,16.856,16.378,43.484,-0.709,13.66005966,19.73995629,7.745588478,7.920028477,2.918549273,True,True,True,True,True
US.CLDT,CLDT,Chatham Lodging信托,9.995,8.395,7.313,7.187,68.709,-1.478,5.924402373,10.14494225,19.05896367,14.79556953,1.753165438,True,True,True,True,True
US.CLDX,CLDX,塞德斯医疗,32.38,32.028,28.093,27.027,74.555,-9.527,18.55002721,35.78968311,1.099038341,14.00704802,3.944203944,True,True,True,True,True
US.CLH,CLH,Clean Harbors,306.38,295.831,261.618,255.782,52.17,-3.344,201.3406059,316.9798047,3.56588728,13.07746409,2.281630451,True,True,True,True,True
US.CLS,CLS,天弘科技,379.87,336.2,314.154,291.165,248.216,-12.673,109.0903347,434.9971945,12.98929209,7.017577367,7.895523157,True,True,True,True,True
US.CLYM,CLYM,Climb Bio,11.28,8.41,5.212,4.421,872.422,-9.614,1.15999021,12.47980882,34.12604043,61.35840368,17.89187967,True,True,True,True,True
US.CM,CM,加拿大帝国商业银行,111.63,102.876,93.533,88.909,75.757,-1.452,63.51382875,113.2747494,8.5092733,9.988987844,5.200823314,True,True,True,True,True
US.CMBT,CMBT,CMB.Tech,15.07,13.132,11.539,10.877,98.197,-3.211,7.603545967,15.56995113,14.75784344,13.80535575,6.086237014,True,True,True,True,True
US.CMDB,CMDB,Costamare Bulkers Holdings,19.18,16.927,16.054,14.834,126.713,-3.739,8.460035375,19.92499558,13.3100963,5.437897097,8.224349467,True,True,True,True,True
US.CMHF,CMHF,COMMUNITY HERITAGE FINANCIAL INC,34.5,30.362,28.234,27.023,51.794,-1.428,22.72817107,34.9997971,13.6288782,7.537012113,4.481367724,True,True,True,True,True
US.CMHHY,CMHHY,招商局港口(ADR),20.4,20.329,17.836,16.339,44.627,-6.464,14.10525006,21.80978447,0.3492547592,13.97734918,9.162127425,True,True,True,True,True
US.CMI,CMI,康明斯,715.28,602.964,543.144,507.459,135.286,-0.389,304.0044882,718.0733052,18.6273144,11.01365384,7.032095204,True,True,True,True,True
US.CMP,CMP,罗盘矿物,30.285,24.899,22.082,21.352,84.72,-6.151,16.39508445,32.26992296,21.63139082,12.75699665,3.418883477,True,True,True,True,True
US.CMPD,CMPD,CompuMed,6.6,6.222,4.598,4.404,238.461,-5.035,1.950003102,6.949928921,6.075216972,35.31970422,4.405086285,True,True,True,True,True
US.CMPR,CMPR,Cimpress,92.64,78.967,73.697,70.378,121.898,-3.208,41.74891166,95.71038929,17.31482771,7.150901665,4.715962375,True,True,True,True,True
US.CMPS,CMPS,COMPASS Pathways,10.8,7.278,6.748,6.297,380,-4.212,2.25,11.27489873,48.3924155,7.854179016,7.162140702,True,True,True,True,True
US.CMRB,CMRB,FIRST COMM BANCORP INC,6.31,6.184,5.615,5.364,42.492,-5.425,4.428318783,6.671953476,2.037516171,10.13357079,4.679343773,True,True,True,True,True
US.CMRE,CMRE,Costamare,17.28,16.85,15.546,14.501,118.769,-3.658,7.898742509,17.93610263,2.551928783,8.388009777,7.206399559,True,True,True,True,True
US.CMT,CMT,Core Molding Technologies,24.93,23.56,20.676,20.308,65.978,-13.105,15.0200629,28.68979803,5.814940577,13.94853937,1.812093756,True,True,True,True,True
US.CMTV,CMTV,Community Bancorp,38.97,36.958,29.369,27.294,131.094,-9.192,16.86326776,42.91472117,5.444017533,25.84017161,7.602403459,True,True,True,True,True
US.CNBB,CNBB,CNB COMMUNITY BANCORP INC,49.17,45.169,42.155,41.152,30.175,0,37.77222969,49.17,8.857844982,7.149804294,2.437305599,True,True,True,True,True
US.CNBZ,CNBZ,CNB CORP,23.24,21.395,18.761,18.533,42.565,-8.503,16.30133623,25.39973988,8.623510166,14.03976334,1.230237954,True,True,True,True,True
US.CNC,CNC,康西哥,58.95,41.56,40.488,38.026,135.094,-5.232,25.07507635,62.20454162,41.84311838,2.647698083,6.474517435,True,True,True,True,True
US.CNGKY,CNGKY,长实集团(ADR),13.14,12.181,11.243,10.792,71.383,-4.227,7.667038154,13.71994195,7.872916838,8.342968958,4.179021497,True,True,True,True,True
US.CNO,CNO,康塞科,47.1,42.64,41.721,40.861,35.366,-0.042,34.79455698,47.11979031,10.45966229,2.202727643,2.10469641,True,True,True,True,True
US.CNOB,CNOB,ConnectOne Bank,29.56,27.734,26.545,25.985,38.596,-3.556,21.32817686,30.64991083,6.583976347,4.479186287,2.155089475,True,True,True,True,True
US.CNQ,CNQ,加拿大自然资源,47.65,46.86,38.443,36.417,68.449,-6.531,28.28749354,50.97946913,1.685872813,21.89475327,5.563335805,True,True,True,True,True
US.CNTA,CNTA,Centessa Pharmaceuticals,39.59,35.267,28.472,26.239,261.552,-1.664,10.95001549,40.25992515,12.25791817,23.86555212,8.510232859,True,True,True,True,True
US.COCO,COCO,Vita Coco,75.94,55.956,52.323,48.596,138.88,-1.389,31.79002009,77.00966424,35.71377511,6.943409208,7.669355503,True,True,True,True,True
US.CODI,CODI,Compass Diversified,12.03,9.252,7.295,7.226,162.663,-4.825,4.580013173,12.63987392,30.02594034,26.82659356,0.954885137,True,True,True,True,True
US.CODI.PRA,CODI.PRA,COMPASS DIVERSIFIED 7.250% PFD SER A REP BENFCL INTRST COMPS,20.87,19.112,17.369,17.094,111.993,-2.156,9.844664682,21.32987204,9.198409376,10.03512004,1.608751609,True,True,True,True,True
US.CODI.PRB,CODI.PRB,COMPASS DIVERSIFIED 7.875% FIXED FLTG RAT CUM PFD SHS SER B,22.4,20.613,19,18.787,94.255,-1.754,11.53123472,22.79991043,8.669286373,8.489473684,1.133762708,True,True,True,True,True
US.CODI.PRC,CODI.PRC,COMPASS DIVERSIFIED 7.875% CUM PREFERRED SHARES SERIES C,21.95,20.415,18.988,18.792,95.013,-1.305,11.25565988,22.24023507,7.518981141,7.515272804,1.04299702,True,True,True,True,True
US.COHR,COHR,Coherent,400.25,295.39,219.089,190.067,443.483,-3.067,73.64535781,412.9140747,35.49883205,34.82648604,15.26935239,True,True,True,True,True
US.COHU,COHU,科休半导体,48.86,37.696,29.768,27.393,196.797,-6.806,16.46243055,52.42826791,29.61587436,26.63262564,8.6700982,True,True,True,True,True
US.COLAR,COLAR,COLUMBUS ACQUISITION CORP COM USD0.0001 30/09/2025 (SUB/RIGHTS),0.499,0.333,0.312,0.285,353.636,-10.781,0.1100000882,0.5592979074,49.84984985,6.730769231,9.473684211,True,True,True,True,True
US.COLB,COLB,哥伦比亚银行系统,29.155,28.293,27.993,27.25,38.314,-9.748,21.07884957,32.30399326,3.046689994,1.071696496,2.726605505,True,True,True,True,True
US.COLB,COLB,哥伦比亚银行系统,29.155,28.293,27.993,27.25,38.314,-9.748,21.07884957,32.30399326,3.046689994,1.071696496,2.726605505,True,True,True,True,True
US.CONC,CONC,CONECTISYS CORP,1,0.998,0.907,0.735,8671.929,0,0.01140000107,1,0.2004008016,10.03307607,23.40136054,True,True,True,True,True
US.CORZ,CORZ,Core Scientific,24.755,18.592,17.843,17.191,140.853,-1.628,10.27805342,25.16468101,33.14866609,4.197724598,3.792682217,True,True,True,True,True
US.COSO,COSO,CoastalSouth Bancshares,25.455,24.891,23.682,23.188,32.831,-3.242,19.16344829,26.30790219,2.265879233,5.105143147,2.130412282,True,True,True,True,True
US.CPAC,CPAC,Cementos Pacasmayo,10.475,10.464,9.344,8.53,109.858,-8.912,4.991470423,11.49986826,0.1051223242,11.98630137,9.542790152,True,True,True,True,True
US.CPCAY,CPCAY,国泰航空(ADR),8.21,7.638,7.427,7.187,41.72,-4.756,5.793113181,8.619965562,7.488871432,2.840985593,3.339362738,True,True,True,True,True
US.CPF,CPF,中央太平洋银行,34.18,32.888,31.537,30.906,37,-3.473,24.94890511,35.40978172,3.928484554,4.283857057,2.041674756,True,True,True,True,True
US.CPIX,CPIX,坎伯兰药业,4.89,3.538,3.481,3.435,164.324,-21.947,1.85000227,6.2649738,38.21368005,1.6374605,1.33915575,True,True,True,True,True
US.CPKF,CPKF,CHESAPEAKE FINANCIAL SHARES INC,34.74,33.374,28.137,26.315,83.56,-0.028,18.92569187,34.74972992,4.093006532,18.61250311,6.923807714,True,True,True,True,True
US.CPRX,CPRX,Catalyst Pharmaceuticals,31.175,26.175,24.087,23.146,63.648,-4.253,19.05003422,32.55976689,19.10219675,8.668576411,4.065497278,True,True,True,True,True
US.CQP,CQP,Cheniere Energy Partners LP,63.88,63.538,56.744,55.483,34.701,-8.43,47.42355291,69.7608387,0.5382605685,11.97307204,2.272768235,True,True,True,True,True
US.CRBJY,CRBJY,华润置地(ADR),46.735,38.643,37.717,36.392,45.071,0,32.21526011,46.735,20.94040318,2.455126336,3.64091009,True,True,True,True,True
US.CRCBY,CRCBY,重庆农村商业银行(ADR),39,32.153,23.315,21.055,173.221,0,14.27415901,39,21.295058,37.90692687,10.73379245,True,True,True,True,True
US.CRDOF,CRDOF,CERRADO GOLD INC,1.368,1.245,1.217,1.108,214.121,-21.649,0.4355009694,1.745989202,9.879518072,2.300739523,9.837545126,True,True,True,True,True
US.CRKR,CRKR,Creek Road Miners,14.24,11.378,6.228,5.243,884.98,-16.933,1.445714634,17.14278835,25.15380559,82.69107258,18.78695403,True,True,True,True,True
US.CRNT,CRNT,Ceragon,2.645,2.386,2.291,2.253,45.329,-6.833,1.820008395,2.838988054,10.85498743,4.146660847,1.686640036,True,True,True,True,True
US.CROX,CROX,卡骆驰,97.683,92.82,87.954,87.118,33.436,-15.87,73.20588147,116.1095923,5.239172592,5.53243741,0.9596179894,True,True,True,True,True
US.CRPHY,CRPHY,CERES POWER HOLDINGS PLC UNSPON ADS EACH REP 0.5 ORD SHS,5.025,2.873,2.118,1.798,1793.368,-4.103,0.2654000701,5.23999708,74.90428124,35.64683664,17.79755284,True,True,True,True,True
US.CRRFY,CRRFY,家乐福(ADR),4.05,3.805,3.456,3.336,48.351,-1.459,2.730011931,4.10996438,6.438896189,10.09837963,3.597122302,True,True,True,True,True
US.CRS,CRS,卡朋特科技,428.68,411.804,354.607,327.45,95.752,-9.882,218.9913768,475.687432,4.09806607,16.12968723,8.293479921,True,True,True,True,True
US.CRT,CRT,CRT信托,10.87,10.319,8.801,8.57,60.772,-1.429,6.76112756,11.02758418,5.339664696,17.24804,2.695449242,True,True,True,True,True
US.CRUS,CRUS,凌云半导体,162.33,153.529,135.96,130.916,76.407,-9.312,92.02015793,178.9983239,5.732467482,12.92218299,3.852852211,True,True,True,True,True
US.CRVW,CRVW,CAREVIEW COMMUNICATIONS INC,0.038,0.033,0.026,0.024,275,-10.714,0.01013333333,0.04255986381,15.15151515,26.92307692,8.333333333,True,True,True,True,True
US.CSBB,CSBB,CSB BANCORP INC OHIO,66,61.285,53.388,50.479,66.556,-3.621,39.62631187,68.47964806,7.693562862,14.79171349,5.762792448,True,True,True,True,True
US.CSCO,CSCO,思科,115.26,84.978,78.659,75.761,89.291,-3.422,60.89037514,119.34395,35.63510556,8.033410036,3.825187102,True,True,True,True,True
US.CSGS,CSGS,CSG国际,80.69,80.108,77.549,73.964,35.056,-0.049,59.74558702,80.72955748,0.7265191991,3.299849128,4.846952572,True,True,True,True,True
US.CSIOY,CSIOY,卡西欧(ADR),100.92,99.121,89.12,87.086,44.75,-10.284,69.72020725,112.4882964,1.814953441,11.22194794,2.335622258,True,True,True,True,True
US.CSR,CSR,Centerspace,68.21,62.899,62.574,60.748,34.298,-2.004,50.7900341,69.60488183,8.443695448,0.5193850481,3.005860275,True,True,True,True,True
US.CSTM,CSTM,Constellium,33.68,28.487,22.533,20.53,199.91,-3.468,11.23003568,34.88998467,18.22936778,26.4234678,9.75645397,True,True,True,True,True
US.CSWC,CSWC,西南资本,24.061,22.757,21.594,21.404,34.043,-1.512,17.95021001,24.43038746,5.730105023,5.385755302,0.8876845449,True,True,True,True,True
US.CSX,CSX,CSX运输,45.775,42.251,38.715,37.542,54.033,-1.664,29.7176579,46.5495851,8.340630991,9.133410823,3.124500559,True,True,True,True,True
US.CTBI,CTBI,大众信托合众银行,64.88,62.79,58.98,57.955,34.39,-5.581,48.27740159,68.71498321,3.328555502,6.459816887,1.76861358,True,True,True,True,True
US.CTIHY,CTIHY,中国太平(ADR),75.51,44.655,28.09,26.598,307.376,-3.57,18.53570166,78.30550659,69.09640578,58.97116412,5.609444319,True,True,True,True,True
US.CTNM,CTNM,Contineum Therapeutics,13.91,13.27,12.627,11.941,315.223,-14.819,3.350007105,16.32993273,4.822908817,5.092262612,5.744912486,True,True,True,True,True
US.CTO,CTO,CTO Realty Growth,20.01,19.389,17.991,17.4,38.399,-3.193,14.45819695,20.66999287,3.202846975,7.770551943,3.396551724,True,True,True,True,True
US.CTOS,CTOS,Custom Truck One Source,10.065,7.643,6.77,6.577,140.214,-1.516,4.190013904,10.2199342,31.68912731,12.89512555,2.934468603,True,True,True,True,True
US.CTPCY,CTPCY,中信股份(ADR),8.45,7.816,7.669,7.364,52.402,-2.312,5.544546659,8.649987716,8.111566018,1.916807928,4.141770777,True,True,True,True,True
US.CTRE,CTRE,CareTrust REIT,42.005,38.929,37.219,36.167,57.305,-2.495,26.70290201,43.07984206,7.901564386,4.594427577,2.908728952,True,True,True,True,True
US.CTS,CTS,CTS Corp,61.255,52.581,48.157,46.328,70.328,-1.233,35.96296557,62.01970294,16.49645309,9.186618768,3.947936453,True,True,True,True,True
US.CTUY,CTUY,CENTURY NEXT FINL CORP,66,65.235,57.774,54.009,53.551,-6.884,42.98246185,70.8793333,1.172683375,12.91411362,6.971060379,True,True,True,True,True
US.CTVA,CTVA,Corteva,83.62,80.995,72.458,71.916,38.816,-2.347,60.23801291,85.62972976,3.240940799,11.78199785,0.7536570443,True,True,True,True,True
US.CTXAY,CTXAY,AMPOL LTD UNSP ADS EACH REP 2 ORD SHS,49.298,46.883,42.341,41.105,63.284,-4.183,30.19156807,51.4501602,5.151120875,10.72719114,3.006933463,True,True,True,True,True
US.CTYP,CTYP,COMMUNITY BANKERS CORP,8.44,7.438,6.001,5.84,77.837,-2.988,4.745919016,8.699954645,13.47136327,23.946009,2.756849315,True,True,True,True,True
US.CUBI,CUBI,Customers Bancorp,73.84,72.266,71.812,70.484,49.051,-10.562,49.5400903,82.55998569,2.178064373,0.6322063165,1.884115544,True,True,True,True,True
US.CUEN,CUEN,CUENTAS INC,0.262,0.242,0.141,0.107,262000,-12.633,9.996184662e-05,0.2998843957,8.26446281,71.63120567,31.77570093,True,True,True,True,True
US.CUGCY,CUGCY,中国东方集团(ADR),4.2,2.805,2.651,2.594,73.231,-10.828,2.424508315,4.709998654,49.73262032,5.809128631,2.197378566,True,True,True,True,True
US.CULL,CULL,Cullman Bancorp,15,13.504,12.191,11.703,47.759,0,10.15166589,15,11.07819905,10.77024034,4.169870973,True,True,True,True,True
US.CURB,CURB,Curbline Properties,27.805,27.032,24.952,24.222,31.424,-3.921,21.15671415,28.93972668,2.859573838,8.33600513,3.013789117,True,True,True,True,True
US.CURR,CURR,Currenc Group,4.21,3.062,2.409,2.227,1188.249,-10.899,0.3268001761,4.724975028,37.4918354,27.10668327,8.172429277,True,True,True,True,True
US.CVE,CVE,Cenovus能源,30.17,26.236,20.922,19.688,142.232,-2.188,12.45500182,30.84488611,14.99466382,25.39910142,6.267777326,True,True,True,True,True
US.CVEO,CVEO,Civeo,35.76,29.435,25.749,25.066,81.063,-2.027,19.75003176,36.499852,21.48802446,14.31511903,2.724806511,True,True,True,True,True
US.CVGI,CVGI,商用汽车集团,5.53,3.819,2.346,2.206,342.4,-4.49,1.25,5.789969637,44.80230427,62.78772379,6.346328196,True,True,True,True,True
US.CVLG,CVLG,Covenant Logistics,33.375,29.297,25.408,24.812,86.471,-7.059,17.89822546,35.90987831,13.91951394,15.30620277,2.402063518,True,True,True,True,True
US.CVS,CVS,西维斯健康,97.02,78.167,77.761,75.745,70.057,-1.432,57.05145922,98.42951059,24.11887369,0.5221126272,2.661561819,True,True,True,True,True
US.CVV,CVV,CVD设备,7.16,5.149,4.254,3.986,191.056,-15.316,2.460007696,8.454961976,39.0561274,21.0390221,6.723532363,True,True,True,True,True
US.CW,CW,寇蒂斯莱特,745.38,706.805,635.756,602.408,84.049,-2.016,404.9899755,760.7160353,5.457658053,11.17551388,5.535783057,True,True,True,True,True
US.CWAN,CWAN,Clearwater Analytics,24.37,23.843,22.449,21.679,54.877,-2.788,15.73506718,25.06892153,2.210292329,6.209630719,3.551824346,True,True,True,True,True
US.CWBC,CWBC,西部社区银行,23.58,23.298,22.775,22.142,37.69,-7.862,17.12542668,25.59204671,1.210404327,2.296377607,2.858820341,True,True,True,True,True
US.CWEN.A,CWEN.A,Clearway Energy-A,40.43,38.422,33.792,32.167,62.227,-2.366,24.92186874,41.4097548,5.226172505,13.7014678,5.051761122,True,True,True,True,True
US.CX,CX,西麦斯,13.125,11.661,11.406,10.782,99.228,-3.986,6.587929408,13.66988148,12.55466941,2.235665439,5.787423484,True,True,True,True,True
US.CXDO,CXDO,Crexendo,9.67,6.992,6.714,6.613,90.352,-2.225,5.080062201,9.890053695,38.30091533,4.140601728,1.527294723,True,True,True,True,True
US.CYATY,CYATY,CONTEMPORARY AMPEREX TECHNOLOGY CO UNSPON ADS EACH REP 0.4 ORD,22.05,20.451,17.625,16.865,97.755,-9.705,11.15016055,24.41995681,7.818688573,16.03404255,4.506374148,True,True,True,True,True
US.CYBQY,CYBQY,赛百达因(ADR),1.9,1.667,1.376,1.342,115.664,-18.103,0.8810000742,2.319987301,13.97720456,21.14825581,2.533532042,True,True,True,True,True
US.CYD,CYD,玉柴国际,50.66,41.95,40.974,39.182,209.121,-10.415,16.38840454,56.54964559,20.76281287,2.38199834,4.573528661,True,True,True,True,True
US.CYRX,CYRX,Cryoport,13.23,9.716,9.529,9.384,149.152,-4.06,5.310011559,13.78986867,36.16714697,1.962430475,1.545183291,True,True,True,True,True
US.CYSM,CYSM,COMMUNITY BANCORP SANTA MARIA,20.5,18.855,15.701,14.508,67.994,0,12.20281677,20.5,8.724476266,20.08789249,8.223049352,True,True,True,True,True
US.CYTK,CYTK,Cytokinetics,78.502,65.662,64.063,59.327,163.339,-2.117,29.81024459,80.19983041,19.55468917,2.495980519,7.982874576,True,True,True,True,True
US.CZBC,CZBC,CITIZENS BANCORP(CORVALLIS OREGON),14.69,12.187,10.573,10.494,59.127,0,9.231620027,14.69,20.53827849,15.2652984,0.7528111302,True,True,True,True,True
US.CZBT,CZBT,CITIZENS BANCORP VA INC,39,36.511,32.542,31.215,44.145,-6.024,27.05608935,41.49995744,6.817123607,12.196546,4.251161301,True,True,True,True,True
US.CZFS,CZFS,Citizens Financial Services,63.85,63.253,60.095,59.548,30.864,-8.235,48.79111138,69.57990519,0.9438287512,5.255012896,0.9185866864,True,True,True,True,True
US.CZWI,CZWI,Citizens Community Bancorp,20.911,19.885,18.144,17.563,64.703,-7.093,12.69618647,22.50745369,5.159668092,9.595458554,3.308090873,True,True,True,True,True
US.DAC,DAC,达那俄斯,132.26,117.799,103.591,100.402,65.801,-2.181,79.77032708,135.2089062,12.27599555,13.71547721,3.176231549,True,True,True,True,True
US.DAL,DAL,达美航空,71.32,66.761,65.809,63.788,59.393,-6.136,44.7447504,75.98227222,6.828837195,1.446610646,3.168307519,True,True,True,True,True
US.DAN,DAN,达纳,34.68,34.432,28.196,25.921,130.548,-12.03,15.04242067,39.42253041,0.720260223,22.11661229,8.776667567,True,True,True,True,True
US.DAO,DAO,有道,12.54,10.553,10.357,10.051,56.75,-3.834,8,13.03995175,18.82876907,1.892439896,3.044473187,True,True,True,True,True
US.DAR,DAR,美国达尔令国际,62.785,59.857,46.021,42.489,115.385,-4.9,29.15012652,66.01997897,4.891658453,30.06453576,8.312739768,True,True,True,True,True
US.DAVE,DAVE,Dave Inc,235.79,224.514,211.614,211.33,54.91,-18.04,152.2109612,287.6891166,5.022403948,6.09600499,0.1343869777,True,True,True,True,True
US.DAWN,DAWN,Day One Biopharmaceuticals(已退市),21.53,18.212,11.998,10.724,282.076,0,5.635004554,21.53,18.21875686,51.79196533,11.87989556,True,True,True,True,True
US.DBI,DBI,Designer Brands,6.64,6.495,6.047,5.412,215.854,-23.416,2.10223711,8.670218322,2.232486528,7.40863238,11.73318551,True,True,True,True,True
US.DBIN,DBIN,DACOTAH BANKS INC,44.15,41.784,37.407,36.3,34.048,-1.079,32.93596324,44.63157469,5.662454528,11.70101853,3.049586777,True,True,True,True,True
US.DBRG,DBRG,DigitalBridge Group,15.665,15.5,14.121,13.437,75.452,0,8.928367873,15.665,1.064516129,9.765597337,5.090421969,True,True,True,True,True
US.DBSDY,DBSDY,DBS GROUP HLDGS LTD SPONS ADR EACH REP 4 ORD SHS,187.972,176.119,170.839,165.874,50.631,-0.388,124.7897179,188.7041722,6.73010862,3.090629189,2.99323583,True,True,True,True,True
US.DC,DC,Dakota Gold,6.34,5.536,5.448,5.167,122.417,-12.551,2.850501535,7.249939965,14.52312139,1.615271659,5.438358816,True,True,True,True,True
US.DCCPY,DCCPY,DCC UNSP ADR EACH REPR 0.1 ORD,39.5,33.325,32.653,32.377,38.354,-1.25,28.54995157,40,18.52963241,2.058003859,0.8524569911,True,True,True,True,True
US.DCO,DCO,杜科蒙,151.635,134.265,113.448,108.173,128.917,-2.993,66.24016565,156.3134619,12.937102,18.34937593,4.876447912,True,True,True,True,True
US.DCOM,DCOM,迪募社区银行,36.64,34.59,31.629,30.975,54.102,-3.324,23.77645975,37.89978899,5.926568372,9.361661766,2.111380145,True,True,True,True,True
US.DD,DD,杜邦,50.74,46.47,42.994,40.073,89.605,-3.259,26.76089766,52.44932345,9.188723908,8.084849049,7.289197215,True,True,True,True,True
US.DELL,DELL,戴尔科技,246.455,188.224,150.409,145.763,135.196,-6.642,104.7870712,263.98916,30.93707497,25.14144765,3.187365792,True,True,True,True,True
US.DFIHY,DFIHY,DFI RETAIL GROUP HOLDING LIMITED UNSPON ADR EA REP 5 COM USD0.055555,20.5,17.898,13.63,12.616,128.27,-4.651,8.980593157,21.49996329,14.5379372,31.31327953,8.037412809,True,True,True,True,True
US.DFKCY,DFKCY,大福库(ADR),24.08,19.786,17.91,17.261,114.616,-4.897,11.22003951,25.3199163,21.70221369,10.4745952,3.75992121,True,True,True,True,True
US.DFTC,DFTC,DEFENTECT GROUP INC,0.115,0.055,0.024,0.019,4007.142,-3.361,0.002800000584,0.1189995757,109.0909091,129.1666667,26.31578947,True,True,True,True,True
US.DFTX,DFTX,Definium Therapeutics,21.48,20.495,16.212,14.664,238.534,-18.171,6.345005228,26.24986252,4.806050256,26.4187022,10.55646481,True,True,True,True,True
US.DGICB,DGICB,多尼戈尔股份-B,18.87,17.67,16.525,16.15,40.461,-6.422,13.43433409,20.16499605,6.791171477,6.928895613,2.321981424,True,True,True,True,True
US.DGII,DGII,美国迪进国际,65.64,53.8,46.347,43.444,113.88,-5.973,30.6901066,69.8097355,22.00743494,16.08086823,6.682165546,True,True,True,True,True
US.DGXX,DGXX,Digi Power X,7.11,3.398,3.382,3.175,512.948,-22.715,1.159967893,9.199715339,109.2407298,0.4730928445,6.519685039,True,True,True,True,True
US.DHC,DHC,Diversified Healthcare Trust,8.61,7.357,5.892,5.403,193.314,-2.491,2.935420744,8.829954158,17.03139867,24.86422267,9.050527485,True,True,True,True,True
US.DHCNI,DHCNI,DIVERSIFIED HEALTHCARE TRUST 5.625% SR NT 01/08/2042,18.93,17.477,16.825,16.653,37.632,-0.642,13.75406882,19.05231587,8.31378383,3.875185736,1.032846934,True,True,True,True,True
US.DHCNL,DHCNL,DIVERSIFIED HEALTHCARE TRUST 6.25% SR NT 01/02/46 USD,19.825,18.487,17.9,17.71,33.662,-0.626,14.83218865,19.94988629,7.237518256,3.279329609,1.072840203,True,True,True,True,True
US.DHLGY,DHLGY,Deutsche Post AG,27.91,26.35,25.774,24.828,35.137,-5.019,20.65311499,29.38482433,5.920303605,2.234810274,3.810214274,True,True,True,True,True
US.DIMC,DIMC,DIMECO INC,52,48.492,43.862,41.919,49.425,-1.886,34.80006692,52.99957193,7.234182958,10.55583421,4.635129655,True,True,True,True,True
US.DINO,DINO,HF Sinclair,68.83,61.445,54.313,52.682,107.448,-7.31,33.17939917,74.25828029,12.01887867,13.13129453,3.095934095,True,True,True,True,True
US.DIOD,DIOD,Diodes,103.96,84.678,64.996,61.982,145.884,-11.748,42.28009956,117.7990301,22.77096767,30.2818635,4.862702075,True,True,True,True,True
US.DK,DK,Delek US,43.66,43.116,37.009,34.522,156.41,-11.797,17.02741703,49.49945013,1.261712589,16.50139155,7.204101732,True,True,True,True,True
US.DKILY,DKILY,大金工业(ADR),15.903,13.204,12.669,12.617,49.179,-2.677,10.66034764,16.3404334,20.44077552,4.222906307,0.4121423476,True,True,True,True,True
US.DKL,DKL,Delek Logistics Partners LP,51.65,50.595,47.132,45.673,41.283,-5.609,36.55783074,54.71919992,2.085186283,7.347449716,3.194447485,True,True,True,True,True
US.DLICY,DLICY,DAIICHI LIFE GROUP INC UNSP ADR EACH REPR 2 ORD,19.1,18.33,17.188,16.969,71.299,-17.352,11.15009428,23.11005711,4.200763775,6.644170351,1.290588721,True,True,True,True,True
US.DLR,DLR,数字房地产信托公司,192.675,188.15,171.597,170.411,32.658,-7.43,145.2419002,208.1397861,2.404996014,9.64643904,0.6959644624,True,True,True,True,True
US.DLTI,DLTI,DLT RESOLUTION INC,1.06,0.842,0.301,0.23,529900,-5.357,0.0002,1.119998309,25.89073634,179.7342193,30.86956522,True,True,True,True,True
US.DMFG,DMFG,DECKER MFG CORP,59.4,58.529,52.821,48.722,35.937,-11.573,43.69671245,67.17405317,1.488151173,10.8063081,8.413037232,True,True,True,True,True
US.DMLP,DMLP,多尔切斯特,27.435,27.114,24.196,24.036,37.959,-3.595,19.88634304,28.45806753,1.183890241,12.0598446,0.6656681644,True,True,True,True,True
US.DNKEY,DNKEY,丹麦银行,25.46,24.264,22.769,21.845,47.417,-3.748,17.2707354,26.45139841,4.929113089,6.565944925,4.22980087,True,True,True,True,True
US.DNLZY,DNLZY,DYNO NOBEL LTD,2.606,2.227,2.194,2.092,91.622,0,1.359969106,2.606,17.01841042,1.504102097,4.875717017,True,True,True,True,True
US.DNTH,DNTH,Dianthus Therapeutics,85.335,84.788,56.958,49.952,412.984,-11.572,16.63502176,96.50223911,0.645138463,48.86056392,14.02546445,True,True,True,True,True
US.DOCN,DOCN,DigitalOcean,159.445,95.269,65.203,57.292,523.806,-3.231,25.56002988,164.7686759,67.36294073,46.11137524,13.80821057,True,True,True,True,True
US.DOW,DOW,陶氏化学,38.66,38.352,29.587,27.858,97.371,-9.557,19.58747739,42.74515441,0.8030871923,29.62449725,6.206475698,True,True,True,True,True
US.DPMAY,DPMAY,DIPLOMA PLC UNSPON ADR EACH REP 0.25 OR,22.945,21.158,19.128,18.854,77.834,-11.648,12.90248209,25.9699837,8.445977881,10.61271435,1.453272515,True,True,True,True,True
US.DPNEY,DPNEY,达芙妮国际(ADR),0.982,0.489,0.44,0.439,161.902,0,0.3749494086,0.982,100.8179959,11.13636364,0.2277904328,True,True,True,True,True
US.DRH,DRH,DIAMONDROCK HOSPITALITY CO,10.505,9.91,9.202,8.863,50.099,-3.577,6.998714182,10.89470355,6.004036327,7.69397957,3.824889992,True,True,True,True,True
US.DRTS,DRTS,Alpha Tau Medical,10.235,7.618,6.149,5.519,264.234,-5.231,2.810006754,10.79994513,34.35284852,23.89006342,11.41511143,True,True,True,True,True
US.DSCSY,DSCSY,Disco(ADR),44.555,44.429,39.026,36.602,101.788,-15.918,22.08010387,52.98993839,0.2835985505,13.84461641,6.62258893,True,True,True,True,True
US.DSFGY,DSFGY,大新金融(ADR),14.35,11.955,9.418,8.756,71.245,-3.626,8.37980671,14.88990807,20.0334588,26.93777872,7.560529922,True,True,True,True,True
US.DSGN,DSGN,Design Therapeutics,14.68,12.186,9.946,8.861,344.175,-14.898,3.305003658,17.24988837,20.46610865,22.52161673,12.24466764,True,True,True,True,True
US.DSX,DSX,黛安娜船舶,2.76,2.513,2.131,2.016,104.417,-5.317,1.350181247,2.914990019,9.828889773,17.92585641,5.704365079,True,True,True,True,True
US.DTIL,DTIL,Precision BioSciences,8.11,6.71,5.566,5.408,129.745,-8.049,3.530000653,8.819914955,20.86438152,20.55335968,2.921597633,True,True,True,True,True
US.DTM,DTM,DT Midstream,147.17,137.649,125.272,120.095,53.249,-2.18,96.03325307,150.4498058,6.916868266,9.8801009,4.310753986,True,True,True,True,True
US.DVA,DVA,德维特,192.39,157.624,135.112,134.823,90.485,-5.081,101.0000787,202.6886082,22.05628584,16.66173249,0.2143551175,True,True,True,True,True
US.DX,DX,德尼克斯投资,13.205,13.044,13.037,12.594,31.422,-8.1,10.047785,14.36887922,1.234283962,0.05369333436,3.517548039,True,True,True,True,True
US.DXPE,DXPE,DXP Enterprises,152.54,149.305,128.637,126.218,101.822,-17.057,75.58145296,183.9094318,2.166705737,16.06691698,1.916525377,True,True,True,True,True
US.DY,DY,戴康工业,451.75,385.875,359.778,337.007,136.877,-2.812,190.7107908,464.8207598,17.07159054,7.253639745,6.756832944,True,True,True,True,True
US.E,E,埃尼石油,55.517,53.834,43.42,40.967,101.86,-4.28,27.50272466,57.99937317,3.126277074,23.98433901,5.987746235,True,True,True,True,True
US.EACO,EACO,EACO CORP,95.5,89.057,76.954,67.822,171.924,0,35.12010709,95.5,7.234692388,15.72757751,13.46465749,True,True,True,True,True
US.EATR,EATR,EASTERN ASTERIA INC,0.001,0.001,0.001,0.001,300,-14.285,0.00025,0.001166656945,0,0,0,True,True,True,True,True
US.EBCOY,EBCOY,荏原制作所(ADR),18.19,15.97,14.75,13.697,143.416,-7.146,7.47280376,19.58989381,13.9010645,8.271186441,7.68781485,True,True,True,True,True
US.EBMT,EBMT,Eagle Bancorp Montana,22.14,21.574,19.877,19.085,50.157,-7.538,14.74456735,23.94497199,2.623528321,8.53750566,4.149855908,True,True,True,True,True
US.ECG,ECG,Everus Construction,161.025,131,105.987,98.924,191.131,-6.15,55.31015247,171.5769845,22.91984733,23.60006416,7.139824512,True,True,True,True,True
US.ECLP,ECLP,ECLIPSE BANCORP INC,7.4,6.38,6.255,6.224,48,-14.844,5,8.689933769,15.98746082,1.998401279,0.4980719794,True,True,True,True,True
US.ECO,ECO,Okeanis Eco Tankers,54.24,50.934,41.252,37.425,174.92,-7.202,19.72937582,58.44953555,6.490752739,23.47037719,10.2257849,True,True,True,True,True
US.ECOR,ECOR,electroCore,6.52,6.446,5.88,5.728,56.73,-24.537,4.160020417,8.63999576,1.147998759,9.62585034,2.653631285,True,True,True,True,True
US.ECOX,ECOX,ECO INNOVATION GROUP INC,0.003,0.002,0.001,0.001,259900,-13.333,1.153846154e-06,0.003461525148,50,100,0,True,True,True,True,True
US.ECPG,ECPG,安可资本,82.24,75.924,60.473,55.801,130.525,-11.226,35.67508947,92.63973686,8.318845161,25.55024556,8.37260981,True,True,True,True,True
US.ECTM,ECTM,ECA MARCELLUS TRUST I,0.58,0.55,0.529,0.524,37.709,-6.451,0.4211779913,0.619995938,5.454545455,3.969754253,0.9541984733,True,True,True,True,True
US.ECVT,ECVT,Ecovyst,14.995,13.209,10.865,10.359,113.451,-0.299,7.025031506,15.03996951,13.52108411,21.57386102,4.884641375,True,True,True,True,True
US.EDAP,EDAP,EDAP TMS,4.15,3.685,3.339,3.001,242.975,-17.821,1.210000729,5.049951934,12.61872456,10.36238395,11.26291236,True,True,True,True,True
US.EDPFY,EDPFY,EDP S.A SPON ADR EACH REPR 10 ORD EUR1,51.602,50.359,47.513,46.398,41.816,-4.408,36.38658543,53.98150473,2.468277766,5.989939595,2.403120824,True,True,True,True,True
US.EDRVY,EDRVY,EDP RENOVAVEIS SA UNSP ADR EA REPR 2 ORD SHS EUR5,33.21,29.783,27.233,26.345,141.055,0,13.77693887,33.21,11.50656415,9.363639702,3.370658569,True,True,True,True,True
US.EDRY,EDRY,EuroDry,22.01,20.158,15.963,14.802,189.605,-8.215,7.600006906,23.97995315,9.187419387,26.27952139,7.843534657,True,True,True,True,True
US.EDVR,EDVR,ENDEAVOR BANCORP,17.7,16.593,15.227,14.528,32.96,-0.617,13.31227437,17.809887,6.671487977,8.970906942,4.811398678,True,True,True,True,True
US.EE,EE,Excelerate Energy,36.28,34.292,32.09,30.162,71.914,-15.782,21.10357504,43.07867677,5.7972705,6.861950763,6.392149062,True,True,True,True,True
US.EFGSY,EFGSY,EIFFAGE UNSP ADR EACH REPR 1/5 ORD,32.21,32.152,29.77,28.967,36.194,-9.471,23.65008738,35.57975897,0.1803931326,8.001343635,2.772119999,True,True,True,True,True
US.EFXT,EFXT,Enerflex,27.57,23.284,18.02,16.013,311.731,-5.42,6.696119554,29.14992599,18.40749012,29.21198668,12.53356648,True,True,True,True,True
US.EGHT,EGHT,8x8,2.235,2.037,2.019,2.015,43.269,-22.395,1.560002513,2.879969074,9.72017673,0.8915304606,0.1985111663,True,True,True,True,True
US.EGP,EGP,EastGroup Properties,203.185,193.41,184.128,178.665,30.888,-1.738,155.2357741,206.7788158,5.054030298,5.041058394,3.057677777,True,True,True,True,True
US.EGY,EGY,瓦可能源,6.015,5.981,4.676,4.452,100.671,-10.491,2.997443577,6.719994637,0.5684668116,27.90846878,5.031446541,True,True,True,True,True
US.EHAB,EHAB,Enhabit,13.795,13.762,11.096,10.265,113.214,-2.988,6.47002542,14.21989032,0.2397907281,24.02667628,8.095470044,True,True,True,True,True
US.EHLD,EHLD,Euroholdings,8.74,7.817,7.084,7.027,70.325,-0.228,5.131366505,8.759972738,11.80759882,10.34726143,0.811156966,True,True,True,True,True
US.EKTAY,EKTAY,ELEKTA UNSP ADR EACH REPR 1 ORD SEK0.00,6.046,5.999,5.736,5.51,42.029,-10.847,4.256877117,6.78160017,0.7834639107,4.585076709,4.101633394,True,True,True,True,True
US.ELA,ELA,Envela,23.77,17.198,13.638,12.012,345.966,-11.832,5.330002736,26.95989475,38.21374578,26.10353424,13.53646354,True,True,True,True,True
US.ELEZY,ELEZY,ENDESA SA UNSP ADR EA REPR 0.50 ORD SHS,21.496,21.292,19.132,18.148,52.412,-6.498,14.10387634,22.98988257,0.958106331,11.28998536,5.422085078,True,True,True,True,True
US.ELSE,ELSE,伊莱克森,7.63,5.554,4.827,4.801,103.466,-0.391,3.750012287,7.659950406,37.37846597,15.06111456,0.5415538429,True,True,True,True,True
US.ELVA,ELVA,Electrovaya,11.07,8.818,7.794,7.269,271.476,-6.818,2.980004092,11.87997682,25.5386709,13.13831152,7.222451506,True,True,True,True,True
US.ELVN,ELVN,Enliven Therapeutics,43.14,38.593,27.837,25.783,191.782,-11.106,14.78501073,48.52970954,11.78192937,38.63922118,7.966489547,True,True,True,True,True
US.EME,EME,EMCOR Group,923.26,805.304,721.277,698.288,105.251,-3.014,449.8199765,951.9518281,14.64738782,11.64975453,3.292194625,True,True,True,True,True
US.EMN,EMN,伊士曼化工,73.29,72.354,67.539,66.49,33.994,-11.138,54.69647895,82.47619905,1.293639605,7.129214232,1.577680854,True,True,True,True,True
US.EMYB,EMYB,EMBASSY BANCORP INC,20.29,19.705,18.112,17.353,41.706,-1.648,14.31837749,20.62998211,2.968789647,8.795273852,4.373883478,True,True,True,True,True
US.ENB,ENB,恩桥,56.045,53.865,49.204,48.181,40.608,-0.284,39.85904074,56.20462112,4.047154924,9.472807089,2.123243602,True,True,True,True,True
US.ENBP,ENBP,ENB FINACIAL CORP,25.5,24.911,22.666,21.339,60.867,-1.544,15.85160412,25.89989437,2.364417326,9.90470308,6.218660668,True,True,True,True,True
US.ENGGY,ENGGY,ENAGAS SA UNSP ADR EACH REP 0.50 ORD,9.635,9.396,8.458,8.205,38.507,-4.698,6.956327117,10.10996621,2.54363559,11.09009222,3.083485679,True,True,True,True,True
US.ENGIY,ENGIY,ENGIE SPON ADR EACH REPR 1 SHARE,31.97,31.32,27.497,25.752,66.043,-4.699,19.25404865,33.54634264,2.075351213,13.90333491,6.776172724,True,True,True,True,True
US.ENIC,ENIC,Enel Chile,4.305,4.108,3.944,3.814,45.172,-5.915,2.965447883,4.575649678,4.795520935,4.15821501,3.408495018,True,True,True,True,True
US.ENLAY,ENLAY,ENEL SPA UN SPON ADR EA REPR 1 ORD SHS,11.313,11.209,10.617,10.212,35.192,-6.773,8.368098704,12.13489654,0.9278258542,5.575963078,3.965922444,True,True,True,True,True
US.ENLT,ENLT,Enlight Renewable Energy,91.89,79.224,57.919,50.377,444.694,-4.281,16.87002243,95.99974927,15.98757952,36.78412956,14.97111777,True,True,True,True,True
US.ENPH,ENPH,Enphase Energy,47.39,37.424,36.411,36.336,83.86,-10.466,25.77504623,52.92961333,26.62997007,2.782126281,0.2064068692,True,True,True,True,True
US.ENS,ENS,艾诺斯,237.415,190.513,163.51,148.435,212.6,-0.613,75.94849648,238.8793303,24.61879242,16.51458626,10.15596052,True,True,True,True,True
US.ENTA,ENTA,Enanta Pharmaceuticals,13.82,13.629,13.338,12.141,149.009,-19.416,5.550000201,17.14980641,1.401423435,2.181736392,9.85915493,True,True,True,True,True
US.ENTG,ENTG,英特格,140.575,131.139,110.282,103.899,112.764,-11.61,66.07085785,159.0394841,7.195418602,18.91242451,6.143466251,True,True,True,True,True
US.ENVA,ENVA,易诺华,166.47,151.292,144.824,137.191,87.044,-5.778,89.00044909,176.6784827,10.03225551,4.466110589,5.563776049,True,True,True,True,True
US.EOG,EOG,EOG能源,136.22,136.119,117.583,116.841,36.412,-9.608,99.85924992,150.6991769,0.07419978107,15.7641836,0.6350510523,True,True,True,True,True
US.EPD,EPD,Enterprise Products,39.18,37.386,33.68,32.777,37.233,-0.101,28.54998433,39.21961181,4.798587707,11.00356295,2.754980627,True,True,True,True,True
US.EPOAY,EPOAY,EPIROC AB UNSPON ADS EACH REP 1 ORD SHS,29.64,26.522,24.848,23.819,52.654,-1.731,19.41645813,30.16210606,11.75627781,6.736960721,4.320080608,True,True,True,True,True
US.EPOR,EPOR,Epic Corp.,0,0,0,0,19900,0,0,0,,,,True,True,True,True,True
US.EQ,EQ,Equillium,2.42,2.055,1.558,1.513,796.296,-10.37,0.2700000893,2.699988843,17.76155718,31.89987163,2.974223397,True,True,True,True,True
US.EQFN,EQFN,EQUITABLE FINANCIAL CORP,17,16.032,14.554,14.102,41.078,0,12.05007159,17,6.037924152,10.15528377,3.205219118,True,True,True,True,True
US.EQIX,EQIX,易昆尼克斯,1081.04,1028.605,881.529,854.059,54.842,-4.22,698.1568308,1128.669868,5.09768084,16.68419303,3.216405424,True,True,True,True,True
US.EQNR,EQNR,Equinor,38.79,38.355,29.105,27.804,76.583,-10.741,21.96700702,43.45780257,1.134141572,31.78148085,4.679182851,True,True,True,True,True
US.EQUEY,EQUEY,EQUATORIAL SA SPON ADR EACH REP 1 ORD,8.13,7.969,6.95,6.554,40.977,-15.224,5.766898147,9.589978296,2.020328774,14.6618705,6.042111688,True,True,True,True,True
US.EQX,EQX,Equinox Gold,14.69,14.432,14.151,12.876,162.095,-22.449,5.60483794,18.94237341,1.787694013,1.98572539,9.902143523,True,True,True,True,True
US.ERIC,ERIC,爱立信,12.64,11.574,10.426,9.734,82.563,-1.634,6.92363732,12.84996849,9.210298946,11.0109342,7.109102116,True,True,True,True,True
US.ERO,ERO,Ero Copper,30.19,27.526,27.161,24.394,136.043,-24.143,12.79004249,39.79856836,9.678122502,1.343838592,11.34295319,True,True,True,True,True
US.ESCA,ESCA,Escalade,18.585,17.854,14.632,14.009,66.078,-12.828,11.19052493,21.31991924,4.0943206,22.02022963,4.447141124,True,True,True,True,True
US.ESEA,ESEA,Euroseas,71.7,68.298,60.437,59.74,100.93,-4.093,35.68406908,74.75992368,4.981112185,13.00693284,1.166722464,True,True,True,True,True
US.ESI,ESI,Element Solutions,44.215,37.016,30.933,29.502,114.384,-2.856,20.62420703,45.51490571,19.44834666,19.6650826,4.850518609,True,True,True,True,True
US.ESOA,ESOA,Energy Services of America,17.26,14.874,11.677,11.265,121.485,-13.44,7.792852789,19.93992606,16.04141455,27.37860752,3.657345761,True,True,True,True,True
US.ESP,ESP,Espey Manufacturing & Electronics,70.055,62.325,51.223,49.344,108.704,-6.306,33.56667817,74.76999594,12.40272764,21.67385745,3.807960441,True,True,True,True,True
US.ET,ET,Energy Transfer,20.385,18.919,17.378,17.136,32.812,-0.39,15.34876367,20.46481277,7.748823934,8.867533663,1.412231559,True,True,True,True,True
US.ETN,ETN,伊顿,407.83,385.41,362.509,361.721,32.266,-6.079,308.3407678,434.2266373,5.817181703,6.317360397,0.217847457,True,True,True,True,True
US.ETON,ETON,Eton Pharmaceutical,30.06,24.262,19.296,18.92,129.728,-6.963,13.0850397,32.30972624,23.89745281,25.73590381,1.987315011,True,True,True,True,True
US.ETR,ETR,安特吉,112.57,110.295,100.223,97.287,44.115,-4.96,78.11123061,118.4448653,2.062650165,10.04958942,3.017874947,True,True,True,True,True
US.EVC,EVC,超视野传播,8.9,3.963,3.157,2.945,430.775,-5.319,1.676793368,9.399985214,124.5773404,25.53056699,7.198641766,True,True,True,True,True
US.EVLI,EVLI,EVERLERT INC,0.051,0.015,0.009,0.007,5099900,-1.734,1e-06,0.05189994505,240,66.66666667,28.57142857,True,True,True,True,True
US.EVRG,EVRG,西星能源,82.45,81.885,77.827,76.209,31.148,-3.307,62.86790496,85.26987476,0.689992062,5.214128773,2.123108819,True,True,True,True,True
US.EWBC,EWBC,华美银行,120.62,113.698,110.491,108.565,40.181,-4.801,86.0458978,126.7030116,6.088057837,2.902498846,1.774052411,True,True,True,True,True
US.EWCZ,EWCZ,European Wax Center,5.82,5.789,4.615,4.537,79.629,-10.667,3.240011357,6.514949683,0.535498359,25.43878657,1.719197708,True,True,True,True,True
US.EWTX,EWTX,Edgewise Therapeutics,33.33,31.958,26.529,23.531,174.65,-16.491,12.13544511,39.91186579,4.293134739,20.46439745,12.74064001,True,True,True,True,True
US.EXEL,EXEL,伊克力西斯,50.99,44.177,42.974,41.87,51.059,-1.239,33.75502287,51.62969188,15.4220522,2.799367059,2.636732744,True,True,True,True,True
US.EXPD,EXPD,康捷国际物流,153.42,146.463,145.466,139.101,40.335,-8.236,109.3241173,167.1897476,4.750005121,0.685383526,4.57581182,True,True,True,True,True
US.EXSR,EXSR,EXCHANGE BANK SANTA ROSA(CA),148.69,144.424,127.494,121.505,52.223,-0.538,97.67906295,149.4942792,2.953802692,13.27905627,4.929015267,True,True,True,True,True
US.EZPW,EZPW,艾茨克普,32.84,28.96,23.445,21.768,155.564,-11.542,12.85001017,37.12496326,13.39779006,23.52313926,7.703969129,True,True,True,True,True
US.FABP,FABP,FARMERS BANCORP FRANKFORT INDS,48.25,47.872,41.799,39.545,40.269,-6.31,34.39819205,51.49962643,0.789605615,14.52905572,5.69983563,True,True,True,True,True
US.FACO,FACO,FIRST ACCEPTANCE CORPORATION,5.183,4.758,4.135,3.954,72.766,-3.661,3.000011576,5.379960348,8.932324506,15.06650544,4.577642893,True,True,True,True,True
US.FALC,FALC,飞康软件,2.71,2.35,1.82,1.808,201.077,-17.878,0.9001019673,3.29996834,15.31914894,29.12087912,0.6637168142,True,True,True,True,True
US.FANG,FANG,Diamondback Energy,200.33,191.177,164.683,158.501,55.446,-6.096,128.8743358,213.3348952,4.787709819,16.08787792,3.90029085,True,True,True,True,True
US.FANUY,FANUY,发那科(ADR),25.618,20.074,19.153,18.011,108.781,-6.98,12.27027364,27.54031391,27.61781409,4.808646165,6.340569652,True,True,True,True,True
US.FATE,FATE,Fate Therapeutics,1.945,1.42,1.277,1.226,113.736,-21.095,0.9100011229,2.464989544,36.97183099,11.1981206,4.159869494,True,True,True,True,True
US.FBAK,FBAK,FIRST NATIONAL BANK ALASKA,338.12,315.767,296.63,286.8,47.429,-0.844,229.3442945,340.9980233,7.078953786,6.45147153,3.427475593,True,True,True,True,True
US.FBIOP,FBIOP,FORTRESS BIOTECH INC 9.375% CUM RED PER PREF SER A USD25.00,13.68,13.663,10.813,10.138,118.181,-6.557,6.270023513,14.63994093,0.1244236259,26.35716267,6.658117972,True,True,True,True,True
US.FBLA,FBLA,FB Bancorp,14.08,13.743,13.075,12.771,31.465,-1.192,10.71007492,14.24985831,2.452157462,5.108986616,2.380393078,True,True,True,True,True
US.FBNC,FBNC,第一银行(北卡),58.36,56.817,54.511,53.911,48.61,-6.429,39.27057399,62.36975131,2.715736487,4.230338831,1.11294541,True,True,True,True,True
US.FBPA,FBPA,FARMERS BANK APPOMATTOX VA,30,26.973,23.777,22.968,35.514,0,22.13793409,30,11.22233344,13.44156117,3.522291884,True,True,True,True,True
US.FBPI,FBPI,FIRST BANCORP OF INDIANA INC,14.07,12.938,11.114,10.824,53.603,-6.2,9.159977344,15,8.749420312,16.41173295,2.679231338,True,True,True,True,True
US.FBSI,FBSI,FIRST BANCSHARES INC,32.94,31.525,27.172,26.407,38.884,-6.92,23.71763486,35.38891276,4.48850119,16.02016782,2.89695914,True,True,True,True,True
US.FBVI,FBVI,FCN BANC CORP,36,32.666,29.274,28.741,42.858,-3.355,25.1998488,37.24972839,10.20633074,11.58707385,1.854493581,True,True,True,True,True
US.FCAP,FCAP,First Capital,57.05,51.929,51.086,48.48,72.357,-19.114,33.09990311,70.53136513,9.86154172,1.650158556,5.375412541,True,True,True,True,True
US.FCBC,FCBC,第一社区银行股份,42.24,41.84,36.617,36.124,40.556,-6.341,30.05207889,45.09977685,0.9560229446,14.26386651,1.364743661,True,True,True,True,True
US.FCCO,FCCO,第一社区,29.46,29.381,28.886,28.31,38.294,-5.997,21.30244262,31.33942534,0.2688812498,1.713632902,2.034616743,True,True,True,True,True
US.FCEL,FCEL,燃料电池能源,20.345,9.324,8.465,7.844,438.227,-1.237,3.780003604,20.59981977,118.2003432,10.14766686,7.916879143,True,True,True,True,True
US.FCELB,FCELB,FUELCELL ENERGY INC 5% CNV PREF PERP SER'B',406,381.619,341.747,324.404,58.189,-10.769,256.6550139,454.9988233,6.388832841,11.66711046,5.346111639,True,True,True,True,True
US.FCFS,FCFS,第一富金融服务,226.905,204.209,178.137,169.628,91.871,-3.841,118.2591429,235.9685521,11.11410369,14.63592628,5.016270899,True,True,True,True,True
US.FCX,FCX,麦克莫兰铜金,66.155,61.152,54.416,51.306,89.77,-6.777,34.86062075,70.96424702,8.181253271,12.37871214,6.0616692,True,True,True,True,True
US.FDX,FDX,联邦快递,378.12,369.364,320.393,297.13,80.237,-6.457,209.7904426,404.2205189,2.370561289,15.28466602,7.829232996,True,True,True,True,True
US.FEIM,FEIM,高频电子,60.1,51.939,46.382,42.492,243.232,-7.524,17.51002238,64.9898352,15.71266293,11.98094088,9.154664407,True,True,True,True,True
US.FELTY,FELTY,富士电机(ADR),24.43,19.013,18.548,17.944,129.174,-3.781,10.66002252,25.38999574,28.49103245,2.507008842,3.366027642,True,True,True,True,True
US.FER,FER,Ferrovial SE,68.08,67.459,66.793,63.883,37.252,-8.971,49.60219159,74.78935284,0.9205591544,0.9971104756,4.55520248,True,True,True,True,True
US.FF,FF,FutureFuel,4.215,4.207,3.753,3.745,40.801,-17.675,2.993586693,5.119951412,0.1901592584,12.09698908,0.2136181575,True,True,True,True,True
US.FFBC,FFBC,第一金融银行,30.19,28.74,26.882,26.385,35.472,-3.299,22.28504783,31.21994602,5.045233125,6.911688118,1.883646011,True,True,True,True,True
US.FFDF,FFDF,FFD FINANCIAL CORP,46.2,44.053,38.629,37.218,44.895,0,31.88515822,46.2,4.873674892,14.04126434,3.791176313,True,True,True,True,True
US.FFIC,FFIC,法拉盛金融,15.67,15.494,15.181,14.56,49.155,-9.402,10.50584962,17.29618755,1.135923583,2.061787761,4.26510989,True,True,True,True,True
US.FFMH,FFMH,FIRST FMRS & MERCHANTS CORP,57,51.944,45.555,42.836,59.387,0,35.76201321,57,9.733559218,14.02480518,6.347464749,True,True,True,True,True
US.FFWC,FFWC,FFW CORP,50.5,46.935,41.361,39.163,34.171,0,37.6385359,50.5,7.595610951,13.47646334,5.612440314,True,True,True,True,True
US.FGMCR,FGMCR,FG MERGER II CORP COM USD0.0001 11/02/2030 (SUBS/RTS),0.72,0.534,0.494,0.443,300.055,-3.986,0.1799752534,0.7498906409,34.83146067,8.097165992,11.51241535,True,True,True,True,True
US.FHRT,FHRT,FIRST HARTFORD CORP,31.4,24.929,18.311,15.97,96.988,-17.15,15.94005726,37.89981895,25.95771992,36.1422096,14.65873513,True,True,True,True,True
US.FIBH,FIBH,FIRST BANCSHARES INC OHIO,41.1,40.839,31.506,29.114,75.751,-12.976,23.38535769,47.2283508,0.6390949827,29.62292897,8.215978567,True,True,True,True,True
US.FIBK,FIBK,First Interstate BancSystem,34.44,33.757,33.671,32.79,41.106,-10.169,24.40718325,38.33865815,2.02328406,0.2554126697,2.686794754,True,True,True,True,True
US.FIDS,FIDS,FNB INC,26.5,24.31,21.56,20.534,36.27,-1.851,19.44668672,26.99976566,9.00863842,12.75510204,4.99659102,True,True,True,True,True
US.FINN,FINN,FIRST NATIONAL OF NEBRASKA INC,18000,16641.624,14127.496,13501.901,56.801,-6.735,11479.51863,19299.84453,8.162520677,17.79599159,4.633384588,True,True,True,True,True
US.FIRRY,FIRRY,第一拖拉机股份(ADR),9.5,5.185,4.143,4.004,164.822,-22.472,3.587315253,12.2536374,83.22082932,25.15085687,3.471528472,True,True,True,True,True
US.FISI,FISI,金融机构,34.3,32.896,31.325,29.972,45.034,-3.921,23.64962698,35.69978872,4.267996109,5.015163607,4.514213266,True,True,True,True,True
US.FIX,FIX,美国舒适系统,2037.43,1606.013,1236.572,1112.626,351.552,-1.762,451.2060626,2073.973412,26.86260946,29.87622233,11.13995179,True,True,True,True,True
US.FJIKY,FJIKY,FUJIKURA UNSPON ADS EACH REP 0.5 ORD SHS,19.5,16.731,12.556,11.242,629.881,-23.976,2.671668395,25.6497948,16.55011655,33.25103536,11.68831169,True,True,True,True,True
US.FJTNY,FJTNY,富士传媒(ADR),12.55,11.465,11.116,10.377,88.721,-4.417,6.650028349,13.12994989,9.463584823,3.139618568,7.121518743,True,True,True,True,True
US.FKKFY,FKKFY,FUKUOKA FINANCIAL GROUP INC. UNSPON ADS EACH REP 0.5 ORD SHS,20.36,19.913,17.666,16.89,69.384,-14.954,12.0200255,23.93998542,2.244764727,12.7193479,4.594434577,True,True,True,True,True
US.FLEX,FLEX,伟创力,143.69,83.345,69.726,65.865,257.871,-2.477,40.15133945,147.3396019,72.40386346,19.53216877,5.861990435,True,True,True,True,True
US.FLG,FLG,纽约社区银行,13.715,13.514,12.844,12.645,32.438,-8.076,10.35578912,14.91993386,1.487346456,5.216443476,1.573744563,True,True,True,True,True
US.FLNG,FLNG,Flex LNG,32.04,30.726,26.951,26.177,61.677,-4.071,19.81729003,33.39970186,4.276508494,14.00690141,2.956794132,True,True,True,True,True
US.FLOC,FLOC,Flowco Holdings,26.95,23.279,20.174,19.1,93.75,-1.749,13.90967742,27.42974626,15.76957773,15.39109745,5.623036649,True,True,True,True,True
US.FLXS,FLXS,Flexsteel Industries,55.73,48.932,44.072,43.703,93.279,-6.631,28.83396541,59.68790498,13.89274912,11.02740969,0.8443356291,True,True,True,True,True
US.FLYW,FLYW,Flywire,16.43,13.309,13.288,13.145,64.927,-8.947,9.96198318,18.04443566,23.45029679,0.1580373269,1.087866109,True,True,True,True,True
US.FMBL,FMBL,FARMERS & MERCHANTS BANK (CALIF),8500,8349.252,8129.128,7680.053,56.535,-0.83,5430.095506,8571.140466,1.80552701,2.707842711,5.847290377,True,True,True,True,True
US.FMBM,FMBM,F&M BANK CORP,34.4,31.615,28.987,27.308,84.437,-1.007,18.65135521,34.74993181,8.8091096,9.066133094,6.148381427,True,True,True,True,True
US.FMCB,FMCB,FARMERS & MERCHANTS BANCORP CA,1315,1200.48,1121.838,1097.327,35.953,-1.153,967.2460336,1330.338806,9.539517526,7.010103063,2.23370062,True,True,True,True,True
US.FMX,FMX,FEMSA,121.53,112.272,103.204,98.72,55.029,-3.325,78.39178476,125.7098526,8.246045319,8.786481144,4.542139384,True,True,True,True,True
US.FN,FN,Fabrinet,726.8,609.132,513.253,471.498,226.409,-1.087,222.665429,734.7871362,19.31732367,18.68065067,8.855816992,True,True,True,True,True
US.FNB,FNB,F.N.B. Corp,17.395,17.102,16.886,16.601,32.61,-8.446,13.11741196,18.99971601,1.713249912,1.279166173,1.71676405,True,True,True,True,True
US.FNBKY,FNBKY,FINECOBANK SPA UNSP ADR EACH REP 2 ORD SHS,52,49.954,41.721,38.462,41.865,-4.936,36.65456596,54.69999158,4.095768107,19.73346756,8.47329832,True,True,True,True,True
US.FNKO,FNKO,Funko,4.995,4.073,3.715,3.617,125,-17.98,2.22,6.089978054,22.63687699,9.636608345,2.709427703,True,True,True,True,True
US.FNRN,FNRN,FIRST NORTHERN COMMUNITY BANCORP,17.8,15.588,13.768,13.069,92.68,-1.056,9.238115009,17.98997413,14.19040287,13.21905869,5.3485347,True,True,True,True,True
US.FOLD,FOLD,爱美医疗 (已退市),14.49,14.403,12.139,10.88,162.976,-0.068,5.510008518,14.4998599,0.6040408248,18.6506302,11.57169118,True,True,True,True,True
US.FONR,FONR,福纳,18.855,18.67,17.219,16.792,45.038,-0.501,13.00004137,18.9499392,0.9908944831,8.426737906,2.542877561,True,True,True,True,True
US.FORM,FORM,FormFactor,128.73,118.008,82.331,69.712,393.596,-19.083,26.08003306,159.088943,9.08582469,43.33361674,18.10161809,True,True,True,True,True
US.FOTB,FOTB,FIRST OTTAWA BANCSHARES INC,211.33,195.629,168.46,157.227,57.234,-10.083,134.4047725,235.027859,8.02590618,16.12786418,7.144447201,True,True,True,True,True
US.FR,FR,第一工业地产,61.76,60.53,58.101,55.96,33.96,-4.484,46.10331442,64.65932409,2.032050223,4.180650935,3.825947105,True,True,True,True,True
US.FRAF,FRAF,富兰克林金融服务,56.135,53.488,50.729,49.046,72.713,-5.873,32.50189621,59.63751102,4.948773557,5.4387037,3.431472495,True,True,True,True,True
US.FRCOY,FRCOY,迅销(ADR),45.36,43.425,39.853,37.848,55.076,-8.805,29.25017411,49.73956906,4.455958549,8.9629388,5.297505813,True,True,True,True,True
US.FRFC,FRFC,FIRST ROBINSON FINANCIAL CORP,66.66,60.213,46.705,43.662,71.295,-1.463,38.91532152,67.64971534,10.70699018,28.92195696,6.969447116,True,True,True,True,True
US.FRGAP,FRGAP,FRANCHISE GROUP INC 7.50% CUM PERPETUAL PFD STK SER A,25.15,24.623,22.853,22.341,33.57,0,18.82907839,25.15,2.140275352,7.745153809,2.291750593,True,True,True,True,True
US.FRO,FRO,Frontline,37.293,35.083,28.37,26.353,142.618,-5.706,15.37107717,39.54970624,6.299347262,23.66231935,7.653777559,True,True,True,True,True
US.FRSB,FRSB,FIRST RESOURCE BANCORP INC,22.28,21.276,18.946,17.837,50.514,-0.977,14.80260972,22.49982327,4.71893213,12.29811042,6.217413242,True,True,True,True,True
US.FRST,FRST,Primis Financial,14.13,13.606,12.64,12.153,58.83,-4.959,8.896304225,14.86726781,3.851242099,7.642405063,4.00724101,True,True,True,True,True
US.FRT,FRT,FRT信托,114.46,108.741,102.334,100.412,31.483,-2.354,87.05307911,117.2193433,5.259285826,6.260871265,1.914113851,True,True,True,True,True
US.FSBC,FSBC,Five Star Bancorp,40.86,38.993,37.159,35.7,59.885,-3.014,25.55586828,42.12979193,4.788038879,4.935547243,4.086834734,True,True,True,True,True
US.FSEA,FSEA,First Seacoast,16.7,13.052,12.612,12.336,64.856,-0.595,10.13005289,16.79995976,27.9497395,3.488740882,2.237354086,True,True,True,True,True
US.FSM,FSM,Fortuna Silver Mines,10.39,10.21,10.006,9.443,93.843,-24.981,5.360007841,13.84982471,1.762977473,2.038776734,5.962088319,True,True,True,True,True
US.FSMK,FSMK,1ST SUMMIT BANCORP JOHNSTOWN INC,38.35,37.765,33.114,30.618,60.393,-4.125,23.91002101,40,1.549053356,14.04541886,8.152067411,True,True,True,True,True
US.FSRL,FSRL,FIRST RELIANCE BANCSHARES INC,15.58,14.534,13.127,12.251,73.111,-8.352,9.000005777,16.99982542,7.196917573,10.71836673,7.150436699,True,True,True,True,True
US.FSTR,FSTR,LB福斯特,40.6,31.225,29.3,28.319,123.322,-4.537,18.18002705,42.52956643,30.02401922,6.56996587,3.464105371,True,True,True,True,True
US.FSUGY,FSUGY,福蒂斯丘金属,33.22,28.843,28.079,27.015,90.565,-0.648,17.43237216,33.43666962,15.17525916,2.720894619,3.938552656,True,True,True,True,True
US.FTAI,FTAI,FTAI Aviation,260.546,248.724,224.767,207.677,142.056,-19.189,107.6387282,322.4140278,4.753059616,10.65859312,8.229125036,True,True,True,True,True
US.FTFI,FTFI,FIRST BERLIN BANCORP INC,36.5,34.785,29.363,26.299,46.201,-3.947,24.96562951,37.99985425,4.930286043,18.46541566,11.6506331,True,True,True,True,True
US.FTI,FTI,德希尼布FMC,73.24,70.423,55.978,51.354,154.548,-5.836,28.77256942,77.77919375,4.000113599,25.80478045,9.004167153,True,True,True,True,True
US.FTK,FTK,Flotek工业,20.28,16.725,16.516,15.588,85.205,-1.361,10.95002835,20.55981914,21.25560538,1.265439574,5.953297408,True,True,True,True,True
US.FTNT,FTNT,飞塔信息,120.74,86.898,83.338,83.188,72.19,-0.099,70.12021604,120.8596511,38.94450965,4.271760781,0.1803144684,True,True,True,True,True
US.FUNC,FUNC,马里兰第一联合,37.22,36.978,36.955,36.475,36.653,-10.053,27.23687003,41.37992373,0.6544431824,0.06223785685,1.315969842,True,True,True,True,True
US.FUSB,FUSB,First US Bancshares,16,15.564,14.398,13.811,57.779,-3.03,10.14076652,16.49994844,2.801336417,8.098346993,4.25023532,True,True,True,True,True
US.FUWAY,FUWAY,古河电气工业(ADR),183.77,120.798,67.574,56.696,956.149,-1.679,17.40000701,186.9081885,52.13000215,78.76402167,19.18653873,True,True,True,True,True
US.FVCB,FVCB,FVCBankcorp,15.52,15.255,14.19,13.871,41.935,-15.32,10.93458273,18.32782239,1.737135365,7.505285412,2.299762094,True,True,True,True,True
US.FVR,FVR,FrontView REIT,17.83,16.645,15.446,14.726,75.474,-3.569,10.1610495,18.4899047,7.119255032,7.762527515,4.889311422,True,True,True,True,True
US.FXCNY,FXCNY,富智康集团(ADR),35,15.704,12.112,11.66,365.301,0,7.522012633,35,122.8731533,29.65653897,3.876500858,True,True,True,True,True
US.FXLG,FXLG,F S BANCORP(LAGRANGE),46.15,43.583,40.035,37.924,38.45,0,33.33333333,46.15,5.889911204,8.862245535,5.56639595,True,True,True,True,True
US.GAIN,GAIN,格拉德斯通投资,16.58,15.087,14.05,13.891,31.048,-3.267,12.65185276,17.13996258,9.895936899,7.380782918,1.144626017,True,True,True,True,True
US.GALDY,GALDY,GALDERMA GROUP AG UNSP ADS EACH REPR 0.2 ORD SHS,40.664,39.528,38.876,37.75,70.859,-7.707,23.79974131,44.0596795,2.873912164,1.677127276,2.982781457,True,True,True,True,True
US.GARPY,GARPY,GOLDEN AGRI RESOURCES UNSP ADR EACH REP 100 ORD,23.261,21.879,20.01,19.841,43.946,-1.025,16.15953205,23.50189442,6.316559258,9.340329835,0.8517715841,True,True,True,True,True
US.GASS,GASS,斯蒂加斯海运,10.26,9.529,8.031,7.774,96.551,-2.471,5.220019232,10.51994791,7.671319131,18.65272071,3.305891433,True,True,True,True,True
US.GCO,GCO,格涅斯科,31.98,30.778,29.662,29.597,62.996,-17.894,19.62011338,38.94965045,3.905386965,3.762389589,0.2196168531,True,True,True,True,True
US.GDEN,GDEN,黄金娱乐(已退市),28.55,27.82,26.577,26.236,48.56,-10.246,19.21782445,31.80916728,2.624011503,4.676976333,1.299740814,True,True,True,True,True
US.GDNGY,GDNGY,GUDANG GARAM TBK UNSPN ADR EACH REPR 4 ORD S,3.73,3.516,2.942,2.755,91.282,-12.441,1.950000523,4.259984696,6.086461889,19.51053705,6.787658802,True,True,True,True,True
US.GDS,GDS,万国数据,44.825,42.702,39.489,38.656,99.023,-7.755,22.52252252,48.5934197,4.971664091,8.13644306,2.154904801,True,True,True,True,True
US.GEV,GEV,GE Vernova,1082.44,961.557,765.278,729.179,157.206,-8.447,420.8455479,1182.3097,12.57158962,25.64806515,4.950636264,True,True,True,True,True
US.GFF,GFF,格里丰,85.81,80.471,79.055,78.266,32.722,-11.835,64.65393831,97.328872,6.634688273,1.791158055,1.00810058,True,True,True,True,True
US.GFLU,GFLU,GFL ENVIRONMENTAL INC TANGIBLE EQUITY UNITS,70.3,68.334,63.356,62.61,34.488,-4.643,52.27232169,73.72295689,2.877045102,7.857187954,1.191502955,True,True,True,True,True
US.GFS,GFS,GlobalFoundries,73.926,53.674,43.963,41.425,134.612,-3.966,31.50989719,76.97898661,37.73149011,22.08902941,6.126735063,True,True,True,True,True
US.GGB,GGB,盖尔道钢铁,4.735,4.02,3.843,3.631,86.349,-4.919,2.540931263,4.979964451,17.78606965,4.605776737,5.838611953,True,True,True,True,True
US.GGDVY,GGDVY,粤海投资(ADR),51.59,48.958,45.792,43.876,40.429,-1.3,36.73742603,52.26950355,5.376036603,6.913871419,4.366852038,True,True,True,True,True
US.GHIFF,GHIFF,GAMEHOST INC,9.8,8.643,7.76,7.508,53.834,0,6.37050327,9.8,13.38655559,11.37886598,3.356419819,True,True,True,True,True
US.GHM,GHM,Graham,99.56,88.93,74.635,68.811,177.712,-3.829,35.8500893,103.5239313,11.95322163,19.1532123,8.463763061,True,True,True,True,True
US.GHRS,GHRS,GH Research,21.93,17.261,15.43,14.878,105.722,-11.07,10.66001692,24.65984482,27.04941776,11.86649384,3.710176099,True,True,True,True,True
US.GIII,GIII,G-III服装集团,29.85,29.183,29.149,28.379,47.851,-13.7,20.18924458,34.58864426,2.28557722,0.1166420803,2.7132739,True,True,True,True,True
US.GKOS,GKOS,Glaukos,140.095,117.469,109.064,103.785,91.491,-4.534,73.1600963,146.7485806,19.2612519,7.706484266,5.086476851,True,True,True,True,True
US.GL,GL,Globe Life,154.315,145.985,140.439,140.21,33.026,-1.515,116.0036384,156.6888359,5.706065692,3.949045493,0.1633264389,True,True,True,True,True
US.GLBS,GLBS,Globus Maritime,2.071,1.996,1.687,1.531,109.151,-15.139,0.9901936878,2.440461461,3.75751503,18.31653823,10.18941868,True,True,True,True,True
US.GLNCY,GLNCY,嘉能可(ADR),15.93,14.582,12.24,11.205,134.542,-0.685,6.791960502,16.03987313,9.244273762,19.13398693,9.236947791,True,True,True,True,True
US.GLNG,GLNG,Golar LNG,57.4,52.482,43.744,42.986,64.781,-0.674,34.83411316,57.78950124,9.370831904,19.9753109,1.763364816,True,True,True,True,True
US.GLRE,GLRE,绿光资本再保公司,17.37,17.323,14.775,14.286,50.193,-10.395,11.56511955,19.38507896,0.271315592,17.24534687,3.422931541,True,True,True,True,True
US.GLSI,GLSI,Greenwich LifeSciences,26.78,24.727,19.667,17.601,244.215,-21.466,7.780021208,34.09988031,8.302665103,25.72837749,11.73796943,True,True,True,True,True
US.GLU.PRA,GLU.PRA,GABELLI GLOBAL UTILITY & INCOME TR 6% CUM PREF A(PUT&CALL),55.5,51.667,48.217,47.228,34.563,-1.633,41.24462148,56.42136082,7.418661815,7.155152747,2.094096722,True,True,True,True,True
US.GLW,GLW,康宁,206.8,155.798,117.384,105.966,342.863,-2.356,46.6961566,211.7897669,32.73597864,32.72507326,10.77515429,True,True,True,True,True
US.GLYYY,GLYYY,GLORY LTD UNSP ADR REP 1 ORD,25.346,22.848,20.041,20.019,56.357,-8.959,16.21033916,27.84020386,10.93312325,14.00628711,0.1098955992,True,True,True,True,True
US.GM,GM,通用汽车,77.79,76.098,75.843,71.143,67.855,-11.008,46.34357034,87.41235167,2.223448711,0.3362208773,6.606412437,True,True,True,True,True
US.GNENY,GNENY,GANFENG LITHIUM GROUP CO LTD UNSPON EACH ADS REP 1 ORD SHS,9.85,9.454,7.84,6.896,359.138,-17.087,2.145324499,11.87992233,4.188703194,20.58673469,13.68909513,True,True,True,True,True
US.GNK,GNK,根科船务贸易,25.025,23.397,20.215,19.333,105.865,-8.165,12.15602458,27.24995917,6.958157029,15.74078654,4.562147623,True,True,True,True,True
US.GNRC,GNRC,Generac,270.9,219.799,187.793,186.856,129.401,-0.974,118.0901565,273.5645184,23.24896838,17.04323377,0.5014556664,True,True,True,True,True
US.GOOG,GOOG,谷歌-C,396.95,328.923,311.934,290.026,143.576,-0.747,162.9676159,399.9375334,20.6817401,5.446344419,7.553805521,True,True,True,True,True
US.GOOGL,GOOGL,谷歌-A,400.895,330.811,312.194,290.056,148.023,-0.694,161.6362192,403.6966548,21.18551076,5.963279243,7.632319276,True,True,True,True,True
US.GOVB,GOVB,GOUVERNEUR BANCORP INC,18.7,17.644,15.068,14.343,57.195,-4.865,11.89605267,19.65627792,5.985037406,17.09583223,5.054730531,True,True,True,True,True
US.GPRE,GPRE,绿色平原能源,16.73,16.266,12.828,11.943,321.41,-11.668,3.970005458,18.93990853,2.852575925,26.80074836,7.410198443,True,True,True,True,True
US.GPRK,GPRK,GeoPark,9.83,9.274,8.182,7.727,72.236,-4.886,5.707285353,10.33496646,5.995255553,13.34637008,5.888443122,True,True,True,True,True
US.GRC,GRC,Gorman-Rupp,76.055,67.668,56.744,53.322,120.045,-4.381,34.56338476,79.53963124,12.39433706,19.25137459,6.417613743,True,True,True,True,True
US.GRDN,GRDN,Guardian Pharmacy Services,36.745,36.347,32.13,30.377,91.679,-11.158,19.1700708,41.35994237,1.095000963,13.12480548,5.770813444,True,True,True,True,True
US.GS,GS,高盛,973.85,879.035,865.056,836,70.648,-0.581,570.6776522,979.541134,10.78625993,1.615964747,3.475598086,True,True,True,True,True
US.GSAT,GSAT,全球星,82.18,72.094,63.063,55.136,362.725,-0.987,17.76000864,82.99920212,13.99006852,14.32060003,14.37717644,True,True,True,True,True
US.GSBX,GSBX,GOLDEN STATE BANCORP,37.2,32.939,27.79,26.147,55,-1.898,24,37.91971621,12.93603327,18.52824757,6.283703675,True,True,True,True,True
US.GSL,GSL,环球租船,41.695,39.005,35.698,34.123,85.359,-2.353,22.49418696,42.69972452,6.896551724,9.263824304,4.61565513,True,True,True,True,True
US.GTE,GTE,Gran Tierra Energy,9.1,8.5,5.969,5.501,194.498,-6.571,3.090004007,9.740016483,7.058823529,42.40241246,8.507544083,True,True,True,True,True
US.GTPS,GTPS,GREAT AMERICAN BANCORP INC,72,67.886,56.76,52.019,42.851,-7.692,50.40216729,77.99974,6.060159679,19.60183228,9.113977585,True,True,True,True,True
US.GTX,GTX,Garrett Motion,32.045,20.791,18.443,17.087,239.371,-1.217,9.442468567,32.43979227,54.12919052,12.7311175,7.93585767,True,True,True,True,True
US.GVA,GVA,花岗岩建筑,141.89,126.725,119.009,115.887,68.829,-2.144,84.0436181,144.9987737,11.96685737,6.483543261,2.694003641,True,True,True,True,True
US.GVYB,GVYB,GOLDEN VY BANCSHARES INC,23,21.57,18.443,17.609,48.68,-6.244,15.46946462,24.5317633,6.629578118,16.95494225,4.736214436,True,True,True,True,True
US.GWW,GWW,美国固安捷,1280.485,1131.01,1057.627,1037.327,41.813,-0.364,902.9390817,1285.162993,13.21606352,6.938457509,1.956952822,True,True,True,True,True
US.GZPZY,GZPZY,GTT (GAZTRANSPORT ET TECHNIGAZ) SPON ADR EA REP 0.20 ORD SHS,48.15,43.017,35.666,33.639,90.297,-0.268,25.30255338,48.27938876,11.93249181,20.61066562,6.025743928,True,True,True,True,True
US.HACBY,HACBY,八十二银行(ADR),27.393,23.782,19.739,18.092,169.616,0,10.16000534,27.393,15.18375242,20.48229394,9.103471147,True,True,True,True,True
US.HAFC,HAFC,韩美金融,29.28,27.469,26.924,26.105,39.755,-5.667,20.95094988,31.03897894,6.592886527,2.024216313,3.137330013,True,True,True,True,True
US.HAFN,HAFN,Hafnia,8.702,8.013,6.613,6.36,90.157,-8.736,4.576218598,9.534975456,8.598527393,21.1704219,3.977987421,True,True,True,True,True
US.HAL,HAL,哈里伯顿,41.43,38.334,32.379,29.825,119.637,-2.425,18.86294204,42.45964643,8.07638128,18.39155008,8.563285834,True,True,True,True,True
US.HALMY,HALMY,HALMA UNSPON ADS EACH REP 2 ORD SHS,126.79,112.757,102.523,99.458,63.955,-0.659,77.33219481,127.6310889,12.44534707,9.982150347,3.081702829,True,True,True,True,True
US.HARL,HARL,HARLEYSVILLE FINANCIAL CORP,27.75,26.93,25.124,24.321,33.035,-1.42,20.8591724,28.14972611,3.044931303,7.188345805,3.301673451,True,True,True,True,True
US.HAS,HAS,孩之宝,95.9,93.539,87.367,84.588,51.866,-9.739,63.14777501,106.247438,2.524080865,7.064452253,3.285335981,True,True,True,True,True
US.HASI,HASI,HA Sustainable Infrastructure,41.165,38.687,34.593,32.721,78.777,-6.718,23.02589259,44.12962844,6.40525241,11.83476426,5.721096544,True,True,True,True,True
US.HBCP,HBCP,Home Bancorp,63.13,61.692,58.688,57.396,34.478,-4.108,46.94448163,65.83448046,2.330934319,5.118593239,2.251027946,True,True,True,True,True
US.HBIS,HBIS,HOME BISTRO INC,0,0,0,0,19900,0,0,0,,,,True,True,True,True,True
US.HBM,HBM,Hudbay Minerals,27.485,22.765,21.064,18.905,242.172,-4.335,8.032509966,28.73046569,20.73358225,8.07538929,11.42025919,True,True,True,True,True
US.HBSI,HBSI,HIGHLANDS BANKSHARES INC (WV),45.5,42.723,35.509,33.939,44.124,0,31.57003691,45.5,6.500011703,20.31597623,4.625946551,True,True,True,True,True
US.HCBC,HCBC,HIGH COUNTRY BANCORP INC,38.15,36.151,33.21,31.906,39.607,-2.617,27.32670998,39.17521539,5.529584244,8.855766335,4.087005579,True,True,True,True,True
US.HCBN,HCBN,HCB FINANCIAL CORPORATION,69.1,55.94,41.931,38.974,115.939,-4.027,31.99977772,71.9994165,23.52520558,33.40964919,7.587109355,True,True,True,True,True
US.HCKG,HCKG,HOCKING VALLEY BANCSHARES INC,28.95,27.551,22.688,21.502,43.889,-3.144,20.11967558,29.88973321,5.077855613,21.43423836,5.515765975,True,True,True,True,True
US.HCSG,HCSG,Healthcare Services Group,21.535,20.206,19.307,18.347,70.102,-11.705,12.66005103,24.38982955,6.577254281,4.656342259,5.232463073,True,True,True,True,True
US.HCXLY,HCXLY,HISCOX UNSP ADR EACH REP 2 ORD,45.03,42.823,39.112,38.124,53.311,-5.583,29.37166935,47.69268246,5.153772505,9.488136633,2.591543385,True,True,True,True,True
US.HDUP,HDUP,HEADSUP ENTERTAINMENT INTL INC,0.022,0.007,0.006,0.006,528.571,0,0.003500002386,0.022,214.2857143,16.66666667,0,True,True,True,True,True
US.HFBA,HFBA,HFB FINANCIAL CORP,33.75,29.886,27.626,27.309,43.963,-0.937,23.44352368,34.06922867,12.9291307,8.180699341,1.160789483,True,True,True,True,True
US.HFBL,HFBL,Home Federal Bancorp,19.75,18.333,17.173,16.17,65.917,-2.709,11.90354213,20.29992497,7.729231441,6.754789495,6.202844774,True,True,True,True,True
US.HG,HG,Hamilton Insurance,31.05,30.39,27.072,25.837,62.951,-7.904,19.05480789,33.71481932,2.171767029,12.25620567,4.779966714,True,True,True,True,True
US.HGKGY,HGKGY,电能实业(ADR),8.56,8.102,7.399,7.152,49.629,-0.395,5.720816152,8.593946087,5.652925204,9.501283957,3.453579418,True,True,True,True,True
US.HHULY,HHULY,HAMBURGER HAFEN UND LOGISTIK AG UNSPON ADR EA REPR 0.5 ORD SHS,12.21,11.57,9.795,9.552,60.622,-3.82,7.601698397,12.69494697,5.531547105,18.12149056,2.543969849,True,True,True,True,True
US.HIMX,HIMX,奇景光电,20.74,10.856,9.117,8.91,202.773,-4.862,6.850016349,21.79991171,91.04642594,19.07425688,2.323232323,True,True,True,True,True
US.HLDCY,HLDCY,恒基地产(ADR),4.324,3.953,3.856,3.751,56.047,-3.701,2.770960031,4.490181622,9.385277005,2.515560166,2.799253532,True,True,True,True,True
US.HLFN,HLFN,HOME LOAN FINANCIAL CORP,43,39.985,34.546,33.216,40.68,-5.805,30.56582314,45.64998142,7.540327623,15.74422509,4.004094412,True,True,True,True,True
US.HLIO,HLIO,Helios Technologies,77.73,67.649,62.355,59.575,172.003,-2.837,28.5768907,79.99958832,14.90192021,8.490097025,4.666386907,True,True,True,True,True
US.HLIT,HLIT,谐波,13.415,10.299,10.164,10.025,71.987,-12.833,7.80000814,15.38999851,30.2553646,1.328217237,1.386533666,True,True,True,True,True
US.HLT,HLT,希尔顿酒店,315.88,313.107,295.546,288.589,31.033,-8.374,241.0690437,344.749307,0.8856397334,5.941883835,2.410694794,True,True,True,True,True
US.HLX,HLX,螺旋能源,10.145,9.653,8.052,7.607,83.786,-5.627,5.520006965,10.74989669,5.096861079,19.88325882,5.849875115,True,True,True,True,True
US.HMLN,HMLN,HAMLIN BANK & TRUST CO (PA),225.01,221.087,201.582,196.615,38.892,-10.71,162.0035711,251.999104,1.774414597,9.675963132,2.526256898,True,True,True,True,True
US.HNGKY,HNGKY,HONGKONG LAND HOLDINGS LTD UNSPON ADR EA REP 5 USD0.10,41.853,40.552,37.082,35.577,72.982,-8.618,24.19500295,45.80004815,3.208226475,9.357639825,4.230261124,True,True,True,True,True
US.HNLGY,HNLGY,恒隆集团(ADR),10.42,9.994,8.651,8.018,66.734,-7.316,6.249475212,11.2425014,4.262557535,15.52421685,7.894736842,True,True,True,True,True
US.HNTIY,HNTIY,HUNTING UNSP ADR EACH REP 1 ORD SHS,6.868,5.404,4.265,4.003,131.282,-6.68,2.969535027,7.359622803,27.09104367,26.70574443,6.545091182,True,True,True,True,True
US.HOFT,HOFT,胡克家具,13.01,12.82,11.846,11.33,55.059,-17.914,8.390354639,15.84923129,1.482059282,8.222184704,4.554280671,True,True,True,True,True
US.HOPE,HOPE,Hope Bancorp,12.01,11.671,11.192,10.974,31.94,-6.714,9.102622404,12.8743863,2.904635421,4.279842745,1.986513578,True,True,True,True,True
US.HOVNP,HOVNP,HOVNANIAN ENTERPRISES INC PRF STK SERIES 'A' USD25.00,20.95,20.632,20.039,19.732,43.778,-4.338,14.57107485,21.900023,1.541295076,2.959229502,1.555848368,True,True,True,True,True
US.HP,HP,赫尔默里奇和佩恩材料,39.43,36.567,31.778,28.692,177.467,-5.398,14.21069893,41.67987992,7.829463724,15.07017433,10.75561132,True,True,True,True,True
US.HPE,HPE,慧与科技,33.815,25.677,23.639,23.384,103.635,-2.536,16.60569156,34.69486169,31.69373369,8.621346081,1.090489223,True,True,True,True,True
US.HPE.PRC,HPE.PRC,HEWLETT PACKARD ENTERPRISE CO 7.625% SERIES C MAN CONV PREF 01/09/2027,89.44,69.62,64.788,64.203,84.491,-2.304,48.47932961,91.54929577,28.4688308,7.458171266,0.9111723751,True,True,True,True,True
US.HQI,HQI,HireQuest,12.855,10.793,10.06,9.932,75.087,-2.455,7.342064231,13.17853298,19.10497545,7.286282306,1.288763592,True,True,True,True,True
US.HR,HR,医疗保健房地产信托,20.41,18.13,17.484,17.28,52.721,-0.56,13.36423936,20.52493966,12.57584115,3.69480668,1.180555556,True,True,True,True,True
US.HRBK,HRBK,HARBOR BANKSHARES CORP,20.63,18.49,17.106,15.524,47.642,-1.388,13.97298872,20.9203748,11.57382369,8.090728399,10.19067251,True,True,True,True,True
US.HRBR,HRBR,HARBOR DIVERSIFIED INC,1.675,1.519,1.266,1.074,2691.666,-4.285,0.06000001433,1.74998694,10.26991442,19.98420221,17.87709497,True,True,True,True,True
US.HRGG,HRGG,HERITAGE NOLA BANCORP INC,18.922,18.159,16.721,15.877,44.332,-0.983,13.11005182,19.10984982,4.201773225,8.599964117,5.315865718,True,True,True,True,True
US.HSBC,HSBC,汇丰控股,90.955,86.274,79.068,75.372,63.211,-2.177,55.72847418,92.97915623,5.425736607,9.113674306,4.903677758,True,True,True,True,True
US.HSHP,HSHP,喜玛拉雅航运,16.19,13.783,10.801,9.939,224.165,-2.995,4.994370151,16.68986135,17.46354204,27.60855476,8.672904719,True,True,True,True,True
US.HST,HST,美国豪斯特酒店,21.69,20.069,18.478,17.878,58.36,-3.126,13.69664057,22.38990854,8.077133888,8.610239203,3.356080098,True,True,True,True,True
US.HTB,HTB,HomeTrust Bancshares,45.955,43.93,42.629,41.975,34.254,-2.941,34.22989259,47.34748967,4.609606192,3.051913017,1.55807028,True,True,True,True,True
US.HTCMY,HTCMY,日立建机(ADR),73.48,72.39,66.235,64.878,31.396,-15.579,55.92255472,87.03995451,1.505732836,9.292670038,2.091618114,True,True,True,True,True
US.HTH,HTH,希尔托普控股,36.89,36.471,35.318,34.659,30.324,-7.752,28.30637488,39.99002688,1.148857997,3.264624271,1.901382036,True,True,True,True,True
US.HTLD,HTLD,哈特兰快递,12.92,11.251,9.971,9.552,85.47,-7.187,6.966086159,13.92046373,14.83423696,12.83722796,4.386515913,True,True,True,True,True
US.HUHU,HUHU,虎虎科技,9.47,8.794,8.397,7.877,110.444,-22.377,4.500009504,12.19999227,7.687059359,4.727879004,6.601498032,True,True,True,True,True
US.HUN,HUN,亨斯迈,14.45,13.175,11.267,10.884,101.102,-9.09,7.1854084,15.89484105,9.677419355,16.93441022,3.518926865,True,True,True,True,True
US.HUT,HUT,Hut 8,108.07,66.947,55.203,48.63,633.838,-3.621,14.72668355,112.1302358,61.42620282,21.27420611,13.51634793,True,True,True,True,True
US.HWBK,HWBK,Hawthorn Bancshares,37.05,34.029,33.048,32.374,39.436,-0.67,26.57133022,37.29990939,8.877721943,2.968409586,2.081917588,True,True,True,True,True
US.HWM,HWM,Howmet Aerospace,270.905,246.597,223.711,213.395,69.687,-3.46,159.6498259,280.6142532,9.857378638,10.23016302,4.834227606,True,True,True,True,True
US.HXL,HXL,赫氏,92.5,85.977,79.885,75.44,84.778,-5.647,50.06007209,98.03609848,7.586912779,7.625962321,5.892099682,True,True,True,True,True
US.HYLN,HYLN,Hyliion,3.55,2.029,2.025,1.963,219.819,-6.824,1.110002845,3.80999399,74.96303598,0.1975308642,3.158430973,True,True,True,True,True
US.HZO,HZO,海上麦斯服务,34.03,28.412,26.906,26.562,65.838,-1.675,20.52002557,34.60971269,19.77333521,5.597264551,1.295083202,True,True,True,True,True
US.IAG,IAG,Iamgold,18.684,18.64,17.334,15.49,194.7,-24.873,6.340006787,24.86988699,0.2360515021,7.534325603,11.90445449,True,True,True,True,True
US.IBIDY,IBIDY,IBIDEN CO LTD UNSP ADR 4 REP 1 ORD SHS,26.04,17.005,10.841,9.399,795.614,-13.2,2.907502562,30,53.13143193,56.85822341,15.34205767,True,True,True,True,True
US.IBKR,IBKR,盈透证券,88.32,74.043,70.898,69.302,80.339,-0.09,48.97443149,88.3995596,19.28203882,4.435950238,2.302963839,True,True,True,True,True
US.ICCC,ICCC,伊芙美尔医疗,8.46,7.293,6.478,6.415,87.168,-6.828,4.520003419,9.07998111,16.00164541,12.58104353,0.9820732658,True,True,True,True,True
US.ICHR,ICHR,Ichor Holdings,74.07,57.169,36.231,31.617,464.557,-5.038,13.12002154,77.9996209,29.56322482,57.79029008,14.59341494,True,True,True,True,True
US.ICR.PRA,ICR.PRA,INPOINT COML REAL ESTATE INCOME INC CUM RED PFD STOCK SER A,21.9,21.131,20.511,19.936,35.888,-1.597,16.11621335,22.25541904,3.639203067,3.022768271,2.884229535,True,True,True,True,True
US.IDCBY,IDCBY,工商银行(ADR),17.915,16.997,15.959,15.536,40.987,-1.75,12.70684531,18.23409669,5.400953109,6.504166928,2.722708548,True,True,True,True,True
US.IESC,IESC,IES Holdings,697.03,536.173,463.384,437.841,195.364,-0.452,235.9901681,700.1948809,30.00095119,15.70813839,5.833852928,True,True,True,True,True
US.IESFY,IESFY,INTERCONEXION ELECTRICA SA I.S.A SPON ADR EA REP 25 COM COP32.8,193.932,188.99,167.868,154.105,111.114,-22.14,91.86126927,249.077832,2.614953172,12.5825053,8.930923721,True,True,True,True,True
US.IEX,IEX,IDEX Corp,209.765,200.565,188.91,182.123,34.458,-6.29,156.007824,223.8448405,4.587041607,6.169604574,3.726602351,True,True,True,True,True
US.IFF,IFF,国际香料香精,76.7,72.24,69.758,68.284,31.26,-8.64,58.43364315,83.95359019,6.173864895,3.558014851,2.158631597,True,True,True,True,True
US.IFNNY,IFNNY,英飞凌科技(ADR),78.73,54.634,47.783,45.748,121.04,-1.575,35.61798769,79.98983998,44.10440385,14.33773518,4.448281892,True,True,True,True,True
US.IFRX,IFRX,InflaRx,2.41,1.396,1.203,1.2,238.816,-18.274,0.7113005289,2.948877958,72.63610315,16.04322527,0.25,True,True,True,True,True
US.IGEX,IGEX,INDO GLOBAL EXCHANGES PTE LTD,0.001,0.001,0,0,200,-25,0.0003333333333,0.001333333333,0,,,True,True,True,True,True
US.IGGHY,IGGHY,IG GROUP HLDGS SPON ADR EA REPR 1 ORD,21,19.457,16.094,15.053,60.789,0,13.06059494,21,7.930307858,20.89598608,6.915565004,True,True,True,True,True
US.IHG,IHG,洲际酒店,150.601,138.302,135.088,131.184,39.068,-0.652,108.2930653,151.5893626,8.892857659,2.379189861,2.97597268,True,True,True,True,True
US.IHS,IHS,IHS Holding,8.235,8.22,7.627,7.453,61.47,-7.988,5.100018579,8.949919576,0.1824817518,7.775009833,2.33463035,True,True,True,True,True
US.IIPR,IIPR,"Innovative Industrial Properties, Inc.",54.808,52.518,49.237,49.14,34.758,-10.729,40.67142582,61.39507791,4.360409764,6.663687877,0.1973951974,True,True,True,True,True
US.IKT,IKT,Inhibikase Therapeutics,1.865,1.835,1.717,1.702,40.225,-17.477,1.330005349,2.259976007,1.634877384,6.872451951,0.8813160987,True,True,True,True,True
US.ILKAY,ILKAY,ILUKA RESOURCES UNSP ADR EACH REPR 5  SHS,30.75,25.348,22.657,22.121,170.656,-13.635,11.36128517,35.60470098,21.31134606,11.87712407,2.423036933,True,True,True,True,True
US.ILMN,ILMN,Illumina,144.525,128.709,126.849,119.788,83.991,-7.075,78.55003777,155.5286521,12.28818498,1.466310337,5.894580425,True,True,True,True,True
US.ILPT,ILPT,Industrial Logistics Properties Trust,7.97,6.485,5.845,5.829,174.17,-3.975,2.906955539,8.299921895,22.89899769,10.94952951,0.2744896209,True,True,True,True,True
US.IMMX,IMMX,Immix Biopharma,10.21,9.554,6.637,5.54,445.989,-12.057,1.870001044,11.60979271,6.866234038,43.95058008,19.80144404,True,True,True,True,True
US.IMNM,IMNM,Immunome,22.1,22.029,20.747,18.16,185.714,-20.072,7.735007735,27.6498849,0.3223024195,6.179206632,14.24559471,True,True,True,True,True
US.IMO,IMO,帝国石油,132.62,126.97,106.844,101.895,94.769,-1.258,68.09091796,134.309615,4.449870048,18.83680881,4.856960597,True,True,True,True,True
US.IMOS,IMOS,南茂科技,53.72,43.2,34.736,30.478,256.706,-12.322,15.06002142,61.26964575,24.35185185,24.36665131,13.97073299,True,True,True,True,True
US.IMRSQ,IMRSQ,Imris Inc,0,0,0,0,8300,0,0,0,,,,True,True,True,True,True
US.IMTX,IMTX,Immatics,11.095,10.496,10.185,9.287,139.891,-10.596,4.625017195,12.40995929,5.706935976,3.053510064,9.669430387,True,True,True,True,True
US.IMVT,IMVT,Immunovant,28.9,26.365,25.03,22.702,109.572,-4.177,13.79001012,30.15977375,9.615019913,5.33359968,10.25460312,True,True,True,True,True
US.INBX,INBX,Inhibrx Biosciences,116.84,89.35,79.148,66.125,861.646,-24.76,12.15000114,155.2897395,30.76664801,12.88977612,19.69451796,True,True,True,True,True
US.INDB,INDB,美国独立银行,77.06,76.813,74.851,72.925,39.872,-10.649,55.09322809,86.24413829,0.3215601526,2.621207465,2.641069592,True,True,True,True,True
US.INDV,INDV,Indivior,37.97,33.118,32.666,30.308,243.154,-7.39,11.06500289,40.99989202,14.65064315,1.383701708,7.78012406,True,True,True,True,True
US.INFT,INFT,INFINITY BANCORP,29.9,14.399,10.868,10.41,240.493,0,8.781384639,29.9,107.6533093,32.48987854,4.399615754,True,True,True,True,True
US.ING,ING,荷兰国际集团,30.16,27.111,26.575,25.87,56.119,-1.114,19.31859671,30.49976741,11.24635757,2.016933208,2.725164283,True,True,True,True,True
US.INGM,INGM,英迈科技,26.16,25.826,22.874,22.153,46.723,-16.374,17.82951548,31.28213713,1.293270348,12.90548221,3.254638198,True,True,True,True,True
US.INPOY,INPOY,INPOST S.A. UNSPON ADR EACH REP 0.5 ORD SHS,8.76,8.727,7.509,7.347,65.909,-4.471,5.280002893,9.169990265,0.3781368168,16.22053536,2.204981625,True,True,True,True,True
US.INSW,INSW,International Seaways,86.035,76.033,60.382,55.923,161.715,-7.149,32.87354565,92.65920669,13.15481436,25.91997615,7.973463512,True,True,True,True,True
US.INTC,INTC,英特尔,116.25,68.25,50.336,44.348,513.128,-12.406,18.96015188,132.7145695,70.32967033,35.58884298,13.50229999,True,True,True,True,True
US.INTG,INTG,The Intergroup,39.35,37.158,32.892,28.68,311.18,-10.231,9.570017997,43.83473137,5.89913343,12.96971908,14.68619247,True,True,True,True,True
US.INTT,INTT,inTEST,19.31,15.649,10.952,10.057,242.552,-3.45,5.637100353,20,23.3944661,42.8871439,8.899274137,True,True,True,True,True
US.INVE,INVE,单片机微系统,4.03,3.947,3.646,3.644,30.844,-23.962,3.080003668,5.299981588,2.102862934,8.2556226,0.05488474204,True,True,True,True,True
US.INVUP,INVUP,INVESTVIEW INC 13% PREFERRED STOCK SERIES B,25.88,25.202,22.342,17.619,65.579,-0.384,15.63000139,25.97976229,2.690262678,12.8010026,26.80628867,True,True,True,True,True
US.INVX,INVX,Innovex International,27.7,26.065,23.868,22.174,106.101,-6.037,13.44001242,29.47968881,6.272779589,9.204793028,7.639577884,True,True,True,True,True
US.IPI,IPI,Intrepid Potash,42.73,40.572,33.056,32.213,89.49,-15.117,22.55000264,50.3398796,5.31893917,22.73717328,2.616955887,True,True,True,True,True
US.IPSC,IPSC,Century Therapeutics,2.375,2.336,1.57,1.307,445.977,-21.875,0.4350000092,3.04,1.669520548,48.78980892,20.12241775,True,True,True,True,True
US.IPSEY,IPSEY,IPSEN SA SPONS ADR EA REPR 0.25 ORD,48.86,47.242,40.984,39.03,73.178,-4.383,28.21374539,51.09969984,3.424918505,15.26937341,5.006405329,True,True,True,True,True
US.IRDM,IRDM,铱星通讯,43.67,33.715,23.762,23.149,183.092,-2.107,15.42608057,44.60993125,29.5269168,41.88620486,2.648062551,True,True,True,True,True
US.IRM,IRM,铁山,127.315,112.44,99.695,98.274,65.041,-5.052,77.14143758,134.0891857,13.22927784,12.78399117,1.445957222,True,True,True,True,True
US.IRRX,IRRX,Integrated Rail and Resources Acquisition Corp.(已退市),15,11.987,11.266,11.209,197.029,-11.816,5.050011952,17.00988842,25.13556353,6.39978697,0.5085199393,True,True,True,True,True
US.ISDAY,ISDAY,ISRAEL DISCOUNT BANK UNSP ADR EACH REPR 10 ORD,125.75,124.919,110.078,104.991,72.372,-6.169,72.95268373,134.0175422,0.6652310697,13.48225804,4.845177206,True,True,True,True,True
US.ISOU,ISOU,IsoEnergy,11.93,11.221,10.294,9.823,100.841,-12.15,5.940022207,13.57996585,6.318509937,9.005245774,4.794869185,True,True,True,True,True
US.ISTR,ISTR,Investar Holding,27.81,27.68,26.636,25.578,58.358,-12.104,17.56147463,31.63966506,0.4696531792,3.919507434,4.136367191,True,True,True,True,True
US.ITAYY,ITAYY,INDO TAMBANGRAYA MEGAH TBK UNSP ADR EA REPR 2 ORD SHS,2.9,2.881,2.7,2.692,32.283,-19.181,2.192269604,3.588265136,0.6594932315,6.703703704,0.2971768202,True,True,True,True,True
US.ITCFY,ITCFY,INVESTEC LIMITED UNSP ADR EACH REP 2 SHS,18.15,15.386,15.235,14.96,34.451,0,13.49934177,18.15,17.96438321,0.9911388251,1.838235294,True,True,True,True,True
US.ITOCY,ITOCY,伊藤忠商事(ADR),13.04,12.706,12.583,12.258,30.687,-13.642,9.978039132,15.09993284,2.628679364,0.977509338,2.651329744,True,True,True,True,True
US.ITRN,ITRN,Ituran定位和控制,58.81,53.306,44.868,42.393,90.164,-5.617,30.92593761,62.30994989,10.32529171,18.80627619,5.838228009,True,True,True,True,True
US.ITT,ITT,ITT Inc,203.335,202.116,189.891,185.418,41.005,-9.733,144.2041062,225.2595079,0.603119001,6.43790385,2.412387147,True,True,True,True,True
US.IVR,IVR,景顺抵押资本,8.13,8.035,7.772,7.484,37.71,-9.353,5.903710696,8.968857215,1.182327318,3.383942357,3.848209514,True,True,True,True,True
US.IVST,IVST,INNOVEST GLOBAL INC,0,0,0,0,19900,0,0,0,,,,True,True,True,True,True
US.IX,IX,欧力士,37.034,31.651,29.88,28.726,86.185,-3.957,19.89096866,38.55981175,17.00736154,5.927041499,4.017266588,True,True,True,True,True
US.JAKK,JAKK,杰克仕太平洋,21.55,21.311,18.903,18.497,48.831,-11.86,14.47951032,24.44973905,1.121486556,12.73871872,2.194950533,True,True,True,True,True
US.JANL,JANL,JANEL CORP,48.01,43.363,39.929,39.711,128.619,-9.415,21.00000437,52.9999448,10.71650947,8.600265471,0.5489662814,True,True,True,True,True
US.JAPAY,JAPAY,日本烟草(ADR),19.74,18.538,18.29,17.726,40.798,-4.526,14.02008551,20.67578608,6.483978854,1.355932203,3.181766896,True,True,True,True,True
US.JAZZ,JAZZ,爵士制药,230.79,197.075,173.414,161.254,119.8,-1.791,105,234.998829,17.10770011,13.64422711,7.54089821,True,True,True,True,True
US.JBAXY,JBAXY,JULIUS BAER GRUPPE AG UNSP ADR EACH REP 0.2 ORD SHS,17.39,15.314,14.878,14.532,45.972,-1.08,11.91324364,17.57986252,13.55622306,2.930501411,2.380952381,True,True,True,True,True
US.JBHT,JBHT,JB亨特运输服务,253.91,226.03,202.986,187.086,96.401,-1.263,129.2814191,257.1579043,12.33464584,11.35250707,8.498765274,True,True,True,True,True
US.JBIO,JBIO,Jade Biosciences,24.25,19.08,15.133,13.292,269.383,-13.392,6.565001638,27.99972289,27.09643606,26.08207229,13.85043635,True,True,True,True,True
US.JBL,JBL,捷普科技,354.78,299.386,252.152,242.731,119.887,-4.723,161.3465098,372.3668881,18.50253519,18.73235191,3.881251262,True,True,True,True,True
US.JBTC,JBTC,JBT BANCORP INC,36.13,35.245,30.475,29.497,55.786,-2.351,23.19207117,36.99986687,2.510994467,15.65217391,3.315591416,True,True,True,True,True
US.JCI,JCI,江森自控,145.395,137.631,125.854,120.868,53.569,-1.282,94.67731118,147.2831702,5.641170957,9.357668409,4.125161333,True,True,True,True,True
US.JDVB,JDVB,JD BANCSHARES INC,33.9,32.444,28.134,26.773,39.369,-1.887,24.32391708,34.55199617,4.487732709,15.31954219,5.083479625,True,True,True,True,True
US.JFBC,JFBC,JEFFERSONVILLE BANCORP,28.09,26.829,23.575,22.786,50.681,-1.438,18.64203184,28.49982752,4.70013791,13.80275716,3.462652506,True,True,True,True,True
US.JFWV,JFWV,JSB FINANCIAL INC,124,118.845,103.42,98.489,44.539,-4.615,85.7899944,129.9994758,4.337582566,14.91491008,5.006650489,True,True,True,True,True
US.JGCCY,JGCCY,日挥控股(ADR),31.86,27.792,22.889,20.975,125.794,0,14.11020665,31.86,14.6373057,21.4207698,9.125148987,True,True,True,True,True
US.JHG,JHG,骏利亨德森集团,51.705,51.398,47.808,46.77,48.125,-3.822,34.90632911,53.75969556,0.5972995058,7.509203481,2.219371392,True,True,True,True,True
US.JMSB,JMSB,John Marshall Bancorp,20.995,20.446,19.973,19.853,32.276,-4.581,15.87211588,22.00295539,2.685121784,2.368197066,0.6044426535,True,True,True,True,True
US.JPDYY,JPDYY,Japan Display(ADR),5.71,3.159,1.863,1.708,454.368,-19.236,1.030001732,7.069981675,80.75340298,69.56521739,9.074941452,True,True,True,True,True
US.JPPTY,JPPTY,JAPAN POST BANK CO LTD UNSP ADR EA REPR 1 ORD,17.9,17.001,14.757,13.613,97.79,-21.456,9.050002528,22.78977388,5.28792424,15.20634275,8.403731727,True,True,True,True,True
US.JTNB,JTNB,JTNB BANCORP INC,20,19.596,15.782,14.459,55.637,-12.816,12.85041475,22.93998899,2.061645234,24.16677227,9.150010374,True,True,True,True,True
US.JXHLY,JXHLY,ENEOS控股(ADR),17.65,17.631,15.784,14.665,100.622,-14.247,8.797639342,20.5823703,0.1077647326,11.70172326,7.630412547,True,True,True,True,True
US.JXN,JXN,Jackson Financial,112.05,107.975,105.67,102.891,47.259,-8.565,76.09042571,122.546071,3.774021764,2.181319201,2.700916504,True,True,True,True,True
US.KALU,KALU,凯撒铝业,178.76,143.187,121.035,109.51,169.38,-2.316,66.35978915,182.9982392,24.84373581,18.30214401,10.52415305,True,True,True,True,True
US.KALV,KALV,KalVista Pharmaceuticals,26.76,20.537,16.39,15.593,172.227,-0.335,9.830031555,26.84994732,30.30140722,25.30201342,5.111267877,True,True,True,True,True
US.KB,KB,韩国国民银行,106.295,104.856,95.003,91.222,61.522,-10.381,65.80837285,118.6076613,1.372358282,10.37125143,4.144833483,True,True,True,True,True
US.KBCSY,KBCSY,KBC GROEP NV UNSP ADR EA REPR 0.50 ORD SHS,65.95,64.704,64.522,62.884,38.162,-9.807,47.73381972,73.12097391,1.925692384,0.2820743312,2.604796133,True,True,True,True,True
US.KBDCY,KBDCY,建滔化工(ADR),36.8,13.708,11.705,11.661,252.513,0,10.43933132,36.8,168.4563758,17.11234515,0.3773261298,True,True,True,True,True
US.KBLB,KBLB,KRAIG BIOCRAFT LABORATORIES INC,0.141,0.133,0.104,0.1,97.486,-11.625,0.07139746615,0.1595473833,6.015037594,27.88461538,4,True,True,True,True,True
US.KEGX,KEGX,KEY ENERGY SVCS,2.5,2.162,1.393,1.224,2400,-1.185,0.1,2.529980266,15.63367253,55.2045944,13.80718954,True,True,True,True,True
US.KEN,KEN,Kenon,91.21,82.885,68.641,62.161,191.288,-4.92,31.31265277,95.92974337,10.04403692,20.75144593,10.42454272,True,True,True,True,True
US.KEWL,KEWL,KEWEENAW LAND ASSOCIATIN,55.25,51.21,42.09,40.264,97.321,-0.45,28.00006081,55.49974887,7.889084163,21.6678546,4.535068548,True,True,True,True,True
US.KEX,KEX,卡比海运,146.48,138.718,121.38,114.006,84.216,-7.108,79.51535154,157.6884985,5.595524734,14.28406657,6.468080627,True,True,True,True,True
US.KEY,KEY,KeyCorp,21.135,20.788,20.004,19.525,44.648,-8.57,14.61133234,23.11604506,1.669232249,3.919216157,2.453265045,True,True,True,True,True
US.KEYS,KEYS,Keysight Technologies,361.335,316.755,243.792,224.915,136.403,-2.388,152.8470451,370.1747736,14.07396884,29.92838157,8.392948447,True,True,True,True,True
US.KFFB,KFFB,肯塔基第一银行,4.6,4.471,4.39,4.138,92.376,-13.855,2.391150663,5.339834001,2.885260568,1.845102506,6.089898502,True,True,True,True,True
US.KFRC,KFRC,K力,39.83,32.539,30.73,30.656,67.202,-16.147,23.82148539,47.4997913,22.4069578,5.886755613,0.241388309,True,True,True,True,True
US.KGS,KGS,Kodiak Gas Services,74.53,62.279,46.73,43.462,153.739,-2.803,29.37270187,76.67932138,19.67115721,33.27412797,7.519212185,True,True,True,True,True
US.KGTFY,KGTFY,KRUNG THAI BANK PUBLIC CO LTD UNSP ADR EA REPR 20 ORD SHS,20.99,15.734,12.1,11.529,105.487,0,10.21475811,20.99,33.40536418,30.03305785,4.952727904,True,True,True,True,True
US.KISB,KISB,KISH BANCORP INC,61.601,51.708,43.344,40.773,94.915,-2.22,31.60403253,62.99959092,19.13243599,19.29678848,6.305643441,True,True,True,True,True
US.KLAC,KLAC,科磊,1899.69,1645.79,1413.426,1299.126,157.866,-2.053,736.6965788,1939.508101,15.42724163,16.43977117,8.798222805,True,True,True,True,True
US.KLIB,KLIB,KILLBUCK BANCSHARES INC,159.97,147.35,126.832,124.277,39.416,-3.048,114.7429276,164.9991748,8.564642009,16.17730541,2.055891275,True,True,True,True,True
US.KLIC,KLIC,库力索法半导体,104.375,77.196,59.546,54.074,240.687,-2.462,30.63662541,107.0095758,35.20778279,29.64094985,10.11946592,True,True,True,True,True
US.KLXE,KLXE,Klx Energy Services,4.085,2.939,2.327,2.212,179.794,-9.222,1.460002716,4.499988984,38.99285471,26.29995703,5.198915009,True,True,True,True,True
US.KMI,KMI,金德尔摩根,33.375,32.445,29.346,28.633,33.67,-3.003,24.96820528,34.40828067,2.866389274,10.56021264,2.490133762,True,True,True,True,True
US.KN,KN,Knowles,35.81,28.682,25.428,24.493,122.56,-3.425,16.09004313,37.07998965,24.85182344,12.79691678,3.817417221,True,True,True,True,True
US.KNOP,KNOP,KNOT Offshore,10.975,10.371,10.137,9.588,80.644,-4.978,6.075485485,11.54995685,5.823932118,2.308375259,5.725907384,True,True,True,True,True
US.KNRRY,KNRRY,KNORR BREMSE,30.17,28.903,27.462,26.727,36.041,-9.385,22.17713777,33.29470838,4.383627997,5.247250746,2.750028062,True,True,True,True,True
US.KNSA,KNSA,Kiniksa Pharmaceuticals International,58.718,48.84,44.03,41.763,128.472,-1.925,25.70030463,59.87050726,20.22522523,10.92436975,5.428249886,True,True,True,True,True
US.KNTK,KNTK,Kinetik Holdings,50.72,46.778,40.001,39.916,68.061,-0.723,30.17951815,51.08937619,8.427038351,16.94207645,0.2129471891,True,True,True,True,True
US.KNX,KNX,Knight-Swift Transportation,67.83,59.902,54.464,51.288,76.814,-0.586,38.36234687,68.22982678,13.23495042,9.984576968,6.192481672,True,True,True,True,True
US.KOD,KOD,Kodiak Sciences,38.14,36.576,27.507,23.282,1069.938,-20.278,3.260001812,47.84124834,4.276027997,32.96978951,18.1470664,True,True,True,True,True
US.KOF,KOF,可口可乐凡萨瓶装,104.935,100.429,96.49,92.731,35.22,-8.839,77.60316521,115.1095315,4.486751835,4.08228832,4.053660588,True,True,True,True,True
US.KOP,KOP,科佩斯控股,43.155,38.808,32.558,31.681,73.496,-6.983,24.87377231,46.39474505,11.2012987,19.19651084,2.7682207,True,True,True,True,True
US.KOPN,KOPN,高平电子,5.4,3.085,2.855,2.702,339.837,-16.124,1.227727545,6.438075254,75.04051864,8.056042032,5.662472243,True,True,True,True,True
US.KORE,KORE,KORE Group,9.165,9.08,6.047,5.126,358.25,-0.598,2,9.220136416,0.936123348,50.1571027,17.96722591,True,True,True,True,True
US.KOS,KOS,Kosmos Energy,2.958,2.754,1.844,1.826,253.785,-10.903,0.8361010218,3.319977104,7.407407407,49.34924078,0.9857612267,True,True,True,True,True
US.KOTMY,KOTMY,小糸制作所(ADR),16.91,15.908,15.449,14.979,45.875,-7.787,11.59211654,18.33797838,6.298717626,2.971066088,3.13772615,True,True,True,True,True
US.KPCPY,KPCPY,KASIKORNBANK PUBLIC COMPANY LIMITED UNSP ADR EA REPR 4 ORD SHS,25.015,23.317,22.772,21.916,51.677,-5.541,16.49228294,26.48238918,7.282240425,2.393290005,3.90582223,True,True,True,True,True
US.KPTI,KPTI,Karyopharm Therapeutics,9.17,7.974,7.198,6.865,151.212,-16.56,3.650303329,10.98993289,14.99874592,10.78077244,4.850691916,True,True,True,True,True
US.KRG,KRG,凯特地产信托,26.39,25.474,23.78,23.15,31.909,-1.822,20.00621641,26.87974903,3.595823192,7.123633305,2.721382289,True,True,True,True,True
US.KRNGY,KRNGY,KAROON ENERGY LTD UNSP ADR EACH REPR 2 ORD SHS,2.64,2.116,1.991,1.918,94.477,-6.114,1.357487004,2.81192084,24.7637051,6.278252135,3.806047967,True,True,True,True,True
US.KRNY,KRNY,卡尼金融储蓄,8.002,7.651,7.303,7.002,47.987,-3.276,5.407231716,8.273024275,4.587635603,4.765165001,4.298771779,True,True,True,True,True
US.KRP,KRP,Kimbell Royalty,15.325,14.609,13.24,13.208,39.005,-2.076,11.02478328,15.64989175,4.90108837,10.33987915,0.2422774076,True,True,True,True,True
US.KRYPY,KRYPY,嘉里建设(ADR),14.858,12.646,11,10.364,72.277,0,8.624482665,14.858,17.49169698,14.96363636,6.136626785,True,True,True,True,True
US.KRYS,KRYS,Krystal Biotech,314.765,267.786,247.913,224.534,156.323,-1.475,122.8001389,319.47729,17.54348622,8.016118558,10.41223156,True,True,True,True,True
US.KSBI,KSBI,KS BANCORP INC,80,66.823,56.934,55.426,70.71,-7.352,46.86310117,86.34832916,19.71925834,17.36923455,2.720744777,True,True,True,True,True
US.KTHN,KTHN,KATAHDIN BANKSHARES CORP,32.87,32.265,28.219,26.818,47.311,0,22.31333709,32.87,1.875096854,14.33785747,5.224103214,True,True,True,True,True
US.KTWIY,KTWIY,栗田工业(ADR),113.23,99.715,91.087,85.971,74.441,-0.369,64.91019886,113.6493662,13.55362784,9.472262782,5.950843889,True,True,True,True,True
US.KUBTY,KUBTY,久保田(ADR),91.16,83.485,78.254,73.996,73.869,-15.565,52.43027797,107.9647066,9.193268252,6.684642319,5.754365101,True,True,True,True,True
US.KVHI,KVHI,KVH通信,10.955,8.994,7.209,6.817,117.361,-4.323,5.040002576,11.44998275,21.80342451,24.76071577,5.750330057,True,True,True,True,True
US.KW,KW,Kennedy-Wilson,11.005,10.857,9.849,9.38,94.477,-0.721,5.658766846,11.08492229,1.363175831,10.23454158,5,True,True,True,True,True
US.KYMR,KYMR,Kymera Therapeutics,84.53,83.514,76.434,68.951,201.247,-17.932,28.06003047,102.9999513,1.216562493,9.262893477,10.85263448,True,True,True,True,True
US.KYOCY,KYOCY,京瓷(ADR),18.845,16.595,15.27,14.792,78.119,-2.458,10.5800055,19.31988272,13.55830069,8.677144728,3.231476474,True,True,True,True,True
US.KYSEY,KYSEY,KYUSHU ELECTRIC POWER CO INC UNSP ADR EACH REPR 1 SH,12,11.428,10.353,10.305,44.752,-14.651,8.290040898,14.05991869,5.005250263,10.38346373,0.4657933042,True,True,True,True,True
US.KYTX,KYTX,Kyverna Therapeutics,10.775,9.036,8.268,7.291,423.058,-21.177,2.060000994,13.66986793,19.24524126,9.288824383,13.40008229,True,True,True,True,True
US.KZIA,KZIA,Kazia Therapeutics,13.725,9.981,8.546,8.355,323.611,-21.12,3.24000085,17.39984787,37.51127142,16.79148139,2.286056254,True,True,True,True,True
US.KZR,KZR,Kezar Life Sciences,7.29,7.129,6.427,5.808,106.316,-3.443,3.533414762,7.549944592,2.25838126,10.92266999,10.6577135,True,True,True,True,True
US.LAMR,LAMR,拉马尔户外广告,148.07,134.574,128.515,126.262,37.936,-6.692,107.3468855,158.6895014,10.0286831,4.714624752,1.784384851,True,True,True,True,True
US.LAR,LAR,Lithium Argentina AG,9.875,8.285,6.682,5.845,477.485,-18.049,1.710001126,12.04988347,19.1913096,23.98982341,14.31993157,True,True,True,True,True
US.LASLY,LASLY,联拓集团,0,0,0,0,9900,0,0,0,,,,True,True,True,True,True
US.LASR,LASR,nLIGHT,80.525,67.711,49.399,43.977,561.668,-7.389,12.17000066,86.9497144,18.92454697,37.06957631,12.32917207,True,True,True,True,True
US.LBRT,LBRT,Liberty Energy,33.35,30.15,23.227,20.255,239.504,-3.286,9.823153777,34.48311516,10.61359867,29.80582942,14.67292027,True,True,True,True,True
US.LCUT,LCUT,生活时光品牌家具,7.49,5.828,4.317,4.198,163.202,-8.068,2.845723057,8.147326285,28.51750172,35.00115821,2.834683182,True,True,True,True,True
US.LEA,LEA,李尔,139.36,124.208,117.93,113.852,65.58,-1.82,84.1647542,141.9433693,12.19889218,5.32349699,3.581843095,True,True,True,True,True
US.LECO,LECO,林肯电气,265.75,258.788,253.185,249.25,42.753,-13.996,186.1607112,308.9972559,2.690232932,2.2130063,1.578736209,True,True,True,True,True
US.LFIN,LFIN,Longfin Corp.,0,0,0,0,9900,0,0,0,,,,True,True,True,True,True
US.LFMDP,LFMDP,LIFEMD INC PFD SER A 8.875%,23.9,23.211,22.426,22.385,35.473,-0.83,17.64189174,24.10003025,2.968420146,3.50040132,0.183158365,True,True,True,True,True
US.LFST,LFST,LifeStance Health,7.905,6.893,6.652,6.277,111.363,-11.079,3.74001126,8.889913519,14.681561,3.622970535,5.974191493,True,True,True,True,True
US.LFUS,LFUS,美国力特保险丝,457.35,374.661,312.954,298.868,129.537,-5.361,199.2489228,483.2574309,22.0703516,19.71759428,4.713117497,True,True,True,True,True
US.LGND,LGND,Ligand Pharmaceuticals,216.755,215.295,200.896,190.99,119.187,-12.379,98.89044515,247.3779117,0.6781392972,7.167390092,5.186658987,True,True,True,True,True
US.LGRDY,LGRDY,LEGRAND SA UNSPON ADR EACH REPR 0.20 ORD,35.94,33.639,32.401,32.187,52.791,-5.196,23.52232789,37.90979284,6.840274681,3.820869726,0.6648646969,True,True,True,True,True
US.LICH,LICH,LIVECHAIN INC,0.012,0.011,0.008,0.007,1060,-16.546,0.001034482759,0.01437917895,9.090909091,37.5,14.28571429,True,True,True,True,True
US.LINC,LINC,林肯教育服务,50.99,40.993,29.982,27.747,194.91,-4.691,17.29002068,53.4996695,24.38709048,36.72536855,8.054924857,True,True,True,True,True
US.LIND,LIND,Lindblad Expeditions,19.41,18.464,16.044,15.358,97.055,-13.115,9.850041866,22.33987455,5.123483536,15.08352032,4.466727438,True,True,True,True,True
US.LION,LION,Lionsgate Studios,12.725,10.878,8.923,8.317,129.486,-2.19,5.545000566,13.00991719,16.97922412,21.90967164,7.286281111,True,True,True,True,True
US.LITE,LITE,Lumentum,1001.65,812.567,510.978,418.274,1310.057,-7.734,71.03613542,1085.611168,23.26983498,59.02191484,22.16346223,True,True,True,True,True
US.LIVN,LIVN,LivaNova,72.24,63.983,61.95,59.7,76.13,-1.446,41.01515926,73.2999168,12.90499039,3.281678773,3.768844221,True,True,True,True,True
US.LKHLY,LKHLY,中国龙工(ADR),18.15,15.799,11.383,10.493,125.987,-0.765,8.031435437,18.28991787,14.88068865,38.79469384,8.48184504,True,True,True,True,True
US.LMED,LMED,LataMed AI Corp,2.52,1.509,0.911,0.901,589.372,-0.787,0.3655500949,2.539989719,66.99801193,65.64215148,1.109877913,True,True,True,True,True
US.LNKB,LNKB,Linkbancorp(已退市),8.69,8.581,8.08,7.817,36.492,-8.627,6.366673505,9.510468081,1.270248223,6.20049505,3.36446207,True,True,True,True,True
US.LNTH,LNTH,Lantheus,95.845,81.97,69.413,65.95,102.846,-2.467,47.25013064,98.26930372,16.92692448,18.09027127,5.250947688,True,True,True,True,True
US.LOCO,LOCO,El Pollo Loco,13.46,13.438,11.53,11.195,51.747,-15.345,8.870027085,15.89982872,0.1637148385,16.5481353,2.992407325,True,True,True,True,True
US.LOGC,LOGC,ContextLogic,8.65,8.361,7.935,7.872,35.156,-5.361,6.400011838,9.139995139,3.456524339,5.368620038,0.800304878,True,True,True,True,True
US.LONA,LONA,LeonaBio,10.66,9.132,6.409,5.786,325.209,-24.982,2.507002439,14.20992295,16.73236969,42.48712748,10.76736951,True,True,True,True,True
US.LPG,LPG,Dorian LPG,41.115,35.649,30.19,29.933,119.369,-1.189,18.74239295,41.60973981,15.33282841,18.08214641,0.8585841713,True,True,True,True,True
US.LQDA,LQDA,Liquidia,59.44,39.343,34.813,32.226,401.603,-0.502,11.85000887,59.73989427,51.08151387,13.01238043,8.027679513,True,True,True,True,True
US.LQDT,LQDT,Liquidity Services,33.21,32.493,30.087,29.135,53.253,-14.473,21.67004887,38.82984321,2.20662912,7.996809253,3.267547623,True,True,True,True,True
US.LRCX,LRCX,泛林集团,300.05,246.485,205.748,182.479,280.234,-0.645,78.91193318,301.9978864,21.73154553,19.79946342,12.75160429,True,True,True,True,True
US.LRDC,LRDC,LAREDO OIL INC,0.91,0.806,0.721,0.624,408.379,-1.086,0.1790003128,0.9199911034,12.90322581,11.78918169,15.54487179,True,True,True,True,True
US.LSAK,LSAK,Lesaka Technologies,5.24,4.916,4.533,4.522,44.751,-5.415,3.620009534,5.539990485,6.590724166,8.449150673,0.2432551968,True,True,True,True,True
US.LSBK,LSBK,莱克肖尔万通金控,15.8,15.464,14.799,14.264,46.062,-2.398,10.81732415,16.18819286,2.172788412,4.493546861,3.750701066,True,True,True,True,True
US.LSCC,LSCC,莱迪思半导体,126.38,106.139,87.709,82.177,187.881,-2.784,43.90008372,129.9991771,19.07027577,21.01266689,6.731810604,True,True,True,True,True
US.LSRCY,LSRCY,Lasertec半导体(ADR),51.67,49.53,42.028,37.287,173.241,-13.392,18.91004644,59.65961574,4.320613769,17.85000476,12.71488723,True,True,True,True,True
US.LSTR,LSTR,莱帝运输,168.885,166.379,149.422,143.552,44.309,-13.761,117.0301229,195.8336715,1.506199701,11.34839582,4.089110566,True,True,True,True,True
US.LTRX,LTRX,创力,6.415,6.045,5.777,5.356,202.594,-22.148,2.120002379,8.239993834,6.120760959,4.639086031,7.86034354,True,True,True,True,True
US.LUCN,LUCN,LUCENT INC,8.69,8.634,8.172,7.448,334.5,-5.543,2,9.199953418,0.6485985638,5.653450808,9.720730397,True,True,True,True,True
US.LUNR,LUNR,Intuitive Machines,36.715,23.273,17.42,15.506,371.915,-1.436,7.780002755,37.24990869,57.7579169,33.59931114,12.34360893,True,True,True,True,True
US.LWLG,LWLG,Lightwave Logic,14.909,10.449,6.291,5.502,1529.309,-20.311,0.9150504907,18.70898116,42.68351038,66.0944206,14.34023991,True,True,True,True,True
US.LXP,LXP,LXP Industrial Trust,51.4,48.88,48.035,46.568,40.644,-2.637,36.54617332,52.79212843,5.155482815,1.759133965,3.150231919,True,True,True,True,True
US.LXRX,LXRX,莱斯康制药,2.325,1.736,1.49,1.414,346.257,-8.102,0.5210002308,2.52997889,33.92857143,16.51006711,5.374823197,True,True,True,True,True
US.LYB,LYB,利安德巴塞尔,73.53,73.461,56.027,54.584,84.136,-12.401,39.93244124,83.93931438,0.09392739004,31.11713995,2.643631834,True,True,True,True,True
US.LYBC,LYBC,LYONS BANCORP INC,52.49,50.808,45.738,43.928,38.079,-0.284,38.01446998,52.63949617,3.310502283,11.08487472,4.120378802,True,True,True,True,True
US.MAC,MAC,马塞里奇房产,22.25,20.391,18.766,18.372,55.96,-1.352,14.26647858,22.55494283,9.116767201,8.659277417,2.144567821,True,True,True,True,True
US.MAKO,MAKO,Mako Mining,7.93,7.187,6.556,6.091,160.855,-9.681,3.040003067,8.779990921,10.33811048,9.624771202,7.634214415,True,True,True,True,True
US.MALRY,MALRY,MINERAL RESOURCES LTD UNSP ADR EA REPR 1 ORD SHS AUD0.00,50.76,42.243,37.291,33.979,324.247,-0.917,11.96472809,51.22977706,20.16192032,13.27934354,9.747196798,True,True,True,True,True
US.MANU,MANU,曼联,19.605,17.474,16.92,16.821,48.298,-1.581,13.22000297,19.91993416,12.19526153,3.274231678,0.5885500268,True,True,True,True,True
US.MAR,MAR,万豪酒店,352.54,343.813,318.051,304.479,39.992,-7.226,251.8286759,379.9987065,2.538298435,8.099958812,4.457450268,True,True,True,True,True
US.MARUY,MARUY,丸红(ADR),374.645,362.388,317.894,296.599,97.181,-12.067,190.0005579,426.0573391,3.382286389,13.9964894,7.179727511,True,True,True,True,True
US.MASI,MASI,麦斯莫医疗,178.37,177.78,155.881,153.561,41.63,-0.351,125.9408317,178.998284,0.3318708516,14.04853703,1.510800268,True,True,True,True,True
US.MATW,MATW,马修国际,27.59,26.318,25.418,24.965,44.467,-9.982,19.09778704,30.64942567,4.833194012,3.54079786,1.814540356,True,True,True,True,True
US.MATX,MATX,Matson,180.32,167.53,140.769,131.48,108.887,-4.903,86.32418485,189.6169175,7.634453531,19.01057761,7.064952845,True,True,True,True,True
US.MBBC,MBBC,Marathon Bancorp,15.01,14.151,12.695,12.09,51.615,-4.699,9.90007585,15.75009706,6.070242386,11.46908232,5.004135649,True,True,True,True,True
US.MBIN,MBIN,Merchants Bancorp,45.28,45.115,38.924,37.117,58.83,-9.899,28.50846817,50.25471415,0.3657320182,15.90535402,4.868389148,True,True,True,True,True
US.MBINP,MBINP,MERCHANTS BANCORP 7.00% NON CUM PER PREF STK SER A,24.98,24.806,23.784,23.294,59.083,-0.159,15.70249492,25.01978145,0.7014431992,4.297006391,2.103545978,True,True,True,True,True
US.MBKL,MBKL,MBT BANCSHARES INC,26.4,25.685,21.475,20.585,38.084,-3.716,19.11879725,27.4188858,2.78372591,19.60419092,4.323536556,True,True,True,True,True
US.MBX,MBX,MBX Biosciences,35.455,31.359,30.323,26.22,275.98,-22.671,9.430022874,45.84955191,13.061641,3.416548495,15.64836003,True,True,True,True,True
US.MCARY,MCARY,Mercari软件(ADR),12.255,11.474,9.375,9.054,78.905,-2.35,6.850004192,12.5499232,6.806693394,22.38933333,3.545394301,True,True,True,True,True
US.MCB,MCB,Metropolitan Bank,87.92,85.278,81.495,79.829,41.829,-9.883,61.99014306,97.56205821,3.098102676,4.642002577,2.086960879,True,True,True,True,True
US.MCBS,MCBS,MetroCity Bankshares,31.72,30.108,27.913,27.892,31.583,-5.791,24.10645752,33.66981923,5.354058722,7.863719414,0.07529040585,True,True,True,True,True
US.MCCK,MCCK,MESTEK INC,68.27,67.419,57.538,51.766,109.996,-4.517,32.51014305,71.49963868,1.262255447,17.17299871,11.15017579,True,True,True,True,True
US.MCEM,MCEM,MONARCH CEMENT COMPANY,289.911,258.93,238.78,235.992,43.848,-0.03,201.5398198,289.9979994,11.96500985,8.438730212,1.18139598,True,True,True,True,True
US.MCHP,MCHP,微芯科技,96.285,76.705,70.02,68.615,101.412,-9.087,47.80499672,105.9089459,25.52636725,9.547272208,2.047657218,True,True,True,True,True
US.MCHPP,MCHPP,MICROCHIP TECHNOLOGY DEP SHS REPSTG 1/20TH PFD CONV SER A,81.38,66.577,62.105,61.171,78.577,-7.522,45.57137817,87.99930794,22.23440528,7.200708478,1.526867306,True,True,True,True,True
US.MCW,MCW,Mister Car Wash,7.085,7.009,6.1,5.97,53.687,-7.867,4.610019065,7.689969935,1.08432016,14.90163934,2.177554439,True,True,True,True,True
US.MCY,MCY,默邱利通用,99.225,92.781,89.382,86.253,70.879,-3.072,58.06740442,102.3698003,6.945387525,3.802779083,3.627699906,True,True,True,True,True
US.MD,MD,Pediatrix Medical,23.365,21.575,21.156,19.873,97.339,-6.502,11.84003162,24.98983935,8.296639629,1.980525619,6.455995572,True,True,True,True,True
US.MDU,MDU,MDU Resources,22.49,21.513,20.433,19.443,44.832,-2.132,15.52833628,22.97993215,4.541440059,5.285567464,5.09180682,True,True,True,True,True
US.MDV,MDV,Modiv Industrial,17.85,15.476,14.681,14.521,37.485,-1.108,12.98323453,18.04999393,15.33988111,5.415162455,1.101852489,True,True,True,True,True
US.MDVT,MDVT,MIDDLEBURY NATIONAL CORP,48.68,45.621,42.568,40.082,56.287,-6.491,31.1478242,52.05916008,6.705245391,7.172054125,6.202285315,True,True,True,True,True
US.MEC,MEC,Mayville Engineering,25.7,20.365,18.785,17.691,112.396,-8.687,12.10003955,28.14495198,26.19690646,8.410966196,6.183935334,True,True,True,True,True
US.MEOH,MEOH,梅思恩,62.705,58.873,47.178,44.435,102.277,-6.059,30.9995699,66.74934267,6.508925993,24.78909661,6.173061776,True,True,True,True,True
US.MFBP,MFBP,M & F BANCORP INC,25.1,24.081,20.758,20.094,41.587,-7.002,17.72761624,26.98982774,4.231551846,16.00828596,3.304468996,True,True,True,True,True
US.MFG,MFG,瑞穗金融,8.906,8.279,7.866,7.503,77.707,-13.347,5.011620251,10.27777457,7.573378427,5.250444953,4.838064774,True,True,True,True,True
US.MFGI,MFGI,MERCHANTS FINANCIAL GROUP INC,37,34.367,29.166,27.852,53.224,0,24.14765311,37,7.661419385,17.8324076,4.717794054,True,True,True,True,True
US.MG,MG,Mistras Group,16.98,16.426,13.925,12.775,135.18,-13.171,7.220001701,19.5556784,3.372701814,17.96050269,9.001956947,True,True,True,True,True
US.MGA,MGA,曼格纳国际,63.485,58.413,53.978,51.509,88.411,-7.808,33.69495412,68.86172336,8.682998648,8.216310349,4.793337087,True,True,True,True,True
US.MGLD,MGLD,The Marygold Companies,1.13,1.121,1.053,1.026,76.094,-18.115,0.641702727,1.379984124,0.8028545941,6.457739791,2.631578947,True,True,True,True,True
US.MGNX,MGNX,Macrogenics,4.08,3.134,2.146,2.025,244.303,-5.226,1.185002745,4.304978159,30.18506701,46.03914259,5.975308642,True,True,True,True,True
US.MGRT,MGRT,美华创富,132,67.8,26.774,21.011,8699.413,-22.352,1.500100063,169.9979394,94.69026549,153.2307462,27.42848984,True,True,True,True,True
US.MGTX,MGTX,MeiraGTx Holdings,9.975,8.884,8.303,8.188,107.165,-15.822,4.815002534,11.84988952,12.28050428,6.997470794,1.404494382,True,True,True,True,True
US.MIDD,MIDD,The Middleby,147.47,142.421,141.793,140.131,33.071,-12.966,110.8205394,169.4395294,3.545123261,0.4428991558,1.186033069,True,True,True,True,True
US.MIELY,MIELY,三菱电机(ADR),81.72,73.002,64.946,61.212,110.563,-4.976,38.81023732,85.99932649,11.94213857,12.40415114,6.100111089,True,True,True,True,True
US.MINDP,MINDP,"MIND Technology, Inc.",13.3,12.632,11.204,10.958,90,-19.879,7,16.59989266,5.288157061,12.74544805,2.244935207,True,True,True,True,True
US.MIRM,MIRM,Mirum Pharmaceuticals,110.64,95.47,86.384,82.143,157.962,-3.782,42.89003807,114.9888794,15.88980832,10.51815151,5.162947543,True,True,True,True,True
US.MITSY,MITSY,三井物产(ADR),777.08,759.047,647.47,603.715,100.278,-6.991,388.0006791,835.4890387,2.375742214,17.23276754,7.247625121,True,True,True,True,True
US.MKSI,MKSI,MKS仪器,313.485,258.213,207.16,183.11,292.553,-4.084,79.85800643,326.8328537,21.40558376,24.64423634,13.13418164,True,True,True,True,True
US.MLAB,MLAB,Mesa Laboratories,101.28,92.802,85.065,80.597,83.757,-16.489,55.11626768,121.2774365,9.135578975,9.095397637,5.543630656,True,True,True,True,True
US.MLI,MLI,木勒工业,139.77,122.168,116.972,111.418,95.24,-1.229,71.58881377,141.5091474,14.40802829,4.442088705,4.984831894,True,True,True,True,True
US.MLR,MLR,Miller Industries,47.395,46.393,41.976,41.623,42.287,-5.001,33.30943797,49.88999884,2.159808592,10.52267963,0.8480887971,True,True,True,True,True
US.MMSMY,MMSMY,三井金属(ADR),61.14,46.013,32.609,27.028,1047.091,-8.746,5.330004333,66.99980275,32.87549171,41.10521635,20.64895664,True,True,True,True,True
US.MNAT,MNAT,MARQUETTE NATIONAL CORP,32.55,32.229,30.042,28.956,30.186,-1.839,25.00268846,33.15980889,0.9959973937,7.279808268,3.750518027,True,True,True,True,True
US.MNBO,MNBO,MNB HLDGS CORP,55,34.69,28.979,28.063,134.042,-15.384,23.50005555,64.99952728,58.54713174,19.70737431,3.264084382,True,True,True,True,True
US.MNPP,MNPP,MERCHANTS NATIONAL PROPERTIES INC,2135,1972.761,1783.485,1724.866,33.354,-0.668,1601.001845,2149.357709,8.223956171,10.6127049,3.398466895,True,True,True,True,True
US.MNST,MNST,怪物饮料,85.695,76.401,75.923,72.909,47.521,-3.464,58.09003464,88.76999254,12.16476224,0.6295852377,4.133920366,True,True,True,True,True
US.MNTHY,MNTHY,MINTH GRP ADR EA REPR 20 ORD SHS,101.13,93.399,91.789,89.355,105.548,-14.467,49.20018682,118.2350672,8.27739055,1.754022813,2.723966202,True,True,True,True,True
US.MOD,MOD,摩丁制造,292,233.55,186.016,174.933,237.631,-0.698,86.48494955,294.0524864,25.02676086,25.55371581,6.335568475,True,True,True,True,True
US.MOG.A,MOG.A,Moog-A,310.335,306.549,273.163,254.147,82.204,-12.3,170.322825,353.8597491,1.235039097,12.22200664,7.482283875,True,True,True,True,True
US.MOV,MOV,摩凡陀,27.58,25.677,22.437,21.13,96.968,-5.677,14.00227448,29.23995208,7.411301943,14.44043321,6.185518221,True,True,True,True,True
US.MOVE,MOVE,Corvex,21.45,13.047,9.118,8.091,523.749,-16.463,3.438883269,25.67724481,64.40561049,43.09059004,12.69311581,True,True,True,True,True
US.MPC,MPC,马拉松原油,249.01,234.599,202.148,195.579,63.542,-4.816,152.2605814,261.609094,6.142822433,16.05308982,3.35874506,True,True,True,True,True
US.MPCB,MPCB,MOUNTAIN PACIFIC BANCORP INC,15.5,14.689,12.175,11.692,58.811,-3.125,9.760029217,16,5.521138267,20.64887064,4.131029764,True,True,True,True,True
US.MPFRY,MPFRY,MAPFRE SA UNSP ADR EACH REP 2 ORD,10.42,9.262,8.84,7.797,44.194,0,7.226375577,10.42,12.5026992,4.773755656,13.37693985,True,True,True,True,True
US.MPTI,MPTI,M-tron Industries,77.73,67.324,60.504,57.234,113.661,-10.89,36.38006,87.2292672,15.45659794,11.27198202,5.713387147,True,True,True,True,True
US.MPWR,MPWR,Monolithic Power Systems,1620.83,1317.942,1119.41,1052.98,153.847,-3.258,638.5066595,1675.415021,22.98189146,17.73541419,6.3087618,True,True,True,True,True
US.MQBKY,MQBKY,MACQUARIE GROUP LIMITED ADR EACH REPR 1 ORD,177.21,155.29,145.214,144.428,47.012,-1.194,120.5411803,179.3514564,14.11552579,6.938724916,0.544215803,True,True,True,True,True
US.MRAAY,MRAAY,村田制作所(ADR),20.093,13.872,11.626,10.856,195.485,-2.791,6.800006769,20.66989682,44.84573241,19.31876828,7.092851879,True,True,True,True,True
US.MRAM,MRAM,Everspin Technologies,40.705,14.332,11.728,10.627,641.438,-20.961,5.490007256,51.49989246,184.0147921,22.20327422,10.36040275,True,True,True,True,True
US.MRCY,MRCY,Mercury Systems,94.19,81.388,80.88,77.881,114.019,-9.293,44.01011125,103.839836,15.72959159,0.628090999,3.850746652,True,True,True,True,True
US.MRTN,MRTN,马尔登运输,15.445,13.75,12.274,12.052,66.88,-2.493,9.255153404,15.83988842,12.32727273,12.02541959,1.842017922,True,True,True,True,True
US.MRVI,MRVI,Maravai LifeSciences,4.345,3.454,3.437,3.228,118.341,-13.013,1.990006458,4.994999253,25.79617834,0.4946173989,6.474597274,True,True,True,True,True
US.MRVL,MRVL,迈威尔科技,183.07,126.153,98.5,92.672,213.351,-4.678,58.42330166,192.0543002,45.11743676,28.07411168,6.288846685,True,True,True,True,True
US.MRX,MRX,Marex Group,57.875,46.343,39.92,38.461,109.172,-1.254,27.66861721,58.60996901,24.884017,16.08967936,3.793453108,True,True,True,True,True
US.MS,MS,摩根士丹利,195.16,175.285,172.228,166.275,61.342,-1.184,120.9604443,197.4983808,11.33867701,1.774972711,3.580213502,True,True,True,True,True
US.MSADY,MSADY,MS&AD保险(ADR),27.94,25.702,24.431,24.113,40.755,-1.792,19.85009414,28.44982079,8.70749358,5.202406778,1.318790694,True,True,True,True,True
US.MSBB,MSBB,MERCER BANCORP INC,17.35,16.26,14.944,14.479,33.461,-3.557,13.00005245,17.98990077,6.703567036,8.80620985,3.211547759,True,True,True,True,True
US.MSBI,MSBI,Midland States,26.96,23.659,20.923,19.938,95.88,-5.502,13.76352869,28.52970433,13.95240712,13.07651866,4.940314976,True,True,True,True,True
US.MSGE,MSGE,Madison Square Garden Entertainment,68.01,61.068,55.849,52.241,92.608,-2.655,35.31005981,69.86491345,11.36765573,9.344840552,6.906452786,True,True,True,True,True
US.MSGM,MSGM,Motorsport Games,4.434,4.25,3.483,3.343,110.66,-20.221,2.104813443,5.55785357,4.329411765,22.02124605,4.18785522,True,True,True,True,True
US.MSGS,MSGS,麦迪逊运动,350.925,326.459,278.207,260.561,88.669,-1.817,186.0003498,357.4193088,7.494356106,17.34392017,6.772310515,True,True,True,True,True
US.MSM,MSM,MSC Industrial Direct,107.143,95.268,89.004,88.509,43.263,-1.495,74.78762835,108.769098,12.46483604,7.037885938,0.5592651595,True,True,True,True,True
US.MSSMY,MSSMY,米思米(ADR),10.625,9.59,8.622,8.39,71.37,-6.449,6.200035012,11.3574414,10.79249218,11.22709348,2.765196663,True,True,True,True,True
US.MSWV,MSWV,MAIN STREET FINANCIAL SERVICES CORP,19.5,18.688,17.606,16.777,58.34,-1.722,12.31527094,19.84167362,4.345034247,6.145632171,4.941288669,True,True,True,True,True
US.MT,MT,安赛乐米塔尔,64.21,56.709,50.607,46.478,119.292,-4.784,29.28059391,67.43614519,13.22717734,12.05762049,8.883772968,True,True,True,True,True
US.MTCPY,MTCPY,港铁公司(ADR),12.88,12.518,11.335,11.065,41.28,-10.617,9.116647792,14.40989897,2.891835757,10.43670049,2.440126525,True,True,True,True,True
US.MTNOY,MTNOY,MTN集团,12.779,11.999,10.783,10.168,100.974,-4.065,6.35853394,13.32047741,6.500541712,11.27701011,6.048387097,True,True,True,True,True
US.MTRN,MTRN,Materion,213.049,164.782,143.639,136.109,190.404,-1.19,73.36297021,215.6148163,29.29142746,14.71953996,5.532330706,True,True,True,True,True
US.MTSI,MTSI,MACOM Technology Solutions,378.77,263.001,212.747,191.809,220.556,-5.513,118.1603214,400.8699609,44.01846381,23.62148467,10.91606755,True,True,True,True,True
US.MTSUY,MTSUY,三菱商事(ADR),37.24,33.182,28.257,26.84,96.309,-0.454,18.97009307,37.40984068,12.22952203,17.42930955,5.279433681,True,True,True,True,True
US.MTW,MTW,马尼托沃克,12.76,12.685,12.561,12.008,40.374,-17.994,9.090002422,15.55983709,0.5912495073,0.9871825492,4.605263158,True,True,True,True,True
US.MTX,MTX,Minerals Technologies,81.05,71.999,66.018,64.906,53.478,-3.9,52.80887163,84.33922997,12.57100793,9.059650398,1.713246849,True,True,True,True,True
US.MTZ,MTZ,MasTec,432.77,353.563,270.206,250.197,197.518,-1.961,145.4601066,441.4263711,22.40251384,30.84942599,7.997298129,True,True,True,True,True
US.MU,MU,美光科技,790.32,479.913,358.892,303.998,771.155,-3.471,90.72093944,818.7384102,64.67984822,33.72072936,18.05735564,True,True,True,True,True
US.MUFG,MUFG,三菱日联金融,18.515,17.5,16.922,16.468,42.385,-8.091,13.00347649,20.14492596,5.8,3.415671906,2.756861793,True,True,True,True,True
US.MUR,MUR,墨菲石油,38.955,38.621,33.296,31.252,98.721,-10.117,19.60286029,43.33967491,0.8648144792,15.99291206,6.540381416,True,True,True,True,True
US.MUSA,MUSA,Murphy USA,576.78,508.441,432.559,420.061,67.866,-5.418,343.5954869,609.8200503,13.44089088,17.54257801,2.975282161,True,True,True,True,True
US.MUX,MUX,McEwen,24.97,22.65,21.713,19.534,249.23,-15.925,7.150015749,29.69967291,10.24282561,4.315387095,11.15490939,True,True,True,True,True
US.MVES,MVES,MOVIE STUDIO INC,0.002,0.002,0.001,0.001,192.857,-16.326,0.0006829271624,0.002390228745,0,100,0,True,True,True,True,True
US.MVLY,MVLY,MISSION VALLEY BANCORP (SUN VALLEY),18.9,17.721,16.337,15.847,36.298,-1.511,13.86667449,19.1899603,6.653123413,8.471567607,3.092067899,True,True,True,True,True
US.MXCHY,MXCHY,ORBIA ADVANCE CORP S A B DE CV UNSP ADS EACH REPR 2 ORD SHS,2.72,2.338,1.969,1.818,172,-1.09,1,2.749974724,16.33875107,18.7404774,8.305830583,True,True,True,True,True
US.MXL,MXL,MaxLinear,87.885,37.435,23.956,21.942,701.87,-15.714,10.96000599,104.2699855,134.7669293,56.2656537,9.178743961,True,True,True,True,True
US.MYE,MYE,Myers Industries,23.45,21.343,19.794,18.843,104.036,-3.298,11.49306985,24.24975699,9.87208921,7.825603718,5.046967043,True,True,True,True,True
US.MYFW,MYFW,First Western Financial,28.71,26.177,25.221,24.519,42.764,-4.3,20.11011179,30,9.67643351,3.79049205,2.86308577,True,True,True,True,True
US.MYRG,MYRG,MYR Group,470.01,328.799,265.954,246.345,204.115,-2.073,154.550088,479.9595617,42.94751505,23.63002625,7.959974832,True,True,True,True,True
US.NATL,NATL,NCR Atleos,45.04,44.271,40.428,39.824,91.171,-7.134,23.5600588,48.49998923,1.737028755,9.505788068,1.516673363,True,True,True,True,True
US.NBIS,NBIS,NEBIUS,225.86,138.22,112.255,105.032,550.604,-3.354,34.71543366,233.6982389,63.40616409,23.13037281,6.876951786,True,True,True,True,True
US.NBN,NBN,东北银行,119.17,117.21,107.252,106.384,50.809,-12.122,79.02048286,135.6084572,1.672212269,9.284675344,0.8159121672,True,True,True,True,True
US.NBR,NBR,纳伯斯实业,104,87.259,67.312,59.915,346.927,-1.701,23.27001949,105.7996521,19.18541354,29.6336463,12.34582325,True,True,True,True,True
US.NBTX,NBTX,Nanobiotix,55.49,34.72,26.635,22.786,1424.45,-2.648,3.640001312,56.99934259,59.82142857,30.35479632,16.8919512,True,True,True,True,True
US.NC,NC,NACCO Industries,50.383,50.184,49.031,46.515,46.017,-15.21,34.50488642,59.42092228,0.3965407301,2.351573494,5.409007847,True,True,True,True,True
US.NCEW,NCEW,新世纪储运,15.75,12.506,7.96,7.267,462.503,-6.07,2.799985067,16.76780581,25.93954902,57.11055276,9.536259805,True,True,True,True,True
US.NCTKY,NCTKY,NABTESCO CORP UNSPON ADR EA REPR 0.5 ORD JPY0.00,17.945,14.91,13.847,13.106,150.628,-7.785,7.160014045,19.45995771,20.35546613,7.676753087,5.653898978,True,True,True,True,True
US.NDLS,NDLS,Noodles & Co,12.295,9.038,6.785,6.539,244.397,-11.863,3.570007869,13.94987349,36.03673379,33.20560059,3.762043126,True,True,True,True,True
US.NDSN,NDSN,Nordson,279.76,274.709,259.71,249.876,47.75,-8.077,189.3468697,304.3416773,1.838672923,5.775287821,3.935552034,True,True,True,True,True
US.NE,NE,Noble,52.515,48.715,37.94,35.324,149.868,-3.765,21.01709703,54.56954331,7.800472134,28.40010543,7.405729815,True,True,True,True,True
US.NEE,NEE,新纪元能源,95.11,93.037,87.178,83.494,53.313,-3.686,62.03648745,98.74992213,2.228145791,6.720732295,4.412293099,True,True,True,True,True
US.NEE.PRS,NEE.PRS,NEXTERA ENERGY INC CORP UNIT 01/06/2027,57.5,56.579,54.056,52.38,36.483,-2.953,42.12978906,59.24964193,1.627812439,4.667381974,3.19969454,True,True,True,True,True
US.NEE.PRT,NEE.PRT,NEXTERA ENERGY INC CORP UNIT 01/11/2029,52.77,51.684,49.785,48.282,37.688,-3.174,38.32578002,54.49982443,2.101230555,3.814401928,3.112961352,True,True,True,True,True
US.NEFB,NEFB,NEFFS BANCORP INC,400,365.776,276.414,257.155,111.238,-1.416,189.359869,405.7453542,9.356546083,32.32904267,7.489257452,True,True,True,True,True
US.NEM,NEM,纽曼矿业,116.725,111.889,105.429,97.853,136.508,-13.284,49.35351024,134.6060704,4.322140693,6.127346366,7.742225583,True,True,True,True,True
US.NESR,NESR,National Energy Services Reunited,26.25,22.85,18.617,16.196,379.89,-3.669,5.470003542,27.24979498,14.87964989,22.73728313,14.94813534,True,True,True,True,True
US.NEWP,NEWP,New Pacific Metals,5.54,4.827,3.8,3.363,398.648,-12.212,1.111004155,6.310657493,14.77107935,27.02631579,12.99435028,True,True,True,True,True
US.NEWT,NEWT,NewtekOne,13.19,12.204,11.779,11.651,42.062,-10.045,9.284678521,14.662887,8.079318256,3.608116139,1.098618144,True,True,True,True,True
US.NEXA,NEXA,Nexa Resources,15.685,12.614,10.141,8.837,253.424,-7.134,4.438012133,16.88992742,24.3459648,24.38615521,14.75613896,True,True,True,True,True
US.NFBK,NFBK,Northfield Bancorp,14.005,13.553,12.19,11.915,44.56,-1.442,9.688018816,14.20990686,3.335054969,11.18129614,2.308015107,True,True,True,True,True
US.NGL,NGL,NGL Energy,17.5,13.589,10.976,9.595,464.516,-1.185,3.100000709,17.70986186,28.78063139,23.80648688,14.39291298,True,True,True,True,True
US.NGL.PRB,NGL.PRB,NGL ENERGY PARTNERS LP 9% CUM RED PFD REP LTD PRTNR INT CL B,25.39,24.795,23.481,22.885,45.299,-0.196,17.47431159,25.43986213,2.399677354,5.596013798,2.604325978,True,True,True,True,True
US.NGL.PRC,NGL.PRC,NGL ENERGY PARTNERS LP 9.625% CUM RED PERP PREF UNT CLASS C,25.3,25.146,23.945,23.322,41.841,-2.579,17.83687368,25.96976011,0.6124234471,5.01566089,2.671297487,True,True,True,True,True
US.NGLOY,NGLOY,ANGLO AMERICAN SPON ADR EACH REP 0.5 ORD (P/S),27.328,23.277,21.699,20.294,102.755,-2.541,13.47833592,28.04050934,17.40344546,7.272224526,6.92322854,True,True,True,True,True
US.NGNE,NGNE,Neurogene,31.58,24.278,23.021,22.213,115.563,-15.257,14.65000951,37.26561486,30.07661257,5.460231962,3.637509566,True,True,True,True,True
US.NGS,NGS,Natural Gas Services,41.95,38.896,34.561,32.43,86.62,-3.05,22.47883399,43.26972666,7.851707116,12.54303984,6.571076164,True,True,True,True,True
US.NGVT,NGVT,Ingevity,72.345,71.588,64.134,61.762,82.068,-8.753,39.7351539,79.2847984,1.057439794,11.62254031,3.840549205,True,True,True,True,True
US.NHC,NHC,National HealthCare,197.97,167.968,147.712,138.505,114.587,-0.824,92.25628766,199.6148262,17.86173557,13.71317158,6.647413451,True,True,True,True,True
US.NHPAP,NHPAP,NATIONAL HEALTHCARE PROPERTIES INC 7.375% CUM RED REP PFD STK SER A,21.87,19.97,18.733,18.245,80.701,-1.352,12.10286606,22.16973481,9.514271407,6.603320344,2.674705399,True,True,True,True,True
US.NHPBP,NHPBP,NATIONAL HEALTHCARE PROPERTIES INC 7.125% CUM RED REP PFD STK SER B,20.57,19.534,18.274,17.819,74.825,-5.446,11.76605177,21.75476447,5.303573257,6.895042136,2.553454178,True,True,True,True,True
US.NHYDY,NHYDY,Norsk Hydro,11.505,10.378,8.577,8.03,120.199,-1.893,5.224819368,11.72699196,10.8595105,20.99801795,6.811955168,True,True,True,True,True
US.NIDB,NIDB,NORTHEAST INDIANA BANCORP INC,23.061,22.301,20.416,19.537,41.101,0,16.34361202,23.061,3.407918927,9.232954545,4.499155449,True,True,True,True,True
US.NINOY,NINOY,尼康(ADR),14.664,12.077,11.927,11.67,61.315,-2.242,9.090289186,15.00030688,21.42088267,1.257650708,2.202227935,True,True,True,True,True
US.NISUY,NISUY,NISSUI CORPORATION UNSPON ADR EACH REP 10 ORD NPV,86.8,56.56,47.387,46.24,102.803,-5.498,42.80015582,91.84990794,53.46534653,19.35762973,2.480536332,True,True,True,True,True
US.NJR,NJR,新泽西能源,57.54,55.372,50.014,48.941,35.477,-0.638,42.47215394,57.90946237,3.915336271,10.71300036,2.19243579,True,True,True,True,True
US.NKRKY,NKRKY,NOKIAN RENKAAT OYJ (NOKIA TYRES) UNPS ADR EA REPR 0.50 ORD SHS,5.65,5.608,5.277,4.954,71.883,-16.045,3.287119727,6.729795724,0.7489300999,6.272503316,6.519983851,True,True,True,True,True
US.NKTX,NKTX,Nkarta,2.845,2.601,2.258,2.223,74.539,-22.054,1.630008193,3.649962795,9.381007305,15.19043401,1.574448943,True,True,True,True,True
US.NLST,NLST,Netlist,3.07,1.922,1.215,1.112,588.649,-22.67,0.4458004005,3.969998707,59.72944849,58.18930041,9.262589928,True,True,True,True,True
US.NLY,NLY,Annaly Capital Management,22.155,21.841,21.512,20.93,37.644,-6.547,16.09587051,23.70710411,1.437663111,1.529378951,2.780697563,True,True,True,True,True
US.NMM,NMM,Navios Maritime,71.21,68.776,59.298,55.937,95.195,-8.514,36.48146725,77.83704611,3.539025241,15.98367567,6.008545328,True,True,True,True,True
US.NN,NN,NextNav,21.96,17.981,15.865,15.823,102.583,-9.21,10.84000138,24.18768587,22.12891385,13.33753546,0.2654363901,True,True,True,True,True
US.NNCHY,NNCHY,NISSAN CHEMICAL CORPORATION UNSP ADR EA REPR 1 ORD SHS,46.95,40.583,37.739,37.442,76.172,-5.391,26.65009196,49.62529992,15.68883523,7.535970746,0.7932268575,True,True,True,True,True
US.NNGRY,NNGRY,NN GROUP N.V. UNSP ADR EACH REP 0.5 ORD SHS,44.41,41.14,38.71,37.664,50.815,-1.573,29.44667308,45.11973341,7.948468644,6.277447688,2.777187766,True,True,True,True,True
US.NOK,NOK,诺基亚,14.555,10.023,7.704,6.878,269.321,-4.213,3.941016081,15.19517262,45.21600319,30.10124611,12.00930503,True,True,True,True,True
US.NOV,NOV,华高,20.73,19.417,17.429,16.246,81.74,-0.955,11.40640475,20.92988036,6.762115672,11.40627689,7.281792441,True,True,True,True,True
US.NOVT,NOVT,Novanta,154.765,127.051,124.921,122.096,57.489,-6.52,98.27035539,165.559478,21.81328758,1.705077609,2.313753112,True,True,True,True,True
US.NPCE,NPCE,NeuroPace,15.81,15.192,14.713,13.414,109.057,-19.336,7.562530793,19.59982148,4.06793049,3.255624278,9.68391233,True,True,True,True,True
US.NPKI,NPKI,NPK International,15.68,14.675,13.516,12.725,105.504,-4.969,7.6300218,16.49987899,6.848381601,8.575022196,6.21611002,True,True,True,True,True
US.NPO,NPO,Enpro,323.39,272.524,245.931,239.785,87.327,-1.097,172.6339503,326.976937,18.66477815,10.81319557,2.56312947,True,True,True,True,True
US.NPSKY,NPSKY,日本精工(ADR),16.738,15.384,13.399,12.375,86.386,-9.281,8.980288219,18.45037974,8.801352054,14.8145384,8.274747475,True,True,True,True,True
US.NRC,NRC,NRC Health,18.99,17.225,16.347,15.809,75.5,-15.905,10.82051282,22.58160414,10.2467344,5.371016089,3.403124802,True,True,True,True,True
US.NRDBY,NRDBY,NORDEA BANK ABP SPON ADS EACH REP 1 ORD SHS,18.285,17.922,17.48,16.828,40.067,-5.487,13.05446679,19.34654492,2.025443589,2.528604119,3.874494889,True,True,True,True,True
US.NRSDY,NRSDY,NORDIC SEMICONDUCTOR ADS EACH REP 1 ORD SHS,22.275,15.461,13.173,13.117,116.472,-4.807,10.29001441,23.39982982,44.07218162,17.36886055,0.4269268888,True,True,True,True,True
US.NRXS,NRXS,Neuraxis,8.285,7.332,4.957,4.369,277.225,-11.2,2.196301942,9.329954955,12.99781779,47.91204357,13.45845731,True,True,True,True,True
US.NRXXY,NRXXY,NORDEX SE UNSP ADR EACH REP 0.50 ORD SHS,27.62,24.166,14.995,12.934,397.657,-6.499,5.550007334,29.53979102,14.29280808,61.1603868,15.93474563,True,True,True,True,True
US.NSA,NSA,National Storage Affiliates Trust,42.69,39.712,33.35,32.344,61.116,-3.01,26.49643735,44.01484689,7.498992748,19.07646177,3.110314123,True,True,True,True,True
US.NSC,NSC,诺福克南方,315.385,298.551,293.432,290.008,35.905,-2.047,232.062838,321.9758456,5.638567615,1.744526841,1.180657085,True,True,True,True,True
US.NTB,NTB,毕达菲尔特银行,54.97,53.33,49.532,47.93,39.472,-4.095,39.41292876,57.31713675,3.0751922,7.66777033,3.342374296,True,True,True,True,True
US.NTCT,NTCT,网侦系统,39.11,33.047,29.391,28.103,91.809,-4.423,20.39007554,40.91988658,18.34659727,12.43918206,4.58314059,True,True,True,True,True
US.NTOIY,NTOIY,NESTE OYJ UNSP ADR EACH REPR 0.5 ORD,16.645,15.705,12.614,11.729,235.932,-8.089,4.954871819,18.10991067,5.985354982,24.50451879,7.54540029,True,True,True,True,True
US.NTRS,NTRS,北方信托,164.23,150.899,141.369,137.93,61.751,-5.17,101.5326026,173.1835917,8.834385914,6.741223323,2.4932937,True,True,True,True,True
US.NTST,NTST,Netstreit,20.45,20.051,18.865,18.6,39.547,-3.446,14.65456083,21.1798579,1.989925689,6.28677445,1.424731183,True,True,True,True,True
US.NUE,NUE,纽柯钢铁,233.07,191.348,171.802,163.818,122.768,-1.01,104.6245421,235.4480251,21.80425194,11.37705033,4.873701303,True,True,True,True,True
US.NUVL,NUVL,Nuvalent,104.965,102.022,101.688,95.928,49.416,-7.122,70.25017401,113.0138461,2.884671934,0.3284556683,6.004503378,True,True,True,True,True
US.NUVR,NUVR,NUVERA COMMUNICATIONS INC,16.44,14.845,13.51,12.902,67.755,-1.532,9.800005961,16.69577934,10.74435837,9.881569208,4.712447683,True,True,True,True,True
US.NVAX,NVAX,诺瓦瓦克斯医药,9.245,8.967,8.29,8.28,50.815,-22.765,6.130026854,11.9699618,3.100256496,8.166465621,0.1207729469,True,True,True,True,True
US.NVCR,NVCR,Novocure,18.06,13.028,12.8,12.696,83.91,-9.97,9.820020662,20.05998001,38.62450107,1.78125,0.8191556396,True,True,True,True,True
US.NVCT,NVCT,Nuvectis Pharma,12.4,8.853,7.899,7.522,123.423,-7.046,5.550010518,13.33993158,40.06551451,12.07747816,5.011964903,True,True,True,True,True
US.NVDA,NVDA,英伟达,236.099,192.238,188.056,185.73,82.834,-0.189,129.132984,236.5460721,22.81598851,2.223805675,1.25235557,True,True,True,True,True
US.NVEC,NVEC,NVE Corp,91.59,76.021,69.429,67.819,62.502,-16.759,56.36238323,110.0299131,20.47986741,9.494591597,2.373965998,True,True,True,True,True
US.NVGS,NVGS,Navigator,23.66,20.489,18.566,17.897,77.771,0,13.30925742,23.66,15.4765972,10.357643,3.738056658,True,True,True,True,True
US.NVMI,NVMI,Nova,557.095,482.064,407.6,376.13,211.226,-1.399,179.0001478,564.9993408,15.56453085,18.26889107,8.366788079,True,True,True,True,True
US.NVRI,NVRI,Enviri,19.655,19.005,17.455,15.841,167.414,-1.651,7.350026551,19.98495155,3.420152591,8.879977084,10.18875071,True,True,True,True,True
US.NVS,NVS,诺华制药,150.46,150.407,140.92,135.853,41.831,-9.065,106.0840014,165.4588442,0.03523772165,6.732188476,3.729766733,True,True,True,True,True
US.NVT,NVT,nVent Electric,173.343,133.173,116.122,110.15,176.681,-0.947,62.65085062,175.0002524,30.16377194,14.68369473,5.421697685,True,True,True,True,True
US.NVTS,NVTS,纳微半导体,22.13,12.543,10.556,9.586,1078.143,-7.014,1.878379789,23.79928161,76.43307024,18.82341796,10.11892343,True,True,True,True,True
US.NWE,NWE,NorthWestern,71.74,69.438,66.278,63.497,46.708,-4.575,48.8998555,75.17946031,3.315187649,4.767796252,4.379734476,True,True,True,True,True
US.NWPP,NWPP,NEW PEOPLES BANKSHARES INC,4.25,3.958,3.381,3.238,46.156,0,2.907851884,4.25,7.377463365,17.06595682,4.416306362,True,True,True,True,True
US.NWPX,NWPX,NWPX 基础设施,111.907,85.793,70.988,65.888,194.57,-2.067,37.98995145,114.268939,30.43838075,20.85563757,7.740407965,True,True,True,True,True
US.NXDT,NXDT,NexPoint Diversified Real Estate Trust,5.06,4.74,3.972,3.89,115.323,-7.83,2.34995797,5.489855701,6.751054852,19.33534743,2.107969152,True,True,True,True,True
US.NXPI,NXPI,恩智浦,293.65,226.612,222.181,222.001,62.017,-4.229,181.2464124,306.6168256,29.58272289,1.994319946,0.08108071585,True,True,True,True,True
US.NXT,NXT,Nextpower,143.19,117.585,105.078,95.49,177.016,-8.668,51.69015508,156.779661,21.7757367,11.90258665,10.04084197,True,True,True,True,True
US.NYAX,NYAX,Nayax,66,62.418,53.785,52.064,71.428,-11.8,38.50012833,74.82993197,5.738729213,16.05094357,3.305547019,True,True,True,True,True
US.NYCB.PRA,NYCB.PRA,NEW YORK COMMUNITY BANCORP INC DEP SHS REP 1/40 INT FXD/FLTG RATE SER A,21.28,21.039,18.585,18.465,161.086,-5.955,8.150571076,22.62746557,1.145491706,13.20419693,0.6498781478,True,True,True,True,True
US.NYCB.PRU,NYCB.PRU,NEW YORK COMMUNITY CAPITAL TRUST V 6% CNV 01/11/2051 USD,38,36.951,33.28,32.774,152.925,-3.146,15.02421667,39.23431144,2.838894753,11.03064904,1.543906755,True,True,True,True,True
US.NYMTO,NYMTO,New York Mortgage Trust 7.875% Series C Preferred Stock,25.06,24.741,23.846,22.946,38.497,-0.531,18.09425475,25.19377897,1.289357746,3.753250021,3.922252244,True,True,True,True,True
US.OBE,OBE,Obsidian Energy,13.22,10.57,7.832,7.407,188.646,-9.389,4.580004573,14.58984009,25.07095553,34.95914198,5.73781558,True,True,True,True,True
US.OBK,OBK,Origin Bancorp,46.17,43.723,40.135,39.148,44.837,-4.052,31.8772137,48.1198149,5.596596757,8.93982808,2.521201594,True,True,True,True,True
US.OCC,OCC,Optical Cable,12.555,9.567,7.578,7.432,414.549,-10,2.440000855,13.95,31.23236124,26.24703088,1.964477933,True,True,True,True,True
US.OCS,OCS,Oculis,30.92,27.346,24.382,22.69,93.25,-10.311,16,34.47468474,13.06955313,12.1565089,7.457029528,True,True,True,True,True
US.ODC,ODC,美国石油勘探,78.125,68.998,60.737,60.699,72.314,-1.351,45.33874206,79.19492342,13.22791965,13.60126447,0.06260399677,True,True,True,True,True
US.OFED,OFED,Oconee Federal Financial,18.35,15.816,13.904,13.579,61.576,0,11.35688469,18.35,16.02175013,13.75143843,2.393401576,True,True,True,True,True
US.OGC,OGC,OceanaGold,33.805,32.795,30.606,27.574,239,-21.802,9.971976401,43.23000588,3.079737765,7.152192381,10.99586567,True,True,True,True,True
US.OHI,OHI,Omega Healthcare Investors,47.82,45.764,43.832,42.776,42.553,-1.278,33.5454182,48.43905107,4.492614282,4.407738638,2.468674023,True,True,True,True,True
US.OII,OII,国际海洋工程,38.86,36.37,30.15,28.526,110.623,-3.14,18.45002683,40.11976048,6.846301897,20.63018242,5.693051953,True,True,True,True,True
US.OJIPY,OJIPY,OJI HOLDINGS CORP ADR(EACH CNV INTO 10 ORD)NPV,55.39,52.845,48.956,46.103,42.757,-1.071,38.80019894,55.98964914,4.815971237,7.943867963,6.188317463,True,True,True,True,True
US.OKE,OKE,欧尼克(万欧卡),90.87,86.904,77.378,75.828,45.608,-3.505,62.40728531,94.17068242,4.563656448,12.31099279,2.044099805,True,True,True,True,True
US.OLN,OLN,欧林,27.89,27.006,23.573,23.254,59.521,-7.799,17.4835915,30.24912962,3.273346664,14.56327154,1.371807001,True,True,True,True,True
US.OLPX,OLPX,Olaplex,2.035,1.811,1.501,1.473,105.079,-0.245,0.9923005281,2.039997995,12.36885699,20.65289807,1.900882553,True,True,True,True,True
US.OMRNY,OMRNY,欧姆龙(ADR),37.61,31.498,28.731,28.238,61.902,-7.728,23.23010216,40.75992717,19.40440663,9.630712471,1.745874354,True,True,True,True,True
US.OMVKY,OMVKY,OMV AG SPON ADR-EACH 5 REP 0.25 NPV(LEVEL 1),18.151,17.525,15.4,14.928,52.86,-2.831,11.87426403,18.67982587,3.572039943,13.7987013,3.161843516,True,True,True,True,True
US.ON,ON,安森美半导体,118.73,77.628,63.754,60.311,192.294,-0.172,40.62006062,118.9345675,52.94739012,21.76177181,5.708743015,True,True,True,True,True
US.ONDS,ONDS,Ondas,11.55,9.913,9.484,8.531,1295.613,-24.41,0.8275933228,15.27979892,16.51366892,4.523407845,11.17102333,True,True,True,True,True
US.ONTO,ONTO,Onto Innovation,277.38,244.828,194.619,174.397,210.268,-12.221,89.4001315,315.9981317,13.29586485,25.79861165,11.59538295,True,True,True,True,True
US.ONVC,ONVC,ONLINE VACATION CENTER HOLDINGS COR,2.5,2.311,2.004,1.839,62.919,-12.621,1.534504877,2.861099349,8.178277802,15.31936128,8.972267537,True,True,True,True,True
US.OOMA,OOMA,Ooma,18.99,15.481,12.878,12.684,93.923,-2.914,9.792546526,19.55997775,22.66649441,20.21276596,1.529485967,True,True,True,True,True
US.OPHC,OPHC,合宜银行控股,5.49,5.357,4.75,4.627,40.409,-2.659,3.910005769,5.639966715,2.482732873,12.77894737,2.65830992,True,True,True,True,True
US.OPHLY,OPHLY,小野药品工业(ADR),5.36,5.067,4.771,4.528,60.96,-6.782,3.330019881,5.749962454,5.782514308,6.204150073,5.366607774,True,True,True,True,True
US.OPLN,OPLN,OPENLANE,36.05,30.542,28.839,28.678,65.064,-6.412,21.84001357,38.51989571,18.03418244,5.905197822,0.5614059558,True,True,True,True,True
US.ORANY,ORANY,ORANGE SPON ADR EACH REPR 1 ORD SHS,21.68,20.561,18.343,17.706,60.071,-0.778,13.54398985,21.84999295,5.442342299,12.09180614,3.597650514,True,True,True,True,True
US.ORBN,ORBN,OREGON BANCORP INC,27.5,26.031,23.028,21.919,54.187,0,17.83548548,27.5,5.643271484,13.04064617,5.059537388,True,True,True,True,True
US.ORMP,ORMP,Oramed Pharmaceuticals,4.645,3.714,3.103,2.855,152.282,-7.285,1.841193585,5.009976811,25.06731287,19.69062198,8.686514886,True,True,True,True,True
US.ORN,ORN,Orion Group,15.62,12.116,11.324,10.391,142.546,-1.201,6.440015502,15.80987662,28.92043579,6.993995055,8.978924069,True,True,True,True,True
US.ORPB,ORPB,OREGON PACIFIC BANCORP,11.22,11.12,9.879,9.425,49.6,-0.795,7.5,11.30991381,0.8992805755,12.5620002,4.816976127,True,True,True,True,True
US.OSBK,OSBK,OCONEE FINL CORP,49,46.239,40.26,38.541,32.006,-3.883,37.11952487,50.97953536,5.971149895,14.8509687,4.460185257,True,True,True,True,True
US.OSS,OSS,One Stop Systems,16.65,10.059,8.276,7.63,602.531,-2.173,2.370002178,17.01984115,65.52341187,21.54422426,8.466579292,True,True,True,True,True
US.OTSKY,OTSKY,大冢控股(ADR),36.18,34.378,30.904,29.946,66.881,-3.571,21.68011937,37.51983325,5.241724359,11.24126327,3.199091698,True,True,True,True,True
US.OUKPY,OUKPY,METSO OYJ UNSP ADR EACH REPR .50 ORD,8.825,8.822,8.659,8.099,65.348,-18.261,5.337228149,10.79655978,0.03400589436,1.882434461,6.914433881,True,True,True,True,True
US.OUT,OUT,Outfront Media Inc.,33.01,29.046,24.777,23.03,126.149,-5.577,14.59657129,34.95970261,13.64731805,17.22968882,7.585757707,True,True,True,True,True
US.OUTKY,OUTKY,OUTOKUMPU OYJ ADR EACH REPR 0.5 ORD UNSPON (POST R/S),3.167,2.714,2.025,1.93,104.267,-8.119,1.550421752,3.44684973,16.69123066,34.02469136,4.922279793,True,True,True,True,True
US.OVBC,OVBC,俄亥俄河谷银行,46.22,43.906,40.684,39.388,72.15,-1.377,26.84867848,46.86533567,5.270350294,7.919575263,3.290342236,True,True,True,True,True
US.OVCHY,OVCHY,OVERSEA-CHINESE BANKING CORP UNSP ADR EACH REP 2 ORD,35.84,33.655,30.743,29.387,55.321,-3.061,23.07479349,36.97170386,6.492348834,9.472074944,4.614285228,True,True,True,True,True
US.OVID,OVID,Ovid Therapeutics,2.795,2.521,1.88,1.689,934.801,-9.983,0.2701002415,3.104969061,10.8687029,34.09574468,11.30846655,True,True,True,True,True
US.OVLY,OVLY,橡木谷银行,33.25,33.036,30.769,29.999,38.825,-6.258,23.95101747,35.46969341,0.6477781814,7.367805259,2.566752225,True,True,True,True,True
US.OVV,OVV,Ovintiv,58.235,57.317,46.253,44.717,71.624,-8.233,33.93173449,63.45963146,1.601619066,23.92061055,3.43493526,True,True,True,True,True
US.PAA,PAA,Plains All American Pipeline,22.5,21.551,18.825,18.222,52.674,-1.531,14.73728336,22.84983091,4.403507958,14.48074369,3.309186697,True,True,True,True,True
US.PAAS,PAAS,泛美白银,61.72,55.808,51.317,46.987,176.001,-11.584,22.36223782,69.80636989,10.5934633,8.751485862,9.215314874,True,True,True,True,True
US.PACS,PACS,PACS Group,39.315,34.227,30.903,26.11,424.2,-8.739,7.5,43.07973833,14.8654571,10.75623726,18.35695136,True,True,True,True,True
US.PACWP,PACWP,PacWest Bancorp ADR,20.94,20.587,18.465,16.779,414.375,-11.978,4.070959903,23.78950717,1.714674309,11.49201191,10.04827463,True,True,True,True,True
US.PAGP,PAGP,Plains GP Holdings,24.12,23.296,20.168,19.542,53.367,-0.964,15.72698168,24.35478008,3.537087912,15.50971837,3.203356872,True,True,True,True,True
US.PANL,PANL,Pangaea Logistics Solutions,8.32,7.489,7.127,6.622,101.416,-11.395,4.13075426,9.389989278,11.09627454,5.079275993,7.626094835,True,True,True,True,True
US.PARR,PARR,Par Pacific,60.767,60.651,46.841,43.373,215.162,-13.67,19.28119507,70.38920422,0.1912581821,29.48271813,7.995757729,True,True,True,True,True
US.PBA,PBA,Pembina Pipeline,48.48,44.638,40.773,39.866,42.056,-0.205,34.12738638,48.57958816,8.607016443,9.47931229,2.275121658,True,True,True,True,True
US.PBAM,PBAM,PRIVATE BANCORP OF AMERICA INC,74.388,70.443,62.908,61.694,39.696,-5.274,53.2499141,78.52965395,5.600272561,11.97780886,1.967776445,True,True,True,True,True
US.PBCO,PBCO,PBCO FINL CORP,20.75,18.899,17.084,16.316,53.005,0,13.56164831,20.75,9.794169004,10.62397565,4.707036038,True,True,True,True,True
US.PBFS,PBFS,Pioneer Bancorp,15.15,14.112,13.849,13.623,34.785,-0.198,11.24012316,15.18005651,7.355442177,1.899054083,1.658959113,True,True,True,True,True
US.PBKX,PBKX,PARTNERS BANK CALIFORNIA,14.55,12.777,11.231,10.918,54.787,0,9.400014213,14.55,13.87649683,13.76547057,2.866825426,True,True,True,True,True
US.PBNC,PBNC,PB FINL CORP,75,59.579,52.019,49.613,67.235,0,44.84707149,75,25.88328102,14.53315135,4.849535404,True,True,True,True,True
US.PBT,PBT,帕米亚盆地皇室信托,27.95,22.109,19.493,18.786,164.65,-4.931,10.56111846,29.39969917,26.41910534,13.42020212,3.76344086,True,True,True,True,True
US.PBYI,PBYI,Puma Biotechnology,7.185,6.893,6.202,5.819,137.128,-9.031,3.030009109,7.898295024,4.236181634,11.14156724,6.581886922,True,True,True,True,True
US.PCB,PCB,PCB Bancorp,23.795,23.071,22.095,21.757,31.544,-4.55,18.08900444,24.92928235,3.138138789,4.417288979,1.553523004,True,True,True,True,True
US.PCFBY,PCFBY,太平洋航运(ADR),8.36,7.83,6.99,6.591,86.231,-6.525,4.489048547,8.943567799,6.768837803,12.01716738,6.053709604,True,True,True,True,True
US.PCLB,PCLB,PINNACLE BANCSHARES INC,38.438,34.624,31.166,29.593,30.043,-3.905,29.55791546,40,11.01548059,11.0954245,5.31544622,True,True,True,True,True
US.PCRHY,PCRHY,PANASONIC HOLDINGS CORP UNSPON ADR EACH REP 1 ORD,21.51,18.177,14.848,13.769,131.29,-2.845,9.300012971,22.13987957,18.33635914,22.42052802,7.836444186,True,True,True,True,True
US.PDEX,PDEX,Pro-Dex,58.06,50.886,41.794,41.359,147.379,-5.777,23.47006011,61.61977437,14.09818025,21.7543188,1.051766242,True,True,True,True,True
US.PDFS,PDFS,PDF Solutions,45.34,39.182,32.925,30.131,161.324,-19.695,17.35010944,56.45974721,15.71640039,19.00379651,9.272841924,True,True,True,True,True
US.PDLB,PDLB,PDL Community Bancorp,17.7,17.136,16.323,15.899,38.173,-1.939,12.81002801,18.04998929,3.291316527,4.980702077,2.666834392,True,True,True,True,True
US.PDS,PDS,Precision Drilling,94.29,93.728,77.839,72.501,133.448,-9.161,40.39015113,103.7990291,0.5996073745,20.41264662,7.362657067,True,True,True,True,True
US.PEB,PEB,Pebblebrook Hotel Trust,14.23,13.319,12.106,11.789,64.331,-4.142,8.659352161,14.84487471,6.839852842,10.01982488,2.688947324,True,True,True,True,True
US.PEBK,PEBK,北加利福尼亚国民银行,40.14,39.523,35.932,34.416,53.16,-5.829,26.20788718,42.62458719,1.561116312,9.993877324,4.40492794,True,True,True,True,True
US.PFAI,PFAI,Pinnacle Food Group,3.74,3.301,2.693,2.473,187.692,-24.137,1.30000139,4.929939496,13.2990003,22.57705162,8.896077638,True,True,True,True,True
US.PFG,PFG,信安金融,100.99,93.547,89.141,86.427,38.496,-1.951,72.91907348,102.9995206,7.956428319,4.942731179,3.140222384,True,True,True,True,True
US.PFIS,PFIS,人民金服,57.83,55.402,51.488,50.875,35.698,-3.391,42.61669295,59.85984743,4.382513267,7.601771287,1.204914005,True,True,True,True,True
US.PFLC,PFLC,PACIFIC FINANCIAL CORP,16.4,13.532,12.439,11.981,64.55,-3.523,9.966575509,16.9988702,21.19420633,8.786879974,3.822719306,True,True,True,True,True
US.PFS,PFS,Provident Financial Services,21.985,21.657,20.585,20.145,43.146,-7.344,15.35844522,23.72755137,1.514521864,5.207675492,2.184164805,True,True,True,True,True
US.PFSB,PFSB,PFS BANCORP INC,18.26,17.134,15.402,14.435,73.574,-3.844,10.52000876,18.98997462,6.571728727,11.24529282,6.698995497,True,True,True,True,True
US.PGC,PGC,皮帕克格拉德斯通金融,41.77,37.806,31.972,30.867,72.212,-4.589,24.25498804,43.77901919,10.48510818,18.24721631,3.579874947,True,True,True,True,True
US.PGNN,PGNN,PARAGON BK MEMPHIS TENN,12.74,12.526,11.525,10.808,40.385,-1.545,9.07504363,12.93992179,1.708446431,8.685466377,6.633974833,True,True,True,True,True
US.PGUCY,PGUCY,PROSEGUR CASH UNSPON ADS EACH REP 5 ORD SHS,3.595,3.285,2.574,2.567,67.735,-20.763,2.143261693,4.537021846,9.436834094,27.62237762,0.2726918582,True,True,True,True,True
US.PHIN,PHIN,Phinia,79.45,70.676,64.735,62.452,95.217,-1.822,40.69829984,80.92444336,12.4143981,9.177415618,3.655607507,True,True,True,True,True
US.PHVS,PHVS,Pharvaris,31.085,28.16,26.242,25.386,101.067,-6.735,15.46002079,33.32975929,10.38707386,7.308894139,3.371937288,True,True,True,True,True
US.PKBK,PKBK,帕克合众银行,30.28,28.98,25.868,24.717,66.239,-3.721,18.21473902,31.45026434,4.485852312,12.03030772,4.656714003,True,True,True,True,True
US.PKE,PKE,帕克航空航天,34.28,30.658,24.747,23.205,164.261,-4.406,12.97202387,35.85999121,11.81420836,23.88572352,6.645119586,True,True,True,True,True
US.PKOH,PKOH,帕克俄亥俄控股,30.84,26.419,23.54,22.543,101.824,-3.383,15.28064056,31.91984847,16.73416859,12.23024639,4.422658919,True,True,True,True,True
US.PKST,PKST,Peakstone Realty Trust(已退市),20.99,20.897,16.928,15.954,85.201,-0.047,11.33363211,20.99986994,0.4450399579,23.44636106,6.105052025,True,True,True,True,True
US.PKX,PKX,浦项钢铁,82.69,66.815,59.821,57.634,101.816,-10.508,40.97296547,92.39932061,23.75963481,11.69154645,3.794635111,True,True,True,True,True
US.PL,PL,Planet Labs PBC,42.98,33.6,23.549,19.925,1138.616,-0.486,3.470002002,43.18990293,27.91666667,42.68121789,18.18820577,True,True,True,True,True
US.PLAB,PLAB,福尼克斯,52.2,43.794,34.706,31.617,214.647,-6.785,16.59001993,55.99957088,19.19441019,26.18567395,9.770060411,True,True,True,True,True
US.PLBC,PLBC,Plumas Bancorp,51.65,50.071,46.806,45.564,32.749,-4.147,38.90801437,53.88459412,3.153521999,6.975601419,2.725836186,True,True,True,True,True
US.PLD,PLD,安博,142.61,136.931,130.79,125.344,43.238,-1.945,99.56156886,145.4387844,4.147344283,4.695313097,4.344842992,True,True,True,True,True
US.PLGO,PLGO,Pelagos Insurance,23.565,19.906,19.1,18.529,63.212,-0.148,14.4382766,23.59992789,18.38139254,4.219895288,3.081655783,True,True,True,True,True
US.PLOW,PLOW,Douglas Dynamics,45.36,44.074,37.787,36.126,75.648,-13.319,25.82437602,52.32980699,2.91782003,16.63799719,4.597796601,True,True,True,True,True
US.PLPC,PLPC,Preformed Line Products,349.99,302.598,254.402,237.173,163.68,-5.866,132.732858,371.7997748,15.66170299,18.94481962,7.264317608,True,True,True,True,True
US.PLRZ,PLRZ,Polyrizon,15.672,13.595,11.141,9.986,444.18,-13.887,2.879929435,18.19934272,15.27767562,22.02674805,11.56619267,True,True,True,True,True
US.PLSE,PLSE,Pulse Biosciences,26.915,21.208,17.813,17.456,114.291,-3.806,12.56002352,27.97991559,26.90965673,19.05911413,2.045142071,True,True,True,True,True
US.PLUG,PLUG,普拉格能源,3.845,2.746,2.487,2.35,418.683,-16.048,0.7413005632,4.579998094,40.02184996,10.4141536,5.829787234,True,True,True,True,True
US.PLXS,PLXS,普雷克萨斯,264.19,224.895,183.968,172.24,129.033,-4.219,115.3501897,275.8271473,17.47259832,22.24680379,6.809103576,True,True,True,True,True
US.PM,PM,菲利普莫里斯,191.53,166.227,163.222,162.424,37.247,-0.699,139.5513199,192.8782187,15.22195552,1.841050839,0.4913067034,True,True,True,True,True
US.PNBI,PNBI,PIONEER BANKSHARES INC VA,37.4,33.136,28.439,26.658,58.395,0,23.61185643,37.4,12.86817962,16.5160519,6.680921299,True,True,True,True,True
US.PNC,PNC,PNC金融服务集团,213.51,212.913,206.386,203.176,30.34,-11.802,163.8100353,242.0803193,0.2803962182,3.162520714,1.579911013,True,True,True,True,True
US.PNRG,PNRG,PrimeEnergy Resources,253.68,222.01,186.662,180.648,100.696,-0.562,126.4001276,255.1137392,14.26512319,18.93690199,3.329126257,True,True,True,True,True
US.PNTG,PNTG,Pennant Group,36.64,31.858,29.436,28.235,68.614,-2.397,21.73010545,37.53982972,15.01035847,8.228020111,4.253585975,True,True,True,True,True
US.PODC,PODC,PodcastOne,3.625,2.647,2.451,2.251,178.846,-8.227,1.300000717,3.949963497,36.94748772,7.996736026,8.884940027,True,True,True,True,True
US.POET,POET,POET Technologies,20.01,8.049,6.946,6.602,416.837,-3.139,3.871626838,20.65846935,148.6023108,15.87964296,5.21054226,True,True,True,True,True
US.POWI,POWI,帕沃英蒂格盛,70.67,58.337,46.505,45.804,131.463,-13.382,30.53187767,81.58812256,21.14095685,25.44242555,1.530434023,True,True,True,True,True
US.POWL,POWL,Powell Industries,294.2,223.868,162.701,144.805,438.591,-10.304,54.62400968,327.9967892,31.41672771,37.59472898,12.35868927,True,True,True,True,True
US.PPBN,PPBN,PINNACLE BANKSHARES CORP,52,48.062,42.577,39.91,65.158,-1.421,31.48500224,52.74957141,8.193583288,12.88254222,6.682535705,True,True,True,True,True
US.PPHI,PPHI,POSITIVE PHYSICIANS HOLDINGS INC,7.5,6.825,6.615,5.782,371.568,-6.25,1.590438707,8,9.89010989,3.174603175,14.40677966,True,True,True,True,True
US.PPIH,PPIH,Perma-Pipe International Holdings,33.64,31.182,29.998,29.101,169.12,-8.387,12.5,36.71967952,7.88275287,3.946929795,3.082368303,True,True,True,True,True
US.PPLL,PPLL,PEOPLES,59.5,59.293,48.818,43.69,68.68,-14.535,35.27389139,69.61914234,0.3491137234,21.45724938,11.73723964,True,True,True,True,True
US.PPTA,PPTA,Perpetua Resources,31.268,29.459,28.06,25.63,167.705,-16.328,11.68002092,37.36972942,6.140737975,4.985744833,9.481076863,True,True,True,True,True
US.PRAX,PRAX,Praxis Precision Medicines,344.065,318.77,271.252,215.325,877.179,-4.096,35.21002805,358.7598015,7.93518838,17.51802752,25.97329618,True,True,True,True,True
US.PREM,PREM,PREMIER AIR CHARTER HOLDINGS I,0.073,0.063,0.05,0.048,191.2,-6.666,0.02506868132,0.07821372704,15.87301587,26,4.166666667,True,True,True,True,True
US.PRLB,PRLB,Proto Labs,71.84,61.599,56.718,54.699,98.727,-1.737,36.15009536,73.1099193,16.62526989,8.60573363,3.691109527,True,True,True,True,True
US.PRLD,PRLD,Prelude Therapeutics,4.51,4.026,2.657,2.273,501.333,-18.592,0.7500004157,5.539996069,12.02185792,51.5242755,16.89397272,True,True,True,True,True
US.PRM,PRM,Perimeter Solutions,34.44,26.454,26.245,24.79,198.31,-1.148,11.54503704,34.83996277,30.1882513,0.7963421604,5.869302138,True,True,True,True,True
US.PRPO,PRPO,Precipio,28.6,28.013,24.509,22.555,280.319,-14.956,7.520002945,33.62965053,2.095455681,14.29678893,8.663267568,True,True,True,True,True
US.PRSU,PRSU,Pursuit Attractions and Hospitality,42.755,39.217,36.467,36.169,60.371,-5.97,26.66005699,45.469531,9.021597776,7.541064524,0.8239099782,True,True,True,True,True
US.PRYMY,PRYMY,PRYSMIAN SPA UNSP ADR EACH REPR 0.50 ORD EUR0.10,90.77,67.396,57.576,54.484,200.197,-2.124,30.23681116,92.73979321,34.68158348,17.05571766,5.675060568,True,True,True,True,True
US.PSIG,PSIG,PS International Group,7.34,6.235,5.093,4.692,228.853,-0.81,2.232000316,7.39993951,17.72253408,22.42293344,8.546462063,True,True,True,True,True
US.PSMT,PSMT,普尔斯玛特,159.195,153.179,138.708,132.235,60.847,-3.783,98.97293701,165.4541297,3.927431306,10.43270756,4.895073165,True,True,True,True,True
US.PSTL,PSTL,Postal Realty Trust,23.23,20.37,17.729,17.014,88.004,-2.681,12.35612008,23.86995345,14.04025528,14.89649726,4.202421535,True,True,True,True,True
US.PSX,PSX,Phillips 66,171.56,170.833,149.682,143.902,60.512,-9.994,106.8829745,190.6095149,0.425561806,14.13062359,4.016622424,True,True,True,True,True
US.PSZKY,PSZKY,POWSZECHNA KASA OSZCZED BK POLSKI UNSP ADR EA REPR 1 ORD SHS PLN1,27.386,25.718,24.007,23.192,62.785,-8.825,16.82341739,30.03674253,6.485729839,7.127087933,3.514142808,True,True,True,True,True
US.PTBS,PTBS,POTOMAC BANCSHARES INC,21.99,20.049,18.754,18.253,40.32,-1.034,15.67132269,22.21975224,9.681280862,6.905193559,2.744754287,True,True,True,True,True
US.PTEN,PTEN,Patterson-UTI Energy,12.115,10.818,8.026,7.366,143.729,-4.001,4.970684654,12.61992312,11.98927713,34.78694244,8.960086886,True,True,True,True,True
US.PTGX,PTGX,Protagonist Therapeutics,105.215,100.557,89.438,81.844,138.907,-2.434,44.04014951,107.8398212,4.632198653,12.43207585,9.278627633,True,True,True,True,True
US.PTRRY,PTRRY,PRIO S.A. SPON ADS EACH REP 1 ORD SHS,13.54,12.822,9.685,9.106,107.668,-5.775,6.520022343,14.36985938,5.599750429,32.39029427,6.358444981,True,True,True,True,True
US.PUGBY,PUGBY,PUIG BRANDS SA UNSPON ADS EACH REP 0.5 ORD,10.13,10.029,9.261,9.17,35.337,-15.23,7.485018879,11.94998231,1.00707947,8.292840946,0.9923664122,True,True,True,True,True
US.PUK,PUK,英国保诚,31.565,29.8,29.651,28.855,45.303,-6.015,21.72357075,33.58514657,5.922818792,0.5025125628,2.75862069,True,True,True,True,True
US.PUMP,PUMP,ProPetro Holding,16.87,14.91,11.544,9.907,274.057,-8.81,4.510007833,18.49983551,13.14553991,29.15800416,16.52367013,True,True,True,True,True
US.PUMSY,PUMSY,PUMA SE UNSPON ADR EACH REP 0.1 ORD SHS,2.92,2.689,2.498,2.439,70.76,-4.885,1.710002342,3.069967934,8.590554109,7.646116894,2.41902419,True,True,True,True,True
US.PUTRY,PUTRY,PTT PUBLIC COMPANY UNSP ADR EACH REP 5 ORD SHS,5.52,5.188,4.695,4.563,33.797,-13.75,4.125653042,6.4,6.399383192,10.50053248,2.892833662,True,True,True,True,True
US.PVL,PVL,Permianville Royalty Trust,1.92,1.852,1.769,1.764,42.626,-4.477,1.346178116,2.009987124,3.671706263,4.691916337,0.283446712,True,True,True,True,True
US.PW.PRA,PW.PRA,POWER REIT 7.75% CUM RED PERP PFD SHS SER A USD25,8.681,7.485,6.017,5.546,175.577,-12.316,3.150117753,9.90032389,15.97862391,24.3975403,8.492607285,True,True,True,True,True
US.PWR,PWR,广达服务,776.455,619.289,515.097,484.136,142.451,-1.558,320.2523396,788.7436257,25.3784582,20.22764644,6.395103855,True,True,True,True,True
US.QBIEY,QBIEY,QBE INSURANCE GROUP SPON ADR EA REPR 1 ORD SHS,16.42,15.5,13.621,13.463,40.725,-3.126,11.6681471,16.94985239,5.935483871,13.79487556,1.173586868,True,True,True,True,True
US.QCRH,QCRH,QCR Holdings,89.21,87.492,84.51,82.343,40.602,-6.957,63.44859959,95.88039939,1.963608101,3.5285765,2.631674824,True,True,True,True,True
US.QEPC,QEPC,Q.E.P. CO INC,50,45.758,40.217,39.557,44.003,-1.511,34.72149886,50.76709074,9.270510075,13.77775568,1.668478398,True,True,True,True,True
US.QKLS,QKLS,庆客隆,0,0,0,0,9900,0,0,0,,,,True,True,True,True,True
US.QNBC,QNBC,QNB CORP,44,41.02,37.002,36.02,41.276,-4.347,31.14470965,45.99960273,7.264748903,10.85887249,2.726263187,True,True,True,True,True
US.QNTO,QNTO,QUAINT OAK BANCORP INC,17.59,15.116,11.849,11.478,100.171,0,8.787486699,17.59,16.36676369,27.571947,3.23227043,True,True,True,True,True
US.QTI,QTI,QT Imaging,6.7,6.618,5.894,4.987,832.109,-21.176,0.7188000545,8.499949254,1.239045029,12.28367832,18.18728695,True,True,True,True,True
US.QTTB,QTTB,Q32 Bio,6.122,5.968,4.23,3.649,355.137,-23.908,1.345089501,8.04552384,2.580428954,41.08747045,15.92217046,True,True,True,True,True
US.QUAD,QUAD,Quad/Graphics,7.415,7.129,6.372,6.317,53.928,-14.178,4.817187256,8.639975764,4.011782859,11.88010044,0.8706664556,True,True,True,True,True
US.QUIK,QUIK,快辑半导体,20.312,12.359,8.787,8.036,323.166,-10.48,4.800007562,22.6899017,64.34986649,40.65096165,9.345445495,True,True,True,True,True
US.R,R,莱德系统,229.865,217.673,198.229,194.244,62.741,-11.249,141.2459061,258.9998986,5.601062144,9.808857433,2.05154342,True,True,True,True,True
US.RAASY,RAASY,容联云,2.2,1.901,1.75,1.648,1366.666,-12.698,0.1500000682,2.519988087,15.72856391,8.628571429,6.189320388,True,True,True,True,True
US.RAIFY,RAIFY,RAIFFEISEN BANK INTERNATIONAL UNSP ADR EA REPR 0.25 ORD SHS,14.6,12.022,10.906,10.218,127.345,-2.013,6.421957817,14.89993571,21.4440193,10.23289932,6.733215894,True,True,True,True,True
US.RAPP,RAPP,Rapport Therapeutics,38.315,33.109,29.541,27.262,395.666,-9.353,7.730003672,42.26835968,15.72382132,12.0781287,8.359621451,True,True,True,True,True
US.RBB,RBB,RBB Bancorp,23.47,22.305,20.952,20.415,51.934,-4.979,15.44749694,24.6998032,5.223044161,6.457617411,2.63041881,True,True,True,True,True
US.RBC,RBC,RBC轴承,608.76,574.989,503.801,475.177,73.342,-3.677,351.1901328,631.9985881,5.873329751,14.13018235,6.023860582,True,True,True,True,True
US.RBKB,RBKB,Rhinebeck Bancorp,16.145,15.71,13.195,13.04,71.572,-10.255,9.410043597,17.98986016,2.768936983,19.06025009,1.188650307,True,True,True,True,True
US.RBNK,RBNK,RIVERBANK HLDG CO,28.5,24.91,20.826,19.617,52.815,-5,18.65000164,30,14.41188278,19.61010276,6.163021869,True,True,True,True,True
US.RBSFY,RBSFY,RUBIS SCA UNSP ADR EACH REP 0.20 SHS,8.7,8.355,7.833,7.523,50.55,-0.684,5.778811026,8.759917838,4.129263914,6.664113367,4.120696531,True,True,True,True,True
US.RBSH,RBSH,REBUS HLDGS INC,0,0,0,0,9900,0,0,0,,,,True,True,True,True,True
US.RCUS,RCUS,Arcus Biosciences,24.885,23.427,21.941,19.279,214.601,-13.353,7.910019358,28.71997876,6.223588167,6.772708628,13.80777011,True,True,True,True,True
US.RDNW,RDNW,RideNow Group,7.963,6.752,5.743,5.2,445.424,-3.124,1.459965091,8.219786118,17.93542654,17.5692147,10.44230769,True,True,True,True,True
US.REDFY,REDFY,Rediff.com India Limited,0,0,0,0,9900,-0.99,0,0,,,,True,True,True,True,True
US.RELL,RELL,理查森电子,17.01,12.855,11.696,11.189,100.725,-4.972,8.474280732,17.89998737,32.32205368,9.909370725,4.531236035,True,True,True,True,True
US.REPX,REPX,Riley Exploration Permian,36.375,35.211,29.322,28.584,55.86,-10.843,23.33825228,40.79881557,3.305785124,20.08389605,2.58186398,True,True,True,True,True
US.REPYY,REPYY,REPSOL SA SPON ADR-EACH CNV INTO 1 ORD(BNY),26.23,26.185,21.223,19.952,118.022,-9.801,12.03089596,29.08014501,0.171854115,23.38029496,6.370288693,True,True,True,True,True
US.RES,RES,RPC Inc,7.115,6.985,5.986,5.622,73.901,-12.29,4.09140833,8.111959868,1.861130995,16.68894086,6.474564212,True,True,True,True,True
US.REX,REX,REX American Resources,49.305,44.428,37,35.126,153.626,-7.599,19.44004164,53.35981212,10.97731161,20.07567568,5.335079428,True,True,True,True,True
US.RF.PRB,RF.PRB,REGIONS FINANCIAL CORP 6.375 NON CUM REP 1/40 PERP PFD SER B,24.98,24.838,24.35,23.848,30.049,-0.119,19.20814462,25.00976162,0.5717046461,2.004106776,2.104998323,True,True,True,True,True
US.RFIL,RFIL,RF Industries,18.325,12.777,9.633,9.1,360.427,-3.552,3.980001173,18.99987558,43.4217735,32.63780754,5.857142857,True,True,True,True,True
US.RGFC,RGFC,The Real Good Food,0.69,0.486,0.219,0.186,690000,-17.609,9.998550935e-05,0.837470112,41.97530864,121.9178082,17.74193548,True,True,True,True,True
US.RGLXY,RGLXY,RTL GROUP UNSP ADR EACH REPR 0.10 EUR0.00,4.3,3.606,3.248,3.155,54.157,-10.041,2.78936409,4.779955313,19.24570161,11.02216749,2.94770206,True,True,True,True,True
US.RHHBY,RHHBY,罗氏(ADR),51.13,50.511,49.638,47.184,40.502,-13.389,36.39094105,59.03407188,1.225475639,1.758733229,5.200915565,True,True,True,True,True
US.RIG,RIG,Transocean,6.93,6.441,5.146,4.644,195.756,-3.071,2.34314773,7.149563082,7.591988822,25.16517684,10.80964686,True,True,True,True,True
US.RILY,RILY,BRC Group Holdings Inc,9.31,7.663,6.545,6.388,234.29,-15.132,2.78500703,10.96997691,21.4928879,17.08174179,2.45773325,True,True,True,True,True
US.RILYG,RILYG,BRC GP HLDGS INC 5.00% SENIOR NOTES DUE (31/12/2026),24.36,23.103,20.674,20.195,275.466,-0.123,6.487937656,24.3899997,5.440851837,11.74905679,2.371874226,True,True,True,True,True
US.RILYL,RILYL,BRC GP HLDGS INC 7.375% DEP SHS EACH REP 1/1000 PFD SER B,15.42,12.512,8.98,8.362,771.186,-6.432,1.770000895,16.47999316,23.24168798,39.33184855,7.390576417,True,True,True,True,True
US.RILYN,RILYN,BRC GP HLDGS INC 6.5% SR NOTES DUE 30/09/2026 USD25,24.83,23.991,21.761,21.171,231.384,-0.48,7.492818,24.94975884,3.497144763,10.24769082,2.786831042,True,True,True,True,True
US.RILYP,RILYP,BRC GP HLDGS INC 6.875% DEP SHS REP 1/1000 CUM PFD SER A,15.09,11.796,8.518,7.974,772.254,-3.823,1.730000665,15.68982189,27.92472024,38.48321202,6.822172059,True,True,True,True,True
US.RILYT,RILYT,BRC GP HLDGS INC 6.00% SENIOR NOTES DUE 2028,20.94,18.291,15.54,14.926,352.96,-0.805,4.622924762,21.10993498,14.48253239,17.7027027,4.113627228,True,True,True,True,True
US.RILYZ,RILYZ,BRC GP HLDGS INC 5.25% SENIOR NOTES DUE 31/08/2028,19.45,16.841,13.761,13.225,336.006,0,4.460947785,19.45,15.49195416,22.38209432,4.052930057,True,True,True,True,True
US.RIO,RIO,力拓,109.921,95.952,84.394,78.495,108.006,-2.361,52.84511024,112.57899,14.55832083,13.69528639,7.515128352,True,True,True,True,True
US.RIOT,RIOT,Riot Platforms,24.725,16.926,16.574,16.174,211.79,-4.388,7.930016999,25.85972472,46.07704124,2.123808375,2.473104983,True,True,True,True,True
US.RKLB,RKLB,Rocket Lab,131.99,78.139,70.199,64.542,451.79,-0.893,23.92033201,133.1792911,68.91693009,11.31070243,8.764835301,True,True,True,True,True
US.RLGT,RLGT,Radiant Logistics,8.23,7.655,6.93,6.736,42.387,-5.727,5.780022053,8.729965101,7.511430438,10.46176046,2.880047506,True,True,True,True,True
US.RLJ,RLJ,RLJ Lodging Trust,9.07,7.92,7.501,7.38,44.319,-0.874,6.28468878,9.149970744,14.52020202,5.585921877,1.639566396,True,True,True,True,True
US.RLMD,RLMD,Relmada Therapeutics,7.38,6.858,4.77,3.888,1594.993,-7.75,0.4354000282,8,7.611548556,43.77358491,22.68518519,True,True,True,True,True
US.RLYB,RLYB,Rallybio,14.235,9.86,6.9,6.303,559.027,-7.022,2.160002549,15.31007335,44.37119675,42.89855072,9.471680152,True,True,True,True,True
US.RMBS,RMBS,Rambus,131.89,108.803,103.277,98.574,153.05,-18.485,52.12013436,161.798442,21.21908403,5.350658908,4.771034959,True,True,True,True,True
US.RMCF,RMCF,洛矶山巧克力工厂,2.597,2.354,2.082,1.956,127.842,-13.13,1.139824966,2.989524577,10.32285472,13.06436119,6.441717791,True,True,True,True,True
US.RMIX,RMIX,Suncrete,17.8,13.134,11.955,11.772,93.478,-5.066,9.200012405,18.74986833,35.52611543,9.861982434,1.554536188,True,True,True,True,True
US.RMR,RMR,The RMR Group,19.43,16.669,15.494,15.375,52.338,-4.851,12.75453268,20.42060347,16.56368108,7.583580741,0.7739837398,True,True,True,True,True
US.RMYHY,RMYHY,RAMSAY HEALTH CARE UNSP ADR EACH REPR 0.25 ORD,6.975,6.802,5.949,5.752,66.128,-2.787,4.198569778,7.174966311,2.543369597,14.33854429,3.424895688,True,True,True,True,True
US.RNECY,RNECY,瑞萨电子(ADR),12.29,8.786,7.739,7.294,123.454,-0.887,5.500013426,12.39998789,39.88162987,13.5288797,6.100904853,True,True,True,True,True
US.ROG,ROG,罗杰斯,141.255,117.937,101.223,95.356,130.94,-2.218,61.16523772,144.4591029,19.77157296,16.51205754,6.152732917,True,True,True,True,True
US.ROHCY,ROHCY,罗姆半导体(ADR),23.58,21.891,17.449,16.664,147.429,-7.11,9.530006588,25.38486382,7.71549952,25.45704625,4.710753721,True,True,True,True,True
US.ROIV,ROIV,Roivant Sciences,29.44,28.38,24.123,21.404,178.26,-2.934,10.58003306,30.32987864,3.735024665,17.64705882,12.70323304,True,True,True,True,True
US.ROK,ROK,罗克韦尔自动化,456.87,392.774,390.986,378.63,54.639,-1.427,295.4429348,463.4839155,16.31879911,0.4573053767,3.263344162,True,True,True,True,True
US.ROKU,ROKU,Roku Inc,125.85,107.06,102.41,100.434,85.981,-4.216,67.66820267,131.3893761,17.55090603,4.54057221,1.967461218,True,True,True,True,True
US.RPRX,RPRX,Royalty Pharma,53.25,48.272,42.724,40.993,68.439,-0.411,31.61381865,53.46976072,10.31239642,12.9856755,4.222672164,True,True,True,True,True
US.RRTS,RRTS,Roadrunner Transportation Systems,3.74,3.101,2.728,2.645,128.048,-17.982,1.640005613,4.55997464,20.60625605,13.67302053,3.137996219,True,True,True,True,True
US.RRX,RRX,Regal Rexnord,209.36,199.891,172.816,165.796,64.339,-11.417,127.3952014,236.3433164,4.73708171,15.66695213,4.234119038,True,True,True,True,True
US.RS,RS,Reliance,366.97,326.798,307.671,302.123,42.182,-3.682,258.0987748,380.9983596,12.29260889,6.216705507,1.83633818,True,True,True,True,True
US.RSHGY,RSHGY,RESONA HOLDINGS UNSPON ADS EACH REP 0.5 ORD,26.05,23.587,22.052,21.538,58.957,-9.705,16.3880798,28.84988095,10.44219273,6.96081988,2.38647971,True,True,True,True,True
US.RSRV,RSRV,RESERVE PETROLEUM CO,225.29,209.613,183.837,177.017,57.619,-3.927,142.9332758,234.4987666,7.479020862,14.02111653,3.852737308,True,True,True,True,True
US.RSVR,RSVR,Reservoir Media,10.13,9.856,8.327,8.199,45.337,-2.876,6.970007637,10.42996582,2.780032468,18.36195509,1.561165996,True,True,True,True,True
US.RUSHA,RUSHA,Rush Enterprises-A,70.515,68.802,61.399,59.915,55.807,-8.169,45.25791524,76.78779497,2.489753205,12.05719963,2.476842193,True,True,True,True,True
US.RVMD,RVMD,Revolution Medicines,148.9,119.569,94.771,81.225,337.941,-4.367,34.0000137,155.6993925,24.53060576,26.16623229,16.67713143,True,True,True,True,True
US.RWCB,RWCB,REDWOOD CAP BANCORP,32.62,30.811,27.674,26.129,60.219,-2.539,20.35963275,33.46979818,5.871279738,11.33554961,5.912970263,True,True,True,True,True
US.RXEEY,RXEEY,REXEL UNSP ADR EA REPR 1 ORD EUR5.00,44.44,40,38.34,36.554,66.286,-2.691,26.72503999,45.66895148,11.1,4.329681794,4.885922197,True,True,True,True,True
US.RXT,RXT,Rackspace Technology,7.1,1.999,1.43,1.404,1706.615,-2.338,0.3930001688,7.269971944,255.1775888,39.79020979,1.851851852,True,True,True,True,True
US.RY,RY,加拿大皇家银行,183.075,169.785,162.398,156.338,51.902,-0.027,120.5217838,183.1244436,7.827546603,4.548701339,3.876216915,True,True,True,True,True
US.SA,SA,Seabridge Gold,31.875,30.135,29.553,26.87,178.141,-20.421,11.46001488,40.054537,5.774016924,1.969343214,9.985113509,True,True,True,True,True
US.SABK,SABK,SOUTH ATLANTIC BANCSHARES INC,24.49,22.945,20.251,19.269,68.926,-0.649,14.49747227,24.64997836,6.733493136,13.30304676,5.096268618,True,True,True,True,True
US.SACH.PRA,SACH.PRA,SACHEM CAPITAL CORP 7.75% SERIES A REDEEMABLE PREFERRED STCK,18.425,17.727,17.559,17.128,56.58,-1.205,11.76714778,18.64972924,3.937496474,0.9567743038,2.516347501,True,True,True,True,True
US.SAIA,SAIA,Saia,455.12,390.068,352.158,339.75,83.242,-1.591,248.3710066,462.4780254,16.6770922,10.76505432,3.65209713,True,True,True,True,True
US.SAIH,SAIH,SAIHEAT,11.75,9.547,8.544,8.431,119.216,-23.75,5.360010218,15.40983607,23.07531162,11.73923221,1.34029178,True,True,True,True,True
US.SAN,SAN,桑坦德银行,11.845,11.562,11.326,10.859,56.734,-9.441,7.557390228,13.07987058,2.447673413,2.083701218,4.300580164,True,True,True,True,True
US.SANM,SANM,新美亚电子,243.36,165.231,156.633,146.94,210.289,-4.645,78.43010871,255.2147239,47.2847105,5.489264714,6.596570029,True,True,True,True,True
US.SAPMY,SAPMY,SAIPEM SPA,1.067,0.926,0.694,0.64,171.15,-12.54,0.3935091278,1.219986279,15.22678186,33.42939481,8.4375,True,True,True,True,True
US.SATL,SATL,Satellogic,8.46,5.908,3.733,3.688,574.103,-4.942,1.25500109,8.899829578,43.19566689,58.26413073,1.220173536,True,True,True,True,True
US.SATS,SATS,回声星通信,136.711,120.228,104.316,92.05,817.524,-2.027,14.89999172,139.539465,13.70978474,15.25365236,13.32536665,True,True,True,True,True
US.SB,SB,Safe Bulkers,7.34,6.507,5.569,5.243,116.891,-0.542,3.384188371,7.379999598,12.80159828,16.84323936,6.217814228,True,True,True,True,True
US.SBFFY,SBFFY,SBM OFFSHORE NV ADR EACH REPR 1 ORD,40.85,40.098,32.34,28.42,113.743,-7.474,19.11173699,44.1497525,1.875405257,23.98886827,13.79310345,True,True,True,True,True
US.SBFG,SBFG,SB Financial Group,22.26,21.303,21.092,20.876,33.033,-6.289,16.73269039,23.75388161,4.492325025,1.000379291,1.034680973,True,True,True,True,True
US.SBGSY,SBGSY,SCHNEIDER ELECTRIC SE UNSPON ADR EA REPR 0.20 ORD SHS,62.84,59.289,57.026,55.779,33.45,-4.764,47.0887973,65.98345164,5.989306617,3.968365307,2.235608383,True,True,True,True,True
US.SBKO,SBKO,SUMMIT BANK GROUP INC,20.726,19.928,18.009,17.08,55.6,-0.115,13.32005141,20.74986234,4.004415897,10.65578322,5.43911007,True,True,True,True,True
US.SBLK,SBLK,Star Bulk Carriers,26.83,24.245,21.436,20.719,74.646,-3.105,15.36250472,27.68976727,10.66199216,13.1041239,3.460591727,True,True,True,True,True
US.SBNC,SBNC,SOUTHERN BANCSHARES N C INC,11700,11433.582,9771.338,9410.718,42.179,-3.255,8229.063364,12093.64825,2.33013591,17.01142668,3.832013668,True,True,True,True,True
US.SBRA,SBRA,Sabra Health Care REIT,21.225,20.291,19.189,18.918,30.318,-0.211,16.28708237,21.26987945,4.603025972,5.742873521,1.43249815,True,True,True,True,True
US.SBUX,SBUX,星巴克,106.67,98.386,91.433,89.978,38.65,-2.029,76.93472773,108.8791581,8.41989714,7.604475408,1.617061948,True,True,True,True,True
US.SCBFY,SCBFY,STANDARD CHARTERED PLC UNSPON ADS EACH REP 2 ORD SHS,51.55,46.163,45.407,43.358,73.412,-2.126,29.72689318,52.66975908,11.66951888,1.664941529,4.725771484,True,True,True,True,True
US.SCCE,SCCE,SACHEM CAPITAL CORP 6% NOTES 30/03/2027 USD25,24.05,23.799,23.05,22.654,39.23,-2.552,17.2735761,24.67982924,1.054666162,3.249457701,1.748035667,True,True,True,True,True
US.SCCF,SCCF,SACHEM CAPITAL CORP 7.125% NTS 30/06/2027 USD25,24,23.633,22.91,22.505,40.297,0,17.10656678,24,1.552913299,3.15582715,1.799600089,True,True,True,True,True
US.SCCG,SCCG,SACHEM CAPITAL CORP 8% NOTES DUE 30/09/2027 USD25.00,24.02,23.694,23.017,22.669,53.339,-0.579,15.66463848,24.15988574,1.375875749,2.941304253,1.535136089,True,True,True,True,True
US.SCCO,SCCO,南方铜业,187.69,176.246,161.963,146.498,124.996,-14.884,83.41926079,220.5108323,6.493197009,8.81868081,10.55645811,True,True,True,True,True
US.SCGPY,SCGPY,SERCO GROUP PLC SPN ADR EACH REP 1 ORD SHS,3.598,3.368,2.605,2.496,82.726,-16.348,1.969068441,4.301152393,6.828978622,29.28982726,4.366987179,True,True,True,True,True
US.SCHL,SCHL,学乐集团,39.31,38.19,33.077,31.215,140.265,-8.95,16.36110128,43.17408018,2.932704897,15.45787103,5.965080891,True,True,True,True,True
US.SCIA,SCIA,SCI ENGINEERED MATERIALS INC,7.6,5.501,5.145,4.901,100,-15.461,3.8,8.98993364,38.15669878,6.919339164,4.978575801,True,True,True,True,True
US.SCMWY,SCMWY,SWISSCOM AG SPON LVL3 ADR EACH REP 1/10 CHF9(RG),86.5,85.552,77.816,75.89,34.797,-5.037,64.17056759,91.088108,1.108097999,9.941400226,2.537883779,True,True,True,True,True
US.SCRYY,SCRYY,SCOR SE ADR EACH REPR 0.10 ORD EUR7.876972,3.77,3.457,3.226,3.208,35.893,-0.77,2.774241499,3.799254258,9.054093144,7.160570366,0.5610972569,True,True,True,True,True
US.SCTBY,SCTBY,SECURITAS AB UNSP ADR EA REP 1 ORD 'B',18,17.482,15.789,14.904,40.896,-9.28,12.77538042,19.84126984,2.963047706,10.72265501,5.938003221,True,True,True,True,True
US.SDRL,SDRL,Seadrill,51.375,46.539,38.566,36.667,130.381,-0.59,22.30001606,51.67991148,10.39128473,20.67365037,5.179043827,True,True,True,True,True
US.SDZNY,SDZNY,Sandoz Group AG,86.91,80.769,75.365,71.303,87.168,-6.564,46.43421952,93.01554005,7.60316458,7.170437206,5.696815001,True,True,True,True,True
US.SEBC,SEBC,SOUTHEASTERN BANKING CORP,29.5,27,24.445,23.843,37.203,-1.752,21.50098759,30.02605651,9.259259259,10.45203518,2.524850061,True,True,True,True,True
US.SEDG,SEDG,SolarEdge Technologies,48.64,43.109,37.587,36.18,254.26,-9.506,13.73002879,53.74941985,12.83026746,14.69124963,3.888888889,True,True,True,True,True
US.SEI,SEI,Solaris Energy Infrastructure,78.47,64.078,54.808,49.316,274.511,-3.409,20.9526556,81.23945295,22.46012672,16.91358926,11.1363452,True,True,True,True,True
US.SEM,SEM,Select Medical Holdings,16.47,16.294,15.151,14.516,43.897,-2.283,11.44568685,16.85479497,1.080152203,7.544056498,4.374483329,True,True,True,True,True
US.SEMR,SEMR,SEMrush(已退市),12,11.92,10.641,10.009,82.982,-0.083,6.558022101,12.00996827,0.6711409396,12.01954704,6.314317115,True,True,True,True,True
US.SFDL,SFDL,SECURITY FEDERAL CORP,36,34.842,31.151,29.7,31.032,-0.743,27.47420477,36.26948225,3.323574996,11.8487368,4.885521886,True,True,True,True,True
US.SFDMY,SFDMY,上海复旦(ADR),124,33.073,27.528,26.834,400.99,0,24.75099303,124,274.9281892,20.143127,2.586271149,True,True,True,True,True
US.SFES,SFES,安科投资,0.443,0.363,0.238,0.224,223.036,-15.872,0.1371364182,0.526578547,22.03856749,52.5210084,6.25,True,True,True,True,True
US.SFFLY,SFFLY,SCHAEFFLER AG UNSPON ADR EACH REP 1 ORD SHS,11.65,9.109,8.827,7.801,217.174,-16.305,3.673062735,13.91958898,27.89548798,3.194743401,13.15215998,True,True,True,True,True
US.SFL,SFL,SFL Corp,12.56,10.997,9.084,8.764,95.051,-2.936,6.439341506,12.93991593,14.21296717,21.05900484,3.651300776,True,True,True,True,True
US.SFST,SFST,Southern First Bancshares,56.02,55.26,52.914,50.57,62.329,-9.645,34.51016146,61.99988933,1.375316685,4.433609253,4.635159185,True,True,True,True,True
US.SGBLY,SGBLY,STANDARD BANK GROUP LIMITED SPON ADR EA REPR 1 ORD,18.73,18.37,17.188,16.201,62.887,-6.696,11.49876909,20.07416617,1.95971693,6.876890854,6.09221653,True,True,True,True,True
US.SHBI,SHBI,Shore Bancshares,19.49,18.859,17.986,17.54,41.959,-5.142,13.72931621,20.54650109,3.345882602,4.853775158,2.542759407,True,True,True,True,True
US.SHECY,SHECY,信越化学工业(ADR),23.7,21.09,17.876,17.283,73.753,-4.203,13.64005226,24.7398144,12.37553343,17.97941374,3.431117283,True,True,True,True,True
US.SHG,SHG,新韩金融,65.452,64.349,58.855,56.206,80.274,-10.075,36.30695497,72.78509869,1.714090351,9.334805879,4.713019962,True,True,True,True,True
US.SHIP,SHIP,Seanergy Maritime,16.13,14.037,11.213,10.342,189.845,-4.045,5.565043385,16.809963,14.91059343,25.18505306,8.421968671,True,True,True,True,True
US.SHKLY,SHKLY,中国重汽(ADR),146.57,135.866,117.304,112.576,63.885,0,89.43466455,146.57,7.878350728,15.82384232,4.199829449,True,True,True,True,True
US.SHWDY,SHWDY,Resonac控股(ADR),126.17,77.517,57.023,48.67,527.711,0,20.10001418,126.17,62.76429686,35.93988391,17.16252311,True,True,True,True,True
US.SIF,SIF,SIFCO Industries,18.325,15.013,9.957,9.127,554.464,-10.127,2.800001222,20.3898835,22.06088057,50.77834689,9.093897228,True,True,True,True,True
US.SIFY,SIFY,Sify Technologies,16.41,14.36,13.524,12.756,295.421,-8.067,4.150007208,17.84995595,14.27576602,6.181603076,6.020696143,True,True,True,True,True
US.SIHBY,SIHBY,SHENZHEN INVESTMENT HLDGS BAY AREA SPON ADR EA REP 10 ORD SHS,2.4,2.288,2.038,2.002,31.575,-15.194,1.824054722,2.829988444,4.895104895,12.26692836,1.798201798,True,True,True,True,True
US.SILA,SILA,Sila Realty Trust,30.55,26.665,24.516,24.407,41.502,-0.26,21.58980085,30.62963706,14.5696606,8.76570403,0.4465931905,True,True,True,True,True
US.SILC,SILC,Silicom电信,50.505,27.457,20.149,19.331,278.479,-3.946,13.3442014,52.57979886,83.94216411,36.26979006,4.231545186,True,True,True,True,True
US.SIMO,SIMO,慧荣科技,267.11,154.49,120.484,111.097,350.729,-2.478,59.2617737,273.8971719,72.8979222,28.22449454,8.44937307,True,True,True,True,True
US.SION,SION,Sionna Therapeutics,43.175,39.382,39.018,35.148,247.624,-10.878,12.42002854,48.44482844,9.631303641,0.9329027628,11.01058382,True,True,True,True,True
US.SITIY,SITIY,SITC INTERNATIONAL HLDGS CO LTD UNSPON ADS EACH REP 10 ORD SHS,45.493,42.767,38.032,36.845,104.676,-1.807,22.22683656,46.33018647,6.374073468,12.45004207,3.221604017,True,True,True,True,True
US.SITM,SITM,SiTime,822.66,473.956,385.695,352.192,341.128,-8.776,186.490089,901.8021573,73.57307429,22.88362566,9.512708977,True,True,True,True,True
US.SKE,SKE,Skeena Resources,34.21,31.018,26.748,24.24,200.087,-11.761,11.40002733,38.76970501,10.29079889,15.96381038,10.34653465,True,True,True,True,True
US.SKFG,SKFG,STARK FOCUS GROUP INC,0.13,0.095,0.07,0.064,170.833,-12.634,0.04800005908,0.1487993041,36.84210526,35.71428571,9.375,True,True,True,True,True
US.SKM,SKM,韩国SK电信,39.195,33.732,26.645,25.441,101.705,-3.198,19.43184353,40.48986591,16.19530416,26.59786076,4.732518376,True,True,True,True,True
US.SKYT,SKYT,SkyWater Technology,36.225,30.459,25.214,22.143,342.848,-0.425,8.180007587,36.37961336,18.93036541,20.80193543,13.86894278,True,True,True,True,True
US.SLAB,SLAB,芯科实验室,216.89,210.687,169.585,160.534,87.775,-0.816,115.505259,218.674383,2.944177856,24.2368134,5.638057981,True,True,True,True,True
US.SLB,SLB,斯伦贝谢,55.925,51.6,44.704,42.007,79.201,-2.229,31.20797317,57.19998773,8.381782946,15.42591267,6.420358512,True,True,True,True,True
US.SLBK,SLBK,SKYLINE BANKSHARES INC,25.05,22.725,20.412,19.377,74.042,-0.909,14.39307753,25.27979332,10.2310231,11.33156966,5.341384115,True,True,True,True,True
US.SLDB,SLDB,Solid Biosciences,7.73,7.552,6.295,6.183,196.168,-12.813,2.610005132,8.866000665,2.356991525,19.96822875,1.811418405,True,True,True,True,True
US.SLF,SLF,永明金融,71.29,66.862,63.083,61.737,30.972,-3.87,54.43148154,74.15999168,6.622595794,5.990520425,2.180216078,True,True,True,True,True
US.SLFPY,SLFPY,ABERDEEN GROUP PLC UNSPON ADS EACH REP 4 ORD SHS(R/S),12.3,11.09,10.834,10.561,49.42,-2.766,8.231829742,12.64989613,10.91073039,2.362931512,2.584982483,True,True,True,True,True
US.SLN,SLN,Silence Therapeutics,7.13,6.603,6.196,5.965,70.167,-15.119,4.190001587,8.399995288,7.981220657,6.568754035,3.872590109,True,True,True,True,True
US.SLRK,SLRK,SOLERA NATIONAL BANCORP INC,19,18.316,14.775,13.321,124.852,0,8.450002668,19,3.734439834,23.96615905,10.91509646,True,True,True,True,True
US.SLS,SLS,Sellas Life Sciences,7.65,5.034,3.606,3.137,450.359,-1.923,1.390001799,7.799993882,51.96662694,39.60066556,14.95058974,True,True,True,True,True
US.SLSR,SLSR,Solaris Resources,10.81,9.468,8.525,7.767,188.859,-5.836,3.742310262,11.47997111,14.17405999,11.06158358,9.759237801,True,True,True,True,True
US.SMBC,SMBC,Southern Missouri Bancorp,67.7,65.397,60.72,59.135,43.432,-3.423,47.20006693,70.09950609,3.521568268,7.70256917,2.68030777,True,True,True,True,True
US.SMBK,SMBK,SmartFinancial,40.7,40.355,38.658,37.903,33.535,-7.121,30.47890066,43.82045457,0.8549126502,4.389777019,1.99192676,True,True,True,True,True
US.SMBMY,SMBMY,SEATRIUM LTD UNSP ADR EACH REPR 20 ORD (PST RV SPLIT),19.5,17.133,16.8,16.512,44.648,-4.581,13.48100216,20.43618147,13.81544388,1.982142857,1.744186047,True,True,True,True,True
US.SMC,SMC,Summit Midstream,31.48,30.481,27.345,26.081,64.558,-6.029,19.13003318,33.49969671,3.277451527,11.46827574,4.846439937,True,True,True,True,True
US.SMCAY,SMCAY,SMC(ADR),24.99,22.149,20.043,19.002,74.633,-10.01,14.31001014,27.76975219,12.82676419,10.50740907,5.478370698,True,True,True,True,True
US.SMEV,SMEV,SIMULATED ENVIRONMENT CONCEPTS INC,0.008,0.007,0.006,0.005,159.375,-7.777,0.003084337349,0.008674625636,14.28571429,16.66666667,20,True,True,True,True,True
US.SMFG,SMFG,三井住友金融,21.813,20.563,19.652,18.78,55.062,-10.365,14.06727632,24.33536007,6.078879541,4.635660493,4.643237487,True,True,True,True,True
US.SMMYY,SMMYY,住友金属矿山(ADR),16.77,15.454,12.567,11.16,212.29,-18.235,5.370008646,20.50999817,8.515594668,22.97286544,12.60752688,True,True,True,True,True
US.SMPNY,SMPNY,日本财产保险(ADR),18.98,18.597,17.446,17.035,36.252,-7.324,13.93007075,20.47995166,2.059471958,6.59750086,2.412679777,True,True,True,True,True
US.SMSMY,SMSMY,SIMS LTD SPON ADR EA REP 1 ORD SHS NPV,15.671,14.133,12.677,11.83,95.231,-6.906,8.026901465,16.83352311,10.88233213,11.4853672,7.159763314,True,True,True,True,True
US.SMTC,SMTC,先科电子,140.45,95.172,82.481,76.45,306.042,-2.016,34.59001778,143.3397289,47.57491699,15.38657388,7.88881622,True,True,True,True,True
US.SMTGY,SMTGY,SMA SOLAR TECHNOLOGY AG UNSP ADR EA REPR 0.10 ORD SHS,7.46,5.3,4.208,3.753,307.65,0,1.830001227,7.46,40.75471698,25.95057034,12.12363443,True,True,True,True,True
US.SMTOY,SMTOY,SUMITOMO ELECTRIC INDUSTRIES ADR EACH CNV INTO 1 ORD NPV,76.93,64.12,50.242,44.608,328.579,-7.447,17.95001622,83.11994209,19.97816594,27.62230803,12.63002152,True,True,True,True,True
US.SNCRL,SNCRL,SYNCHRONOSS TECHNOLOGIES INC 8.375% SENIOR NOTES DUE 30/06/2026,25.14,24.651,24.179,23.857,31.579,-0.593,19.10639236,25.28996952,1.983692345,1.9521072,1.349708681,True,True,True,True,True
US.SND,SND,Smart Sand,4.745,4.738,3.923,3.422,190.255,-17.105,1.634769427,5.724108812,0.1477416631,20.77491716,14.64056108,True,True,True,True,True
US.SNDA,SNDA,Sonida Senior Living,38.81,34.86,32.512,30.902,64.032,-2.118,23.66001756,39.64978239,11.33103844,7.221948819,5.210018769,True,True,True,True,True
US.SNDK,SNDK,闪迪,1393.198,906.023,529.495,415.177,3792.701,-12.925,35.79000802,1599.997703,53.77071002,71.11077536,27.53476228,True,True,True,True,True
US.SNDR,SNDR,Schneider National,32.75,27.741,26.438,25.678,64.114,-1.769,19.95564059,33.33978072,18.05630655,4.92851199,2.959732066,True,True,True,True,True
US.SNEX,SNEX,StoneX,117,92.148,76.421,73.433,118.596,-6.713,53.52339476,125.4194046,26.96965751,20.57942189,4.069015293,True,True,True,True,True
US.SNLAY,SNLAY,信和置业(ADR),8.31,7.846,7.257,6.903,87.043,-6.524,4.442828654,8.889982455,5.913841448,8.116301502,5.128205128,True,True,True,True,True
US.SNLC,SNLC,SECURITY NATIONAL CORP IOWA,203,177.252,152.661,145.66,57.191,-15.181,129.1422537,239.3331683,14.52621127,16.10823983,4.806398462,True,True,True,True,True
US.SNNF,SNNF,SENECA BANCORP INC,12.5,11.274,10.745,10.622,31.578,-15.254,9.5000684,14.7499587,10.87457868,4.923220102,1.157974016,True,True,True,True,True
US.SNX,SNX,新聚思,235.67,194.379,167.477,163.019,101.429,-2.812,116.9990418,242.4887846,21.24252105,16.0631012,2.734650562,True,True,True,True,True
US.SOBO,SOBO,South Bow,36.73,33.219,28.714,27.836,72.496,0,21.29324738,36.73,10.56925254,15.68921084,3.15418882,True,True,True,True,True
US.SOBS,SOBS,SOLVAY BANK CORP SOLVAY,32.75,30.379,29.014,28.425,31.696,-3.676,24.86787754,33.99983389,7.804733533,4.704625353,2.072119613,True,True,True,True,True
US.SOCGP,SOCGP,SOUTHERN CALIFORNIA GAS CO 6% CUM PRF'A'USD25,29.58,25.694,24.896,24.628,32.822,-0.621,22.27040701,29.76483965,15.1241535,3.20533419,1.088192301,True,True,True,True,True
US.SOHON,SOHON,SOTHERLY HOTELS INC 8.25% CUM RED PERP PREF STK SERIES D,16.6,15.645,15.084,14.711,65.009,-3.506,10.06005733,17.20314216,6.104186641,3.719172633,2.53551764,True,True,True,True,True
US.SOHVY,SOHVY,住友重工(ADR),8.829,8.684,6.839,6.561,89.667,-13.1,4.655000606,10.15995397,1.669737448,26.97762831,4.23715897,True,True,True,True,True
US.SOMC,SOMC,SOUTHERN MICHIGAN BANCORP INC,28.5,25.889,24.108,22.722,54.182,-1.536,18.48464801,28.94458889,10.08536444,7.387589182,6.099815157,True,True,True,True,True
US.SOME,SOME,SOMERSET TRUST HLDG CO,71.5,71.343,65.443,62.228,56.405,-2.782,45.71465107,73.54605114,0.2200636362,9.015479119,5.166484541,True,True,True,True,True
US.SOMMY,SOMMY,住友化学(ADR),17.37,16.112,15.725,15.52,54.468,-15.679,11.24504752,20.59985057,7.807845084,2.461049285,1.320876289,True,True,True,True,True
US.SOTK,SOTK,Sono-Tek,5.03,4.329,4.208,4.091,55.727,-11.754,3.230011494,5.69997507,16.19311619,2.875475285,2.859936446,True,True,True,True,True
US.SOUHY,SOUHY,South32,16,15.359,13.422,12.295,103.774,-4.987,7.851835857,16.83980087,4.173448792,14.43153032,9.166327776,True,True,True,True,True
US.SPB,SPB,Spectrum Brands,80.613,78.307,67.224,63.829,63.6,-7.298,49.27444988,86.9592889,2.944819748,16.48667143,5.318898933,True,True,True,True,True
US.SPFX,SPFX,STANDARD PREM FIN HLDGS INC,2.6,2.152,1.917,1.825,114.876,-9.09,1.210000186,2.8599714,20.81784387,12.25873761,5.04109589,True,True,True,True,True
US.SPG,SPG,西蒙地产,203.17,195.442,187.145,183.33,36.756,-2.453,148.5638656,208.279086,3.954114264,4.433460686,2.080946926,True,True,True,True,True
US.SPHR,SPHR,Sphere Entertainment,134.11,124.572,99.938,87.542,276.925,-9.993,35.58002255,148.9995223,7.656616254,24.64928256,14.16006031,True,True,True,True,True
US.SPHRY,SPHRY,STARPHARMA HOLDINGS LIMITED SPON ADR EACH REPR 10 NPV,5,3.761,2.116,1.749,969.061,-12.28,0.4677001593,5.6999544,32.94336613,77.74102079,20.9834191,True,True,True,True,True
US.SPIR,SPIR,Spire Global,18,15.549,11.716,11.335,172.727,-23.696,6.6000066,23.58985112,15.76307158,32.71594401,3.361270401,True,True,True,True,True
US.SPND,SPND,SPINDLETOP OIL & GAS CO TEX,9.98,6.465,4.224,3.773,394.059,-2.634,2.02000166,10.24998459,54.36968291,53.05397727,11.95335277,True,True,True,True,True
US.SPNS,SPNS,Sapiens International (已退市),43.45,43.173,37.273,34.676,83.41,-0.156,23.69009323,43.51788791,0.6416047066,15.82915247,7.489329796,True,True,True,True,True
US.SPNT,SPNT,SiriusPoint,22.7,22.186,20.968,20.333,32.207,-5.416,17.17004395,23.99983084,2.316776345,5.808851583,3.123002016,True,True,True,True,True
US.SPRO,SPRO,Spero Therapeutics,2.685,2.552,2.416,2.318,315.441,-16.614,0.6463011595,3.219964982,5.211598746,5.629139073,4.227782571,True,True,True,True,True
US.SPRS,SPRS,SURGE COMPONENTS INC,3.55,3.441,3.152,2.956,69.047,-2.203,2.10000769,3.629968199,3.167683813,9.168781726,6.630581867,True,True,True,True,True
US.SPXCY,SPXCY,SINGAPORE EXCHANGE UNSP ADR EACH REPR 2 ORD,33.27,31.605,28.255,27.461,59.804,-3.581,20.81925359,34.50564723,5.268153773,11.85630862,2.89137322,True,True,True,True,True
US.SQM,SQM,智利矿业化工,87.35,82.894,70.21,63.346,200.895,-9.854,29.03006032,96.89836487,5.375539846,18.06580259,10.83572759,True,True,True,True,True
US.SRBK,SRBK,SR Bancorp,18.26,17.64,16.488,16.014,50.431,-6.884,12.1384555,19.60994888,3.514739229,6.986899563,2.959910079,True,True,True,True,True
US.SRRK,SRRK,Scholar Rock,50.43,46.511,42.714,40.54,86.294,-2.314,27.07011498,51.62459308,8.425963751,8.889357119,5.362604835,True,True,True,True,True
US.SRZN,SRZN,Surrozen,30.19,28.948,22.367,19.68,324.613,-13.742,7.110003697,34.99965221,4.290451845,29.42281039,13.65345528,True,True,True,True,True
US.SSAAY,SSAAY,SSAB AB UNSP ADR EA REPR 0.5 ORD SHS,4.9,4.273,3.839,3.608,79.284,0,2.733093862,4.9,14.67353148,11.30502735,6.402439024,True,True,True,True,True
US.SSBI,SSBI,Summit State Bank,13.55,13.414,12.517,12.368,47.282,-3.214,9.200038022,13.99995867,1.01386611,7.166253895,1.204721863,True,True,True,True,True
US.SSBP,SSBP,SSB BANCORP INC,15.25,13.383,10.84,10.599,89.205,-0.387,8.060040697,15.30924679,13.95053426,23.45940959,2.273799415,True,True,True,True,True
US.SSL,SSL,南非萨索尔,13.2,12.438,8.691,8.061,238.896,-8.109,3.895000236,14.36484531,6.126386879,43.11356576,7.815407518,True,True,True,True,True
US.SSRM,SSRM,SSR Mining,34.47,30.094,25.893,24.28,223.358,-5.6,10.6600115,36.51483051,14.54110454,16.22446221,6.643327842,True,True,True,True,True
US.SSSS,SSSS,SuRo Capital,13.46,11.781,10.15,9.761,147.749,-7.044,5.432917994,14.47996902,14.25176131,16.06896552,3.985247413,True,True,True,True,True
US.SSUMY,SSUMY,住友商事(ADR),47.926,38.794,36.322,34.325,99.691,-1.891,24.00008012,48.84974875,23.53972264,6.805792633,5.81791697,True,True,True,True,True
US.ST,ST,Sensata Technologies,48.78,38.381,35.092,34.077,100.292,-1.175,24.35444251,49.35997976,27.09413512,9.372506554,2.978548581,True,True,True,True,True
US.STBA,STBA,S&T Bancorp,43.87,42.254,40.433,39.587,33.569,-2.049,32.84444744,44.78769997,3.824489989,4.503746939,2.137065198,True,True,True,True,True
US.STBI,STBI,STURGIS BANCORP INC,24.663,24.104,21.39,20.424,42.156,-5.068,17.34925012,25.97964859,2.319117159,12.68817204,4.72972973,True,True,True,True,True
US.STBK,STBK,STUDIO FINL HLDGS INC,12.9,12.385,11.48,11.252,48.96,-0.769,8.660042965,12.99996977,4.158255955,7.883275261,2.026306434,True,True,True,True,True
US.STLD,STLD,Steel Dynamics,234.87,198.749,179.644,167.534,97.799,-3.633,118.741753,243.7245115,18.17417949,10.6349224,7.228383492,True,True,True,True,True
US.STLE,STLE,Steele Bancorp,40,36.963,30.91,29.245,78.175,-0.472,22.44983864,40.18969536,8.216324433,19.58265933,5.693280903,True,True,True,True,True
US.STM,STM,意法半导体,64.5,42.321,32.395,30.947,207.459,-1.24,20.97840688,65.30984204,52.40660665,30.64053095,4.678967267,True,True,True,True,True
US.STNG,STNG,Scorpio Tankers,82.813,76.333,65.375,61.937,122.898,-5.238,37.15286813,87.39051519,8.48912004,16.76175908,5.550801621,True,True,True,True,True
US.STRL,STRL,Sterling Infrastructure,884.72,506.945,408.401,383.28,402.253,-0.941,176.1502669,893.1242997,74.51991833,24.12922593,6.554216239,True,True,True,True,True
US.STRO,STRO,Sutro Biopharma,39.02,29.429,17.875,15.598,479.275,-6.829,6.736006215,41.87998412,32.59030208,64.63776224,14.59802539,True,True,True,True,True
US.STRW,STRW,Strawberry Fields REIT,13.101,12.622,12.45,12.143,45.646,-4.83,8.995097703,13.76589261,3.794961179,1.381526104,2.528205551,True,True,True,True,True
US.STT,STT,道富银行,153.53,136.884,127.633,123.438,67.567,-1.696,91.62305227,156.1787923,12.16066158,7.248125485,3.398467247,True,True,True,True,True
US.STX,STX,希捷科技,801.23,530.794,382.86,333.872,682.374,-4.763,102.4101005,841.301175,50.94933251,38.63918926,14.67268893,True,True,True,True,True
US.SU,SU,森科能源,67.085,63.798,51.966,48.908,101.204,-4.559,33.34178247,70.28949822,5.152199128,22.7687334,6.252555819,True,True,True,True,True
US.SUBCY,SUBCY,SUBSEA 7 S.A. ADR EACH REPR 1 COM SPON,36,31.112,24.67,23.385,132.502,-1.119,15.48373777,36.40739879,15.71097969,26.11268747,5.494975412,True,True,True,True,True
US.SUGBY,SUGBY,SURUGA BANK ADR EACH REP 10 COM NPV,80.02,67.723,60.663,57.392,113.216,0,37.53001651,80.02,18.15778982,11.63806604,5.699400613,True,True,True,True,True
US.SUHJY,SUHJY,新鸿基地产(ADR),18.355,17.468,14.973,14.129,83.945,-2.832,9.97852619,18.88996377,5.077856652,16.66332732,5.97352962,True,True,True,True,True
US.SUIC,SUIC,SUIC WORLDWIDE HLDGS LTD,0.87,0.737,0.516,0.444,869600,-7.478,0.0001000344947,0.9403168976,18.04613297,42.82945736,16.21621622,True,True,True,True,True
US.SUN,SUN,太阳石油,70.015,65.01,57.539,55.349,53.128,-1.045,45.72318583,70.75438331,7.698815567,12.98423678,3.956711052,True,True,True,True,True
US.SUOPY,SUOPY,胜高(ADR),42.74,27.06,22.051,20.98,225.019,-9.063,13.15000046,46.99957113,57.94530673,22.71552311,5.104861773,True,True,True,True,True
US.SUPN,SUPN,Supernus Pharmaceuticals,51.12,50.464,49.907,48.474,65.812,-14.343,30.83009674,59.67988606,1.299936588,1.116075901,2.956223955,True,True,True,True,True
US.SURYY,SURYY,SUMITOMO REALTY & DEVELOPMENT CO UNSP ADR EACH REPR 0.50 ORD,16.242,14.917,12.956,11.578,119.042,-7.4,7.415016298,17.5399568,8.882483073,15.1358444,11.90188288,True,True,True,True,True
US.SUTNY,SUTNY,三井住友信托控股(ADR),7.06,6.637,6.338,6.188,40.357,-9.254,5.030030565,7.779957243,6.373361458,4.717576523,2.424046542,True,True,True,True,True
US.SVBL,SVBL,Silver Bull Resources,0.417,0.289,0.252,0.247,317,-7.538,0.1,0.4509960849,44.29065744,14.68253968,2.024291498,True,True,True,True,True
US.SVBT,SVBT,SVB&T CORP,67,61.752,50.88,48.349,60.117,0,41.84440128,67,8.49851017,21.36792453,5.234854909,True,True,True,True,True
US.SVCO,SVCO,Silvaco,10.66,7.894,5.66,5.512,247.231,-16.751,3.07000239,12.80495862,35.03927033,39.46996466,2.685050798,True,True,True,True,True
US.SVM,SVM,Silvercorp Metals,15.075,11.787,9.874,8.705,329.035,-4.407,3.513699349,15.76998316,27.89513871,19.37411383,13.42906376,True,True,True,True,True
US.SVNLY,SVNLY,Svenska Handelsbanken,6.94,6.751,6.41,6.195,37.661,-4.143,5.041369742,7.239951177,2.799585247,5.319812793,3.470540759,True,True,True,True,True
US.SWBI,SWBI,Smith & Wesson Brands,15.28,14.582,11.629,10.846,104.838,-3.229,7.459553403,15.7898544,4.786723358,25.39341302,7.219251337,True,True,True,True,True
US.SWDHY,SWDHY,创维数码(ADR),23.7,13.868,10.876,10.483,157.666,0,9.19795394,23.7,70.89702913,27.51011401,3.748926834,True,True,True,True,True
US.SWGAY,SWGAY,Swatch Group,13.01,11.47,11.138,10.628,64.892,-5.174,7.890012857,13.71986586,13.42632956,2.980786497,4.798645088,True,True,True,True,True
US.SWOBY,SWOBY,SWEDISH ORPHAN BIOVITRUM AB UNSPON ADS EACH REP 0.5 ORD SHS,24.65,21.204,18.918,17.907,81.65,-15.927,13.5700523,29.31975783,16.25165063,12.08372978,5.645836824,True,True,True,True,True
US.SWRAY,SWRAY,太古股份公司A(ADR),11.34,10.872,9.415,9.15,50.22,-6.203,7.548928239,12.08993891,4.304635762,15.47530536,2.896174863,True,True,True,True,True
US.SWRBY,SWRBY,太古股份公司B(ADR),8.597,8.232,7.606,7.477,39.021,-5.532,6.183957819,9.100436127,4.433916424,8.230344465,1.725290892,True,True,True,True,True
US.SYNA,SYNA,Synaptics,129.295,84.668,79.229,76.487,124.704,-3.705,57.5401417,134.2696921,52.70822507,6.864910576,3.584922928,True,True,True,True,True
US.SYRE,SYRE,Spyre Therapeutics,75.25,57.781,39.608,33.784,439.479,-4.631,13.94864304,78.90404639,30.23312161,45.88214502,17.23892967,True,True,True,True,True
US.SZGPY,SZGPY,SALZGITTER AG UNSP ADR EACH REPR 0.10 ORD,6.52,5.374,4.7,4.184,211.41,-4.886,2.093702835,6.854931976,21.32489766,14.34042553,12.33269598,True,True,True,True,True
US.TALK,TALK,Talkspace,5.185,5.153,4.113,3.736,133.558,-0.288,2.220005309,5.199975931,0.6209974772,25.28567955,10.09100642,True,True,True,True,True
US.TALO,TALO,Talos Energy,15.48,14.929,12.412,11.605,101.825,-8.967,7.670011148,17.00482243,3.690803135,20.27876249,6.953899181,True,True,True,True,True
US.TBBB,TBBB,BBB Foods,36.28,35.667,33.619,31.679,52.372,-9.503,23.81014885,40.08972673,1.718675526,6.091793331,6.12393068,True,True,True,True,True
US.TBNGY,TBNGY,BUKIT ASAM (PERSERO) TBK UNSPON ADR EACH REPR 25 ORD SHS,4.4,3.836,3.77,3.731,52.837,-7.368,2.87888404,4.749978409,14.70281543,1.75066313,1.045296167,True,True,True,True,True
US.TCBK,TCBK,TriCo Bancshares,49.67,48.86,47.697,46.553,39.904,-5.897,35.50291629,52.78258929,1.65779779,2.438308489,2.45741413,True,True,True,True,True
US.TCOR,TCOR,TREECON RESOURCES INC,0.7,0.654,0.515,0.474,75,-12.5,0.4,0.8,7.033639144,26.99029126,8.64978903,True,True,True,True,True
US.TD,TD,多伦多道明银行,107.975,99.872,92.062,87.578,74.61,-1.139,61.83780998,109.2190045,8.113385133,8.483413352,5.120007308,True,True,True,True,True
US.TDAY,TDAY,USA TODAY,7.27,6.969,5.824,5.404,130.793,-5.338,3.150008882,7.679956054,4.319127565,19.66002747,7.772020725,True,True,True,True,True
US.TDCB,TDCB,THIRD CENTURY BANCORP,16.1,14.666,10.9,10.357,93.221,-8.574,8.332427635,17.60987028,9.777717169,34.55045872,5.242830936,True,True,True,True,True
US.TDW,TDW,潮水公司,82.49,82.289,66.257,63.834,115.716,-11.424,38.24009346,93.12906431,0.2442610799,24.19668865,3.795782812,True,True,True,True,True
US.TECK,TECK,泰克资源有限公司,65.66,55.405,50.588,47.034,113.259,-2.97,30.78885299,67.66979285,18.50915982,9.522021033,7.556235914,True,True,True,True,True
US.TELZ,TELZ,TELLURIAN INC 8.25% SENIOR NOTES DUE 30/11/2028,25.72,24.235,18.619,17.025,253.079,-1.114,7.28448874,26.0097486,6.127501547,30.16273699,9.362701909,True,True,True,True,True
US.TEN,TEN,Tsakos Energy Navigation,42.73,39.1,29.562,27.354,167.159,-4.128,15.99422067,44.56984312,9.283887468,32.26439348,8.071945602,True,True,True,True,True
US.TEO,TEO,阿根廷电信,12.675,11.668,11.405,10.587,103.114,-8.218,6.240337938,13.80989737,8.630442235,2.306006138,7.726456976,True,True,True,True,True
US.TER,TER,泰瑞达,357.48,336.474,255.224,221.337,371.456,-15.311,75.82467929,422.1091287,6.242978655,31.83478043,15.31013793,True,True,True,True,True
US.TERN,TERN,Terns Pharmaceuticals(已退市),52.95,49.454,35.059,27.989,1894.35,-0.451,2.655000376,53.18988639,7.069195616,41.05935708,25.25992354,True,True,True,True,True
US.TEVA,TEVA,梯瓦制药,35.225,31.658,29.572,26.753,135.19,-5.596,14.97725243,37.31303758,11.26729421,7.053969972,10.53713602,True,True,True,True,True
US.TEX,TEX,特雷克斯,63.685,61.095,57.272,55.69,53.118,-10.698,41.59210544,71.31419229,4.239299452,6.675164129,2.840725444,True,True,True,True,True
US.TFII,TFII,TFI International,141.565,121.342,107.675,103.072,78.777,-5.047,79.18524195,149.0895496,16.66611726,12.69282563,4.465810307,True,True,True,True,True
US.TFIN,TFIN,Triumph Financial,63.6,61.914,60.769,59.574,36.98,-18.293,46.43013579,77.83910803,2.723132086,1.88418437,2.005908618,True,True,True,True,True
US.TGB,TGB,Taseko Mines,7.675,6.996,6.301,5.601,291.581,-17.027,1.960003167,9.249996987,9.705546026,11.02999524,12.49776826,True,True,True,True,True
US.TGH.PRB,TGH.PRB,TEXTAINER GROUP HLDGS LTD DEP SHS REP 1/1000TH CUM RED PRF SR B,24.98,24.708,23.011,21.965,43.163,0.28,17.44864246,24.9102513,1.100858022,7.374733823,4.762121557,True,True,True,True,True
US.TGSGY,TGSGY,TGS ASA SPON ADR EA REPR 1 ORD NOK0.00,16.075,13.789,10.797,9.906,135.653,-5.46,6.821470552,17.00338481,16.57843208,27.71140132,8.994548758,True,True,True,True,True
US.TGT,TGT,塔吉特,123.6,121.243,105.762,102.298,51.05,-6.26,81.82720953,131.8540644,1.944029758,14.6375825,3.386185458,True,True,True,True,True
US.TGTX,TGTX,TG Therapeutics,41.17,34.123,32.159,32.041,62.856,-7.793,25.28000196,44.64953854,20.65175981,6.107155073,0.3682781436,True,True,True,True,True
US.TH,TH,Target Hospitality,18.07,12.751,9.256,9.046,202.68,-1.472,5.970001322,18.33996427,41.71437534,37.75929127,2.321468052,True,True,True,True,True
US.THFF,THFF,First Financial,66.32,64.352,61.307,59.754,38.435,-3.967,47.90695995,69.0595941,3.05818001,4.966806401,2.598989189,True,True,True,True,True
US.THKLY,THKLY,THK机械(ADR),24.17,17.131,15.015,14.715,102.598,-0.041,11.93002892,24.17991376,41.0892534,14.09257409,2.038735984,True,True,True,True,True
US.THR,THR,Thermon,68.35,54.31,43.861,39.492,186.462,-4.056,23.86005823,71.23947303,25.85159271,23.82298625,11.0630001,True,True,True,True,True
US.THVB,THVB,THOMASVILLE BANCSHARES,100,95.477,92.068,88.73,36.451,-0.891,73.28638119,100.8990102,4.737266567,3.702698006,3.761974529,True,True,True,True,True
US.TIAIY,TIAIY,TELECOM ITLIA(已退市),8.85,8.582,7.186,6.636,99.324,-3.278,4.440007224,9.149934865,3.122815195,19.42666296,8.288125377,True,True,True,True,True
US.TIGO,TIGO,Millicom International Cellular,81.325,77.664,61.665,56.917,153.658,-4.615,32.06088513,85.25973686,4.713895756,25.94502554,8.341971643,True,True,True,True,True
US.TIIAY,TIIAY,TELECOM ITAL ORD,8.45,7.516,6.714,6.318,100.569,0,4.213013975,8.45,12.42682278,11.94518916,6.267806268,True,True,True,True,True
US.TISCY,TISCY,TAISEI CORP UNSP ADR EACH REP 0.25 ORD SHS,27.75,26.675,22.632,20.4,124.514,-15.909,12.360031,32.99996432,4.029990628,17.86408625,10.94117647,True,True,True,True,True
US.TK,TK,Teekay,13.22,12.566,10.776,10.101,85.856,-8.067,7.113033747,14.38003764,5.204520134,16.61098738,6.682506683,True,True,True,True,True
US.TKR,TKR,铁姆肯,117.18,105.142,93.519,89.087,76.675,-5.247,66.32517334,123.6689076,11.44927812,12.42849047,4.974912165,True,True,True,True,True
US.TLGPY,TLGPY,TELSTRA GROUP LIMITED SPON ADR EACH REP 5 COM,19.129,18.867,17.126,16.775,34.691,-4.162,14.20213674,19.9597237,1.388668045,10.16582973,2.092399404,True,True,True,True,True
US.TLSNY,TLSNY,TELIA COMPANY AB UNSP ADR EACH REPR 2 ORD,10.555,10.173,8.937,8.498,66.347,-3.869,6.345170036,10.9798088,3.755037845,13.83014434,5.165921393,True,True,True,True,True
US.TMP,TMP,Tompkins Financial,83.105,80.065,74.586,72.326,44.326,-3.612,57.58144756,86.21923891,3.796915007,7.345882605,3.124740757,True,True,True,True,True
US.TNABY,TNABY,TENAGA NASIONAL BERHAD LVL1 SPND ADR EACH REPR 4 ORD MYR1 (BNY),15.65,14.388,13.505,13.279,40.282,-0.318,11.15609986,15.69992576,8.771198221,6.538319141,1.701935387,True,True,True,True,True
US.TNGX,TNGX,Tango Therapeutics,24.235,21.593,13.894,12.187,1548.639,-14.695,1.470000406,28.40982357,12.23544667,55.41240823,14.00672848,True,True,True,True,True
US.TNK,TNK,Teekay Tankers,77.435,74.266,64.953,60.892,91.089,-7.804,40.52300237,83.98954401,4.26709396,14.33805983,6.669184786,True,True,True,True,True
US.TOELY,TOELY,Tokyo Electron (ADR),162.22,137.459,123.265,112.121,145.416,-6.501,66.10000978,173.4991818,18.01337126,11.5150286,9.939262047,True,True,True,True,True
US.TOKUY,TOKUY,东急电铁(ADR),12.532,12.366,11.905,11.62,32.608,-7.311,9.450410232,13.52048247,1.342390425,3.872322554,2.452667814,True,True,True,True,True
US.TOMYY,TOMYY,多美玩具(ADR),29.15,24.533,19.398,18.401,89.162,0,15.41007179,29.15,18.81954918,26.47180122,5.418183794,True,True,True,True,True
US.TOPPY,TOPPY,凸版印刷(ADR),16.594,15.228,14.905,14.541,54.076,-8.345,10.77000961,18.10484971,8.970317836,2.167058034,2.503266625,True,True,True,True,True
US.TORM,TORM,TOR MINERALS INTL INC,2.18,1.421,1.222,1.2,183.116,-6.437,0.7700024018,2.329980869,53.41308937,16.28477905,1.833333333,True,True,True,True,True
US.TOTDY,TOTDY,东陶(ADR),45.87,36.659,31.838,30.527,92.407,-7.706,23.84008898,49.69987215,25.12616274,15.14228281,4.294558915,True,True,True,True,True
US.TOYO,TOYO,TOYO Co,12.917,10.263,8.153,7.5,298.66,-9.863,3.24010435,14.33040816,25.85988502,25.88004416,8.706666667,True,True,True,True,True
US.TPC,TPC,Tutor Perini,83.215,80.286,74.118,70.425,142.895,-16.785,34.25965952,100,3.648207658,8.321865134,5.243876464,True,True,True,True,True
US.TPH,TPH,Tri Pointe Homes,46.95,46.72,38.749,37.644,63.474,-0.085,28.72016345,46.98994145,0.4922945205,20.57085344,2.935394751,True,True,True,True,True
US.TRCY,TRCY,TRI CITY BANKSHARES CORP,19.422,19.33,18.802,17.73,46.531,-11.009,13.25453317,21.8246789,0.4759441283,2.808211892,6.046249295,True,True,True,True,True
US.TRGP,TRGP,Targa Resources,266.84,243.749,203.008,192.91,88.225,-0.284,141.7665029,267.599984,9.473269634,20.06866724,5.234565341,True,True,True,True,True
US.TRIN,TRIN,Trinity Capital,17.175,15.386,14.738,14.6,41.982,-1.179,12.09660379,17.37990913,11.62745353,4.396797394,0.9452054795,True,True,True,True,True
US.TRKNY,TRKNY,TURK TELEKOMUNIKASYON AS UNSPON ADR EACH REPR 2 SHS,4.27,3.101,2.87,2.847,86.462,-0.928,2.290010833,4.30999677,37.69751693,8.048780488,0.8078679312,True,True,True,True,True
US.TRMD,TRMD,Torm,31.85,29.53,24.452,23.311,116.882,-9.849,14.68540497,35.32961365,7.856417203,20.76721741,4.894684913,True,True,True,True,True
US.TRMK,TRMK,Trustmark,43.88,43.339,41.157,40.554,33.771,-4.587,32.80232636,45.98954021,1.248298299,5.30164978,1.486906347,True,True,True,True,True
US.TRN,TRN,Trinity Industries,35.54,32.519,29.571,28.905,63.796,-4.871,21.69772156,37.35979565,9.289953566,9.969226607,2.304099637,True,True,True,True,True
US.TROO,TROO,盟军集团,4.31,2.967,2.637,2.243,713.206,-18.42,0.5300010084,5.283157637,45.26457701,12.51422071,17.56576014,True,True,True,True,True
US.TRP,TRP,TC Energy,68.14,63.125,56.919,54.847,60.461,-0.219,42.46514729,68.28955412,7.944554455,10.90321334,3.777781829,True,True,True,True,True
US.TRST,TRST,TrustCo Bank,48.99,45.531,42.704,41.098,68.732,-0.548,29.03420809,49.2599445,7.597021809,6.61998876,3.907732736,True,True,True,True,True
US.TRUX,TRUX,TRUXTON CORP,99.514,89.163,84.42,83.213,38.341,-3.064,71.93384463,102.6594867,11.60907551,5.618336887,1.450494514,True,True,True,True,True
US.TRVI,TRVI,Trevi Therapeutics,15.035,13.052,11.997,11.011,179.455,-6.73,5.380114866,16.11986705,15.19307386,8.793865133,8.954681682,True,True,True,True,True
US.TS,TS,泰纳瑞斯钢铁,63.17,58.857,47.501,44.414,100.343,-1.803,31.53092446,64.32986751,7.327930408,23.90686512,6.9505111,True,True,True,True,True
US.TSAT,TSAT,Telesat,53.9,43.581,34.17,31.558,249.546,-3.448,15.42000195,55.8248405,23.67774948,27.54170325,8.276823626,True,True,True,True,True
US.TSEM,TSEM,Tower半导体,276.64,188.275,136.928,117.751,638.1,-2.126,37.48001626,282.6491203,46.93400611,37.49926969,16.28606126,True,True,True,True,True
US.TSHA,TSHA,Taysha Gene Therapies,6.295,5.365,5.007,4.542,179.777,-13.767,2.250006255,7.299989563,17.33457596,7.149990014,10.23778071,True,True,True,True,True
US.TSM,TSM,台积电,419.65,366.469,331.702,311.834,124.999,-0.537,186.5119401,421.9156872,14.51173223,10.48139595,6.371338597,True,True,True,True,True
US.TSN,TSN,泰森食品,66.64,63.822,59.619,58.253,34.046,-4.093,49.71427719,69.48397927,4.415405346,7.049766014,2.344943608,True,True,True,True,True
US.TT,TT,Trane技术,479.58,451.587,428.183,425.453,38.162,-4.715,347.1142572,503.3111193,6.198805546,5.465887249,0.6416689975,True,True,True,True,True
US.TTDKY,TTDKY,TDK电子(ADR),19.54,15.241,15.044,14.686,92.703,-2.299,10.13995631,19.99979529,28.20681058,1.309492156,2.437695765,True,True,True,True,True
US.TTE,TTE,道达尔,91.72,88.361,73.437,69.803,69.755,-2.081,54.03080911,93.66925724,3.801450866,20.32218092,5.206079968,True,True,True,True,True
US.TTMI,TTMI,TTM科技,171.015,120.236,92.072,81.235,508.161,-4.991,28.12002085,179.998737,42.23277554,30.58910418,13.34030898,True,True,True,True,True
US.TTNDY,TTNDY,创科实业(ADR),77.62,71.894,66.511,65.542,47.792,-4.573,52.5197575,81.33966278,7.964503297,8.093398085,1.478441305,True,True,True,True,True
US.TVTX,TVTX,Travere Therapeutic,43.7,34.846,33.116,30.03,214.841,-10.1,13.88002198,48.60956618,25.4089422,5.224060877,10.27639028,True,True,True,True,True
US.TWIN,TWIN,双环,18.52,16.629,16.468,15.305,170.988,-5.845,6.834250963,19.66969359,11.37170004,0.9776536313,7.598823914,True,True,True,True,True
US.TWLO,TWLO,Twilio,196.2,143.556,130.566,124.698,113.632,-3.686,91.84017376,203.7087028,36.67140349,9.948991315,4.705769138,True,True,True,True,True
US.TWO,TWO,Two Harbors Investment,12.585,10.909,10.431,10.086,47.779,-8.432,8.51609498,13.74388433,15.36346136,4.582494488,3.420582986,True,True,True,True,True
US.TWST,TWST,Twist Bioscience,54.245,52.22,41.914,38.404,132.809,-17.885,23.30021606,66.05979419,3.877824588,24.588443,9.139672951,True,True,True,True,True
US.TX,TX,特尔尼翁钢铁,44.25,40.353,38.745,37.032,72.227,-8.332,25.69283562,48.27202513,9.657274552,4.150212931,4.625729099,True,True,True,True,True
US.TXG,TXG,10x Genomics,21.74,21.42,18.745,17.32,169.559,-17.791,8.065024726,26.44479315,1.493930906,14.27047213,8.227482679,True,True,True,True,True
US.TXN,TXN,德州仪器,308.95,228.243,198.47,194.951,104.639,-0.431,150.9731772,310.2873384,35.36012057,15.00125964,1.805068966,True,True,True,True,True
US.TYFG,TYFG,TRI-COUNTY FINANCIAL GROUP,55.31,51.222,47.068,45.614,32.958,-2.964,41.59960288,56.99946412,7.980945687,8.825529022,3.187617837,True,True,True,True,True
US.TYHOY,TYHOY,TOYOTA TSUSHO CORP UNSP ADR EACH REP 0.5 ORD SHS,23.777,20.788,18.901,17.588,176.796,-5.044,8.590080782,25.04001853,14.37848759,9.983598751,7.465317262,True,True,True,True,True
US.TYOBY,TYOBY,TOYOBO CO UNSPON ADR EACH REP 1 ORD,9,7.358,7.257,7.185,37.614,-20.844,6.540032264,11.369953,22.3158467,1.39175968,1.002087683,True,True,True,True,True
US.TYOYY,TYOYY,太阳诱电(ADR),179.68,130.272,100.854,91.201,196.648,0,60.57010329,179.68,37.92679931,29.16889761,10.58431377,True,True,True,True,True
US.TYRA,TYRA,Tyra Biosciences,36.475,36.019,27.855,23.899,316.857,-10.27,8.750002999,40.64972696,1.265998501,29.3089212,16.55299385,True,True,True,True,True
US.UAN,UAN,CVR Partners,127.78,124.986,105.736,100.22,77.638,-5.403,71.93280717,135.0782794,2.23545037,18.20571991,5.503891439,True,True,True,True,True
US.UCTT,UCTT,超科林半导体,86.17,69.785,46.932,41.46,355.203,-2.491,18.93001584,88.37132983,23.47925772,48.69385494,13.19826339,True,True,True,True,True
US.UFCS,UFCS,联合火险,49.285,39.651,36.732,35.062,93.976,-1.173,25.40778241,49.8699748,24.29699125,7.946749428,4.762991273,True,True,True,True,True
US.UFGSY,UFGSY,UNIPOL ASSICURAZIONI S.P.A. UNSPON ADR EACH REP 0.5 ORD SHS,13.57,12.14,11.538,11.167,48.306,0,9.150000674,13.57,11.77924217,5.217542035,3.322288887,True,True,True,True,True
US.UGP,UGP,Ultrapar Participacoes,5.92,5.608,4.659,4.346,125.231,-4.439,2.628412608,6.194995867,5.563480742,20.36917794,7.20202485,True,True,True,True,True
US.ULS,ULS,UL Solutions,99.99,88.515,82.157,78.453,62.731,-7.02,61.44496132,107.5392558,12.96390442,7.738841486,4.721298102,True,True,True,True,True
US.UMBF,UMBF,UMB金融,127.79,119.213,117.717,117.531,31.603,-5.757,97.10264964,135.5962777,7.194685143,1.270844483,0.1582561197,True,True,True,True,True
US.UMC,UMC,联电,17.285,11.084,9.427,8.812,163.49,-0.202,6.560021253,17.31998637,55.94550704,17.57717195,6.979119383,True,True,True,True,True
US.UMICY,UMICY,UMICORE UNSP ADR EACH REP 0.25 ORD SHS,7.453,5.067,5.012,4.734,232.231,-2.005,2.243318655,7.605490076,47.0890073,1.097366321,5.872412336,True,True,True,True,True
US.UNCY,UNCY,Unicycive Therapeutics,8.66,7.136,6.283,5.77,133.423,-21.272,3.71000287,10.99989838,21.35650224,13.57631705,8.890814558,True,True,True,True,True
US.UNFI,UNFI,联合原生态食品,51.47,45.656,39.823,37.335,148.435,-2.924,20.71769276,53.02031398,12.73436131,14.64731437,6.663988215,True,True,True,True,True
US.UNIB,UNIB,UNIVERSITY BANCORP,22.75,21.856,18.64,17.857,55.007,-6.65,14.67675653,24.3706481,4.090409956,17.25321888,4.384835079,True,True,True,True,True
US.UNIF,UNIF,U & I FINANCIAL CORPORATION,4.5,3.893,3.687,3.678,50,-2.173,3,4.599957067,15.59208836,5.587198264,0.2446982055,True,True,True,True,True
US.UNIT,UNIT,Uniti Group,11.26,10.003,7.97,7.635,112.452,-9.083,5.300020711,12.38492251,12.56623013,25.50815558,4.387688278,True,True,True,True,True
US.UNTC,UNTC,UNIT CORP,33.95,33.545,31.53,30.484,58.968,-4.901,21.35649942,35.69963932,1.207333433,6.390738979,3.431308227,True,True,True,True,True
US.UNTN,UNTN,UNITED TENN BANKS,27.5,23.706,19.604,18.637,66.928,0,16.4741685,27.5,16.00438708,20.92430116,5.188603316,True,True,True,True,True
US.UOLGY,UOLGY,UOL GROUP LIMITED SPND LVL1 ADR EACH REPR 4 ORD NPV,31.95,31.612,29.413,27.764,84.994,-14.394,17.27083041,37.32215032,1.069214222,7.476285996,5.939345916,True,True,True,True,True
US.UPDC,UPDC,UPD HOLDING CORP,0.001,0,0,0,99900,0,1e-06,0.001,,,,True,True,True,True,True
US.URG,URG,Ur-能源,1.805,1.605,1.573,1.543,169.402,-23.191,0.6700024499,2.349985028,12.46105919,2.034329307,1.94426442,True,True,True,True,True
US.URGN,URGN,乌龙制药,29.56,21.733,21.625,20.939,764.327,-8.68,3.420001921,32.36968901,36.01435605,0.4994219653,3.276183199,True,True,True,True,True
US.USAC,USAC,USA Compression,29.37,27.254,24.816,24.211,39.952,-0.998,20.98576655,29.66606735,7.763997945,9.824306899,2.498864153,True,True,True,True,True
US.USDC,USDC,USDATA CORP,0.001,0,0,0,119900,0,8.333333333e-07,0.001,,,,True,True,True,True,True
US.USEA,USEA,United Maritime,2.277,2.074,1.788,1.717,109.936,-4.728,1.084616264,2.38999916,9.787849566,15.99552573,4.135119394,True,True,True,True,True
US.USMT,USMT,US METRO BANCORP,5.368,5.249,4.527,4.283,67.034,-5.44,3.213716968,5.676818951,2.267098495,15.94875193,5.696941396,True,True,True,True,True
US.USNZY,USNZY,USINAS SID MINAS GERAIS USIMINAS SPON ADR EACH REP 1 PRF NPV,1.888,1.401,1.211,1.12,169.642,0,0.7001876562,1.888,34.76088508,15.6895128,8.125,True,True,True,True,True
US.UTHR,UTHR,美国联合医疗,575.09,558.421,501.879,467.78,111.336,-5.622,272.121172,609.3475174,2.985023844,11.26606214,7.289537817,True,True,True,True,True
US.UTI,UTI,环球技术学院,40.78,36.662,31.276,30.617,91.545,-1.734,21.29003628,41.49960312,11.23233866,17.22087223,2.152398994,True,True,True,True,True
US.UTSI,UTSI,UT斯达康,2.86,2.461,2.452,2.447,43,-2.721,2,2.939997327,16.21292158,0.3670473083,0.2043318349,True,True,True,True,True
US.UUGRY,UUGRY,UNITED UTILITIES GROUP PLC ADR EACH REPR 2 ORD,37.166,36.263,33.93,33.001,31.153,-8.073,28.33789544,40.42990634,2.490141467,6.875921014,2.81506621,True,True,True,True,True
US.UUU,UUU,通用安全仪器,6.105,5.907,5.145,4.871,254.369,-16.14,1.722780492,7.27999046,3.351955307,14.81049563,5.62512831,True,True,True,True,True
US.UVE,UVE,万全保险,39.095,35.77,32.909,30.834,82.416,-6.458,21.4317823,41.79406042,9.295499022,8.693670425,6.729584225,True,True,True,True,True
US.UVSP,UVSP,宾夕法尼亚裕益银行,38.25,35.659,33.317,32.42,40.866,-2.073,27.153465,39.05970774,7.266047842,7.029444428,2.766810611,True,True,True,True,True
US.UWHR,UWHR,UWHARRIE CAP CORP,11.7,10.97,10.145,9.669,46.963,0,7.96118751,11.7,6.654512306,8.132084771,4.922949633,True,True,True,True,True
US.VACNY,VACNY,VAT GROUP AG UNSP ADS EACH REP 0.1 ORD SHS,76.19,68.807,57.589,52.434,141.008,-4.735,31.61305849,79.97690652,10.73001293,19.47941447,9.831407102,True,True,True,True,True
US.VAL,VAL,华仕伯,103.301,95.72,72.399,66.629,193.468,-1.94,35.20008996,105.3446869,7.919974927,32.21177088,8.659892839,True,True,True,True,True
US.VALE,VALE,淡水河谷,16.615,16.134,14.378,13.234,101.937,-7.385,8.227813625,17.93985855,2.981281765,12.21310335,8.644400786,True,True,True,True,True
US.VARRY,VARRY,VAR ENERGI ASA UNSPON ADS EACH REP 2 ORD SHS,10.29,9.488,7.511,7.208,103.756,-2.649,5.050158032,10.56999928,8.452782462,26.32139529,4.203662597,True,True,True,True,True
US.VASO,VASO,VASO CORP,0.191,0.175,0.162,0.152,81.86,-13.203,0.1050258441,0.2200536885,9.142857143,8.024691358,6.578947368,True,True,True,True,True
US.VATE,VATE,Innovate Corp,12.02,8.42,6.237,5.921,220.536,-10.697,3.749968802,13.45979418,42.75534442,35.00080167,5.336936328,True,True,True,True,True
US.VBNK,VBNK,VersaBank,17.55,15.945,14.648,13.882,74.431,-7.706,10.06128498,19.01532061,10.06585136,8.85445112,5.517936897,True,True,True,True,True
US.VBREY,VBREY,VIBRA ENERGIA S.A. SPON ADS EACH REP 2 ORD SHS,13.45,12.897,10.731,9.985,123.712,-6.035,6.01219425,14.31384026,4.287818873,20.18451216,7.47120681,True,True,True,True,True
US.VCTR,VCTR,Victory Capital,88.23,72.347,67.994,67.898,57.041,-0.563,56.18278029,88.72954735,21.95391654,6.402035474,0.1413885534,True,True,True,True,True
US.VDMCY,VDMCY,VODACOM GROUP LIMITED SPON ADR EA REPR 1 ORD ZAR0.00,9.72,8.962,8.712,8.466,40.237,-10.907,6.931123741,10.90994803,8.457933497,2.869605142,2.905740609,True,True,True,True,True
US.VECO,VECO,维易科精密仪器,59.8,41.9,34.226,32.123,217.241,-8.604,18.85002254,65.42955928,42.72076372,22.42155087,6.546711079,True,True,True,True,True
US.VELO,VELO,Velo3D,19.797,12.869,11.069,9.368,604.512,-16.959,2.810030205,23.84003083,53.8347968,16.26163158,18.15755764,True,True,True,True,True
US.VEMLY,VEMLY,VENTURE CORPORATION LTD ADR EACH REP 5 ORD,71.822,62.801,59.73,57.276,89.391,0,37.92260456,71.822,14.36442095,5.141469948,4.284517075,True,True,True,True,True
US.VEOEY,VEOEY,VEOLIA ENVIRONNEMENT SPON ADR EACH REP 0.5 ORD EUR13.5,20.253,19.113,17.719,17.379,32.007,-2.245,15.34236821,20.71812184,5.964526762,7.867261132,1.956384142,True,True,True,True,True
US.VIAV,VIAV,Viavi Solutions,52.57,40.665,26.622,22.844,492.671,-13.006,8.870013886,60.4294549,29.27578999,52.74960559,16.5382595,True,True,True,True,True
US.VICR,VICR,Vicor电子,291.3,211.316,149.992,124.889,618.549,-8.055,40.54003276,316.8198379,37.85042306,40.88484719,20.10024902,True,True,True,True,True
US.VIK,VIK,Viking Holdings,87.48,76.878,71.157,68.564,107.296,-4.913,42.20052485,91.99995793,13.79068134,8.039967958,3.781868036,True,True,True,True,True
US.VIRDY,VIRDY,VIRIDIEN SPON ADR EACH REP 1 ORD(POST REV SPLIT),159.55,152.942,116.216,104.636,203.904,-12.98,52.50013162,183.3486555,4.32059212,31.60150065,11.06693681,True,True,True,True,True
US.VIRT,VIRT,Virtu金融,54.44,46.492,39.168,38.982,73.549,-1.179,31.36866245,55.08950527,17.09541426,18.69893791,0.4771432969,True,True,True,True,True
US.VISN,VISN,Vistance Networks,11.465,9.682,9.034,8.641,350.104,-13.275,2.547189094,13.21994811,18.41561661,7.172902369,4.548084712,True,True,True,True,True
US.VIST,VIST,Vista Energy,71.81,68.51,55.872,51.608,127.031,-9.33,31.63004171,79.19929414,4.816815063,22.61955899,8.262284917,True,True,True,True,True
US.VLGEA,VLGEA,Village Super Market,45.86,42.379,37.486,37.065,54.437,0,29.69495652,45.86,8.213973902,13.05287307,1.135842439,True,True,True,True,True
US.VLO,VLO,瓦莱罗能源,244.46,239.114,198.596,186.523,99.463,-5.405,122.5590711,258.4280353,2.235753657,20.40222361,6.472660208,True,True,True,True,True
US.VLOWY,VLOWY,VALLOUREC SA SPON ADR EACH REP 0.2 ORD SHS,6.3,5.317,4.454,4.278,93.254,-5.261,3.259958397,6.649848531,18.4878691,19.37584194,4.114071996,True,True,True,True,True
US.VLPNY,VLPNY,VOESTALPINE AG UNSP ADR EACH REPR 1/5 ORD EUR0.00,10.99,9.664,9.058,8.36,134.395,-6.706,4.688666567,11.77996441,13.72102649,6.690218591,8.349282297,True,True,True,True,True
US.VLVLY,VLVLY,沃尔沃,34,33.498,31.809,30.958,35.518,-10.68,25.08891808,38.06538289,1.498596931,5.309817976,2.748885587,True,True,True,True,True
US.VLY,VLY,硅谷国家银行,13.055,12.755,11.995,11.502,60.728,-7.542,8.122417998,14.11992472,2.352018816,6.335973322,4.286211094,True,True,True,True,True
US.VMD,VMD,Viemed Healthcare,9.455,9.421,8.007,7.712,59.443,-7.121,5.930018878,10.1799115,0.3608958709,17.6595479,3.825207469,True,True,True,True,True
US.VMI,VMI,维蒙特工业,517.49,444.273,430.818,416.652,70.901,-2.081,302.8010369,528.4878318,16.48018223,3.12312856,3.399959679,True,True,True,True,True
US.VNOM,VNOM,Viper Energy,47.93,46.113,40.838,39.788,40.611,-4.921,34.0869491,50.41071109,3.940320517,12.91689113,2.638986629,True,True,True,True,True
US.VNRFY,VNRFY,VIENNA INSURANCE GROUP AG SPON ADR EA REP 1/5 ORD SHS,15.178,15.012,12.006,10.474,177.941,-5.373,5.460871192,16.0398195,1.105782041,25.03748126,14.62669467,True,True,True,True,True
US.VOD,VOD,沃达丰,15.53,15.209,13.824,13.193,70.884,-6.473,9.088036329,16.60483069,2.110592412,10.01880787,4.782839385,True,True,True,True,True
US.VOPKY,VOPKY,KONINKLIJKE VOPAK N.V. UNSP ADR EACH REPR 1 SH,51.5,48.825,44.04,42.202,42.288,-5.039,36.19419768,54.2327903,5.47875064,10.86512262,4.355243827,True,True,True,True,True
US.VOXR,VOXR,Vox Royalty,6.415,5.518,5.078,4.705,113.548,-4.253,3.004008466,6.699948823,16.25588982,8.664828673,7.927736451,True,True,True,True,True
US.VPG,VPG,Vishay精密集团,98,52.814,44.381,40.696,293.811,-6.817,24.88503368,105.1693979,85.55685992,19.00137446,9.054943975,True,True,True,True,True
US.VRE,VRE,Veris Residential,18.965,18.885,16.439,16.019,40.61,-0.341,13.48766091,19.02989193,0.423616627,14.87925056,2.62188651,True,True,True,True,True
US.VRT,VRT,Vertiv Holdings,378.33,294.253,223.024,201.928,275.146,-0.393,100.8487362,379.8227032,28.57303069,31.93781835,10.44728814,True,True,True,True,True
US.VSAT,VSAT,卫讯公司,74.705,56.214,44.834,40.719,768.057,-0.578,8.60600168,75.13930518,32.89394101,25.38252219,10.10584739,True,True,True,True,True
US.VSH,VSH,威世科技,38.295,23.502,18.773,17.844,229.576,-4.429,11.61947472,40.06968641,62.94357927,25.19043307,5.206231787,True,True,True,True,True
US.VSTS,VSTS,Vestis,12.05,8.752,7.203,6.576,202.763,-4.365,3.980010767,12.59998954,37.68281536,21.5049285,9.534671533,True,True,True,True,True
US.VTKLY,VTKLY,伟易达(ADR),8,7.985,7.937,7.862,41.979,-9.193,5.634636108,8.80989351,0.1878522229,0.6047625047,0.9539557365,True,True,True,True,True
US.VTMX,VTMX,Vesta Real Estate,34.46,34.149,31.917,30.754,40.749,-7.302,24.48330006,37.17448057,0.9107148086,6.993138453,3.781621903,True,True,True,True,True
US.VTR,VTR,芬塔公司,90.33,84.975,79.809,76.628,49.133,-0.725,60.57009515,90.98967514,6.301853486,6.472954178,4.151224096,True,True,True,True,True
US.VTRS,VTRS,Viatris,17.245,14.427,12.878,12.098,118.629,-1.511,7.887791647,17.5095696,19.53282041,12.02826526,6.447346669,True,True,True,True,True
US.VTVT,VTVT,vTv Therapeutics,37.7,35.683,32.94,29.313,169.285,-14.318,14.00003714,43.99990663,5.652551635,8.327261688,12.37334971,True,True,True,True,True
US.VVX,VVX,V2X,70.605,68.897,63.32,61.53,62.609,-9.896,43.4201059,78.3594513,2.479062949,8.807643714,2.909150008,True,True,True,True,True
US.VWDRY,VWDRY,维斯塔斯风力(ADR),9.91,9.358,8.654,8.074,103.022,-6.332,4.881244397,10.57992057,5.898696303,8.134966489,7.183552143,True,True,True,True,True
US.VWFB,VWFB,VWF BANCORP INC,14.75,13.73,12.214,11.984,35.944,-1.601,10.85005591,14.98998974,7.428987618,12.41198625,1.919225634,True,True,True,True,True
US.WAB,WAB,美国西屋制动,268.665,255.937,232.392,222.363,46.16,-2.601,183.8156814,275.8395877,4.973098849,10.13158801,4.510192793,True,True,True,True,True
US.WAFD,WAFD,WaFd,34.815,33.075,31.947,31.48,34.577,-9.782,25.86994806,38.58986012,5.260770975,3.530847967,1.483481576,True,True,True,True,True
US.WARFY,WARFY,九龙仓集团(ADR),7.5,5.988,5.893,5.803,57.356,-0.332,4.766262488,7.524982943,25.250501,1.612082131,1.550921937,True,True,True,True,True
US.WBS,WBS,韦伯斯特金融,71.755,70.269,65.054,63.43,47.74,-2.498,48.56843103,73.59336219,2.114730536,8.01641713,2.560302696,True,True,True,True,True
US.WCC,WCC,西科国际,369.74,300.511,276.458,260.523,130.542,-0.519,160.3785861,371.6689619,23.03709348,8.700417423,6.116542493,True,True,True,True,True
US.WCCB,WCCB,WEST COAST COMMUNITY BANCORP,49.6,47.946,44.799,43.526,32.175,-0.819,37.52600719,50.00957845,3.449714262,7.024710373,2.924688692,True,True,True,True,True
US.WCPRF,WCPRF,WHITECAP RESOURCES INC,11.79,10.868,9.131,8.663,112.312,-2.157,5.553148197,12.0499167,8.483621642,19.02310809,5.402285582,True,True,True,True,True
US.WCRS,WCRS,WESTERN CAPITAL RESOURCES INC,17.1,14.318,9.72,8.441,165.833,0,6.432609947,17.1,19.430088,47.30452675,15.15223315,True,True,True,True,True
US.WDC,WDC,西部数据,484.065,353.984,248.277,209.419,892.151,-7.823,48.78944838,525.147271,36.74770611,42.57623541,18.55514543,True,True,True,True,True
US.WDFN,WDFN,WOODLANDS FINANCIAL SERVICES CO,29.5,28.917,25.046,24.059,55.184,-10.297,19.00969172,32.88630258,2.016115088,15.45556177,4.102414897,True,True,True,True,True
US.WEBC,WEBC,WEBCO INDUSTRIES INC,255,245.214,208.035,197.91,59.574,-4.135,159.8004687,265.9990612,3.990799873,17.87151201,5.115961801,True,True,True,True,True
US.WELL,WELL,Welltower,218.31,206.87,195.409,188.196,51.159,-1.517,144.4240833,221.672776,5.530043022,5.865134155,3.832706327,True,True,True,True,True
US.WERN,WERN,沃纳企业,37.14,31.762,30.596,29.789,62.501,-3.432,22.85524397,38.45994532,16.93218311,3.81095568,2.709053678,True,True,True,True,True
US.WES,WES,Western Midstream,46.19,41.024,39.131,38.377,36.199,-0.194,33.9136117,46.27978278,12.59262871,4.83759679,1.964718451,True,True,True,True,True
US.WEYS,WEYS,韦科鞋业,35.005,33.259,31.228,30.348,36.157,-0.497,25.70929148,35.17984382,5.249706846,6.50377866,2.89969685,True,True,True,True,True
US.WFCNP,WFCNP,WELLS FARGO & COMPANY DIVIDEND EQUALIZATION PFD SHS,2.75,2.383,1.641,1.365,150,0,1.1,2.75,15.40075535,45.21633151,20.21978022,True,True,True,True,True
US.WFRD,WFRD,Weatherford国际,109.58,98.568,87.648,81.028,159.694,-2.183,42.19581507,112.025517,11.17198279,12.45892662,8.170015303,True,True,True,True,True
US.WHD,WHD,Cactus,57.52,51.65,48.724,46.544,74.271,-2.667,33.00606527,59.09609279,11.36495644,6.005254084,4.683740117,True,True,True,True,True
US.WHWK,WHWK,Whitehawk Therapeutics,5.145,3.877,2.993,2.703,227.707,-6.369,1.570000031,5.494974955,32.70570028,29.53558303,10.72881983,True,True,True,True,True
US.WILC,WILC,G. Will食品国际,35.82,28.718,26.567,24.969,144.102,-3.116,14.67419357,36.97204905,24.73013441,8.096510709,6.399935921,True,True,True,True,True
US.WILWY,WILWY,WALLENIUS WILHELMSEN ASA UNSP ADS EACH REPR 2 ORD SHS,23.87,23.183,17.871,16.505,130.124,-14.714,10.37266865,27.98818094,2.963378338,29.72413407,8.276279915,True,True,True,True,True
US.WLACU,WLACU,WILLOW LANE ACQUISITION CORP UNITS EXP 29/10/2029 (1 CL A AND 1/2 WT),28.38,16.511,14.281,13.252,180.712,0,10.11000598,28.38,71.88540973,15.615153,7.764865681,True,True,True,True,True
US.WLFC,WLFC,威利斯金融租赁,189.555,189.493,163.982,159.423,66.889,-20.691,113.5814823,239.0081832,0.03271888671,15.5571953,2.859687749,True,True,True,True,True
US.WLMIY,WLMIY,WILMAR INTERNATIONAL LTD UNSP ADR EACH REPR 10 ORD,29.66,29.014,25.938,24.966,40.77,-3.18,21.06983022,30.63416649,2.226511339,11.8590485,3.893294881,True,True,True,True,True
US.WLWHY,WLWHY,WOOLWORTHS HLDGS SPONS GDR EACH REP 1 ORD ZAR0.0015,3.37,3.325,3.277,3.195,31.264,-15.229,2.567345197,3.975416121,1.353383459,1.464754348,2.566510172,True,True,True,True,True
US.WMB,WMB,威廉姆斯,77.43,73.177,66.015,64.077,42.064,-0.116,54.50360401,77.51992311,5.811935444,10.84904946,3.024486165,True,True,True,True,True
US.WMT,WMT,沃尔玛,132.04,126.186,117.716,113.399,42.505,-1.579,92.65639802,134.1583605,4.639183428,7.195283564,3.806911878,True,True,True,True,True
US.WNMLA,WNMLA,WINMILL & CO INC,5.5,5.033,4.471,4.334,173.631,0,2.010006176,5.5,9.278760183,12.56989488,3.161052146,True,True,True,True,True
US.WOLF,WOLF,Wolfspeed,69.47,26.281,22.682,18.391,17823.07,-5.79,0.3876010081,73.7395181,164.3354515,15.86720748,23.3320646,True,True,True,True,True
US.WPC,WPC,W.P. Carey,73.73,71.226,68.119,67.146,30.442,-1.522,56.52320572,74.869514,3.515570157,4.56113566,1.449081107,True,True,True,True,True
US.WPM,WPM,Wheaton Precious Metals,139.12,136.281,126.266,120.037,77.314,-15.938,78.45968169,165.4968951,2.08319575,7.931668066,5.18923332,True,True,True,True,True
US.WPUR,WPUR,WATERPURE INTERNATIONAL INC,0.004,0.003,0.003,0.003,800,-10,0.0004444444444,0.004444444444,33.33333333,0,0,True,True,True,True,True
US.WRLC,WRLC,WINDROCK LD CO,510,467.725,449.222,447.159,32.662,-2.857,384.4356334,524.9992279,9.038430702,4.118898896,0.4613571459,True,True,True,True,True
US.WRTBY,WRTBY,WARTSILA OYJ ABP UNSP ADR EACH REPR .20 ORD,8.67,8.077,7.394,6.959,136.365,-8.64,3.668055761,9.489929947,7.34183484,9.237219367,6.250898118,True,True,True,True,True
US.WSBF,WSBF,沃特财务,18.29,18.047,16.902,16.246,52.258,-3.022,12.01250509,18.85994762,1.34648418,6.774346231,4.037917026,True,True,True,True,True
US.WSFS,WSFS,WSFS金融,70.66,67.466,61.043,59.556,42.769,-3.227,49.4925369,73.01623387,4.734236504,10.52209099,2.496809725,True,True,True,True,True
US.WSR,WSR,Whitestone REIT,18.995,17.636,14.883,14.227,68.818,-0.078,11.25176225,19.00982767,7.705828986,18.49761473,4.610951009,True,True,True,True,True
US.WSSH,WSSH,WEST SHORE BANK CORP,41.2,34.645,27.801,26.582,73.618,-5.812,23.73025838,43.74230263,18.92047915,24.6178195,4.585809947,True,True,True,True,True
US.WST,WST,West Pharmaceutical Services,299.03,269.333,265.957,262.17,47.254,-9.625,203.0708843,330.8769018,11.02612751,1.269378133,1.444482588,True,True,True,True,True
US.WSTL,WSTL,"Westell Technologies, Inc.",7.16,6.102,5.979,5.965,258,-1.241,2,7.249972154,17.33857752,2.057200201,0.2347024308,True,True,True,True,True
US.WT,WT,智慧树,19.57,16.24,14.387,14.168,113.539,-1.41,9.164602251,19.84988336,20.50492611,12.87968305,1.545736872,True,True,True,True,True
US.WTBFB,WTBFB,W T B FINANCIAL CORP,398.78,387.412,361.952,346.564,46.44,-1.072,272.316307,403.1012454,2.934343799,7.034081867,4.440161125,True,True,True,True,True
US.WTFC,WTFC,信达金融,147.81,142.122,140.069,137.672,30.795,-8.955,113.0089071,162.3482893,4.002195297,1.465706188,1.741094776,True,True,True,True,True
US.WTI,WTI,W&T海底钻探,4.42,3.409,2.479,2.308,234.373,-3.387,1.321877065,4.574953681,29.65679085,37.51512707,7.409012132,True,True,True,True,True
US.WTTR,WTTR,Select Water Solutions,18.78,15.516,12.741,11.816,146.124,-0.159,7.630300174,18.80990775,21.03634957,21.78008006,7.828368314,True,True,True,True,True
US.WULF,WULF,TeraWulf,23.935,18.481,15.515,13.931,605.007,-7.084,3.395001752,25.75982608,29.51139008,19.11698356,11.37032517,True,True,True,True,True
US.WUXAY,WUXAY,WUXI APPTEC CO LTD UNSPON ADS EACH REP 1 ORD SHS,17.959,15.462,14.374,14.185,124.034,-0.139,8.016193971,17.98399776,16.14926918,7.569222207,1.332393373,True,True,True,True,True
US.XHR,XHR,Xenia Hotels & Resorts,16.37,15.49,14.573,14.273,50.284,-4.991,10.8927098,17.22994664,5.681084571,6.292458656,2.101870665,True,True,True,True,True
US.XIFR,XIFR,XPLR Infrastructure LP,11.56,10.48,10.072,10.059,44.68,-8.326,7.990047,12.6099003,10.30534351,4.050833995,0.1292374988,True,True,True,True,True
US.XPL,XPL,Solitario Resources,0.915,0.851,0.745,0.745,69.131,-6.25,0.5410007627,0.976,7.520564042,14.22818792,0,True,True,True,True,True
US.XPO,XPO,XPO,205.925,203.516,169.612,159.448,85.881,-11.034,110.783243,231.4648293,1.183690717,19.98915171,6.374491997,True,True,True,True,True
US.XWIN,XWIN,XMax Inc,8.232,7.256,6.29,5.599,807.296,-5.271,0.9073113956,8.690052677,13.45093716,15.35771065,12.34148955,True,True,True,True,True
US.XYIGY,XYIGY,信义玻璃(ADR),26.47,25.838,24.003,23.404,48.51,-11.737,17.82371557,29.9899165,2.446009753,7.644877724,2.559391557,True,True,True,True,True
US.YARIY,YARIY,YARA INTERNATIONAL ASA SPON ADR EACH REP 0.50 ORD SHS,29.57,28.445,23.145,21.972,73.193,-5.466,17.0734383,31.2797512,3.955000879,22.89911428,5.33861278,True,True,True,True,True
US.YASKY,YASKY,安川电机(ADR),88.98,63.937,61.5,56.645,137.09,-1.701,37.53005188,90.51974079,39.16824374,3.962601626,8.570924177,True,True,True,True,True
US.YCBD.PRA,YCBD.PRA,CBDMD INC 8% SERIES A CUM CONVERT PFD STK USD25,1.54,1.413,1.03,0.898,396.774,-8.333,0.3100001208,1.679993891,8.987968861,37.18446602,14.69933185,True,True,True,True,True
US.YOU,YOU,Clear Secure,56.805,51.825,40.399,38.795,142.523,-7.903,23.42252075,61.67953354,9.609261939,28.28287829,4.134553422,True,True,True,True,True
US.YPF,YPF,阿根廷YPF,44.34,42.259,37.539,35.521,94.222,-9.464,22.82954557,48.97499337,4.924394803,12.57359013,5.681146364,True,True,True,True,True
US.YUKA,YUKA,YUKA GROUP INC,0.057,0.055,0.043,0.035,674.324,-18.142,0.007361259628,0.06963277871,3.636363636,27.90697674,22.85714286,True,True,True,True,True
US.YUMAQ,YUMAQ,YUMA ENERGY INC,0,0,0,0,9900,0,0,0,,,,True,True,True,True,True
US.ZGN,ZGN,Ermenegildo Zegna NV,12.61,11.188,10.609,10.143,65.811,-5.754,7.605044297,13.37987819,12.71004648,5.457630314,4.594301489,True,True,True,True,True
US.ZIJMY,ZIJMY,紫金矿业(ADR),94.923,93.958,93.824,87.674,120.148,-20.891,43.11781165,119.9901402,1.027054641,0.1428206003,7.014622351,True,True,True,True,True
US.ZION,ZION,齐昂银行,60.18,58.762,56.929,56.288,36.471,-7.707,44.09728074,65.20537852,2.413124128,3.219800102,1.138786242,True,True,True,True,True
US.ZM,ZM,Zoom通讯,98.255,87.008,85.996,84.318,42.089,-11.926,69.15032128,111.5595976,12.92639757,1.176798921,1.990085154,True,True,True,True,True
US.ZNOG,ZNOG,ZION OIL & GAS INC,0.425,0.388,0.305,0.28,224.351,-5.577,0.1310308894,0.4501021997,9.536082474,27.21311475,8.928571429,True,True,True,True,True
US.ZWS,ZWS,Zurn Elkay Water Solutions,49.525,47.939,47.693,47.186,42.189,-7.877,34.83040179,53.75964743,3.308371055,0.5157989642,1.074471241,True,True,True,True,True
