code,ticker,name,price,ma50,ma150,ma200,price_to_52w_low_pct,price_to_52w_high_pct,estimated_52w_low,estimated_52w_high,price_above_ma50_pct,ma50_above_ma150_pct,ma150_above_ma200_pct,futu_filter_price_gt_ma50,futu_filter_ma50_gt_ma150,futu_filter_ma150_gt_ma200,futu_filter_gt_30_pct_above_52w_low,futu_filter_within_25_pct_of_52w_high
US.AA,AA,美国铝业公司,67.14,65.195,54.897,49.072,161.95,-11.307,25.63084558,75.69932238,2.983357619,18.75876642,11.87031301,True,True,True,True,True
US.AAGIY,AAGIY,友邦保险(ADR),45.155,43.638,42.294,41.139,42.683,-3.598,31.64707779,46.84031452,3.476327971,3.17775571,2.807554875,True,True,True,True,True
US.AAIC.PRB,AAIC.PRB,ARLINGTON ASSET INVESTMENT CORP 7% CUM PRF 12/05/2022 SER B USD25,20.3,20.127,19.203,18.796,30.967,-9.616,15.50008781,22.45972739,0.8595419089,4.811748164,2.165354331,True,True,True,True,True
US.AAMCF,AAMCF,ACCELITRON ADV MTR CNTRL S INC,3700,888.283,296.425,222.671,1479900,0,0.25,3700,316.5339199,199.6653454,33.12240929,True,True,True,True,True
US.AAMI,AAMI,Acadian Asset Management,70.36,60.205,52.69,51.222,143.448,-3.748,28.90144918,73.09977974,16.86736982,14.26266844,2.865956035,True,True,True,True,True
US.AAOI,AAOI,Applied Optoelectronics,203.26,133.717,69.318,58.34,1249.667,-13.014,15.0600111,233.6697859,52.00759814,92.90371909,18.81727803,True,True,True,True,True
US.AAON,AAON,艾伦建材,139.6,94.192,92.961,91.157,125.962,-6.308,61.78029934,148.9988473,48.20791575,1.324211228,1.979003258,True,True,True,True,True
US.AAVMY,AAVMY,ABN AMRO BANK N.V. UNSPON ADS EACH REP 1 ORD SHS,38.145,32.627,32.443,31.594,67.47,-0.495,22.77721383,38.33475705,16.91237319,0.5671485374,2.687219092,True,True,True,True,True
US.ABBNY,ABBNY,ABB LTD SPON ADR EACH REP 1 ORD SHS,106.72,91.11,81.062,77.775,92.711,-1.038,55.37826071,107.8393727,17.13313577,12.3954504,4.226293796,True,True,True,True,True
US.ABCB,ABCB,ABC银行,83.87,80.79,78.16,76.518,42.429,-4.682,58.88547978,87.98967666,3.812353014,3.364892528,2.145900311,True,True,True,True,True
US.ABEV,ABEV,Ambev SA,3.145,2.998,2.683,2.541,58.164,-8.837,1.988442376,3.449864528,4.903268846,11.74058889,5.588351043,True,True,True,True,True
US.ABSI,ABSI,Absci Corp,5.586,3.673,3.465,3.3,149.375,-16.875,2.24,6.72,52.08276613,6.002886003,5,True,True,True,True,True
US.ABVX,ABVX,Abivax S.A.,121.14,117.104,115.855,106.689,2067.084,-18.605,5.590000203,148.8297807,3.446509086,1.078071728,8.591326191,True,True,True,True,True
US.ABX,ABX,Abacus Global Management,9.16,9.097,7.908,7.441,105.248,-13.051,4.46289367,10.53491127,0.6925360009,15.03540718,6.276038167,True,True,True,True,True
US.ACA,ACA,Arcosa,129.67,113.816,110.091,106.098,58.532,-4.359,81.79421189,135.5799291,13.92950025,3.383564506,3.763501668,True,True,True,True,True
US.ACGBY,ACGBY,农业银行(ADR),19.34,17.837,17.603,17.269,35.081,-5.615,14.31733552,20.49054405,8.426304872,1.329318866,1.934101569,True,True,True,True,True
US.ACHL,ACHL,Achilles Therapeutics,1.48,1.314,1.077,1.017,134.92,-1.986,0.6300017027,1.509988369,12.63318113,22.00557103,5.899705015,True,True,True,True,True
US.ACLLY,ACLLY,ACCELLERON INDUSTRIES AG UNSPON ADR EACH REP 1 ORD SHS,110.95,98.99,87.716,87.339,97.462,-3.407,56.18802605,114.8633959,12.08202849,12.85284327,0.4316513814,True,True,True,True,True
US.ACLS,ACLS,Axcelis Technologies,161.77,115.269,95.41,92.671,189.236,-5.733,55.93010552,171.6083041,40.34128864,20.81438004,2.955617183,True,True,True,True,True
US.ACLX,ACLX,Arcellx,115.07,110.813,87.67,83.718,140.429,-0.052,47.86028308,115.1298675,3.841607032,26.39785559,4.720609666,True,True,True,True,True
US.ACMR,ACMR,ACM Research,63.355,49.257,46.53,42.726,189.651,-11.577,21.8728746,71.64991009,28.62131271,5.86073501,8.903243926,True,True,True,True,True
US.ACNB,ACNB,ACNB Corp.,52.99,49.578,48.694,47.387,35.008,-1.743,39.24952595,53.9299999,6.882084796,1.815418737,2.758140418,True,True,True,True,True
US.ACRS,ACRS,Aclaris Therapeutics,4.995,4.051,3.277,2.915,309.426,-3.009,1.220000684,5.149962368,23.30288818,23.61916387,12.41852487,True,True,True,True,True
US.ACSAY,ACSAY,ACS ACTIVIDADES DE CONSTRUCCION Y UNSP ADR EACH REPR 0.2 ORD,31.828,27.242,22.566,20.741,161.41,-3.959,12.17550974,33.14001312,16.83429998,20.72143933,8.798997155,True,True,True,True,True
US.AD,AD,Array Digital Infrastructure,51.245,48.602,45.407,44.711,49.356,-12.086,34.31064035,58.28991969,5.438047817,7.036360033,1.556663908,True,True,True,True,True
US.ADAM,ADAM,Adamas Trust Inc,9.02,7.883,7.41,7.161,62.912,-3.218,5.536731487,9.31991486,14.42344285,6.383265857,3.477167993,True,True,True,True,True
US.ADDHY,ADDHY,ADDTECH AB UNSPON ADS EACH REP 0.5 ORD SHS,17.585,17.397,17.185,17.095,46.915,-23.543,11.96950618,22.99985613,1.080646088,1.233633983,0.526469728,True,True,True,True,True
US.ADEA,ADEA,Adeia,31.5,26.817,19.838,18.698,173.048,-8.27,11.53643315,34.33991061,17.46280345,35.17995766,6.09690876,True,True,True,True,True
US.ADERY,ADERY,AIDA ENGINEERING ADR  EACH REPR  10 NPV,77.555,62.509,60.439,60.351,57.856,0,49.13021995,77.555,24.0701339,3.424940849,0.1458136568,True,True,True,True,True
US.ADI,ADI,亚德诺,426.34,354.617,304.627,288.195,110.118,-2.152,202.9050343,435.7166217,20.2254827,16.41023284,5.701695033,True,True,True,True,True
US.ADM,ADM,Archer Daniels Midland,81.67,72.157,65.296,63.786,78.635,-1.805,45.71892406,83.1712409,13.1837521,10.50753492,2.367290628,True,True,True,True,True
US.ADOOY,ADOOY,ALAMTRI RESOURCES INDONESIA TBK UNSP ADR EA REPR 50 SHS,6.9,6.687,5.623,5.498,55.659,-3.766,4.432766496,7.170023069,3.185284881,18.92228348,2.27355402,True,True,True,True,True
US.ADRZY,ADRZY,ANDRITZ AG UNSP ADR EACH REPR 0.2 ORD,17.872,15.902,15.424,15.101,37.275,-6.919,13.0191222,19.2004813,12.38837882,3.09906639,2.138931197,True,True,True,True,True
US.ADTN,ADTN,亚川,15.37,14.02,10.705,10.348,116.174,-17.763,7.11001323,18.68988412,9.629101284,30.96683793,3.449942018,True,True,True,True,True
US.AEHR,AEHR,Aehr Test Systems,104.885,65.214,39.148,35.534,1162.731,-3.554,8.306202984,108.7499741,60.83202993,66.58322264,10.17054089,True,True,True,True,True
US.AEIS,AEIS,先进能源工业,349.22,346.709,273.155,244.235,211.563,-12.132,112.0864801,397.4370647,0.7242384824,26.9275686,11.84105472,True,True,True,True,True
US.AEL.PRA,AEL.PRA,AMERICAN EQUITY INVT LIFE HLDG CO 5.95% DEP SH REP 1/1000 NON CUM PFD SE A,24.278,23.718,22.371,21.8,32.984,1.49,18.25633159,23.92156863,2.361075976,6.021188145,2.619266055,True,True,True,True,True
US.AENT,AENT,Alliance Entertainment Holding,7.3,7.05,6.869,6.636,186.274,-17.045,2.550004541,8.799951781,3.546099291,2.635026933,3.511151296,True,True,True,True,True
US.AER,AER,AerCap飞机租赁,142.77,140.083,138.657,133.447,36.469,-7.349,104.6171658,154.0943973,1.918148526,1.028437079,3.904171694,True,True,True,True,True
US.AESI,AESI,Atlas Energy Solutions,18.83,14.447,11.76,11.686,146.411,-3.977,7.641704307,19.60988513,30.33847858,22.84863946,0.6332363512,True,True,True,True,True
US.AGESY,AGESY,AGEAS SPON ADR EACH REP 1 ORD (POST REV-SPLIT),80.284,75.337,71.027,70.312,33.275,-1.29,60.23935472,81.33319826,6.566494551,6.068114942,1.01689612,True,True,True,True,True
US.AGNC,AGNC,美国资本代理公司,10.659,10.386,10.278,9.946,42.038,-8.628,7.504329827,11.66549928,2.628538417,1.050788091,3.338025337,True,True,True,True,True
US.AGRO,AGRO,Adecoagro,13.25,13.219,9.811,9.401,94,-15.88,6.829896907,15.75130766,0.2345109312,34.73652023,4.361238166,True,True,True,True,True
US.AGRPY,AGRPY,ABSA GROUP LTD SPON ADR EA REPR 2 ORD SHS,28.105,27.902,26.926,25.104,69.9,-14.264,16.54208358,32.78086218,0.7275464124,3.624749313,7.257807521,True,True,True,True,True
US.AGX,AGX,Argan,735.8,576.283,422.696,376.793,303.607,-1.686,182.3060551,748.4183331,27.68032373,36.33509662,12.18255116,True,True,True,True,True
US.AHKSY,AHKSY,旭化成(ADR),21.89,19.957,18.863,18.11,72.226,-9.245,12.71004378,24.1198832,9.685824523,5.799713725,4.157923799,True,True,True,True,True
US.AHR,AHR,American Healthcare REIT,50.86,49.812,48.268,46.42,54.492,-6.47,32.92079849,54.37827435,2.103910704,3.198806663,3.981042654,True,True,True,True,True
US.AIAGY,AIAGY,AURUBIS AG ADR EACH REPR 0.5 SHS,114.813,99.567,80.53,72.665,169.596,0,42.58705619,114.813,15.31230227,23.6396374,10.82364274,True,True,True,True,True
US.AIBGY,AIBGY,AIB GROUP PLC UNSPON ADR EACH REP 2 ORD SHS,22.43,21.45,20.096,19.11,65.307,-7.275,13.5686934,24.18980857,4.568764569,6.737659236,5.159602302,True,True,True,True,True
US.AIFLY,AIFLY,AIFUL CORP ADR EACH REP 0.5 ORD NPV(已退市),1.4,1.281,1.25,1.21,47.368,-14.11,0.9500027143,1.62999185,9.289617486,2.48,3.305785124,True,True,True,True,True
US.AIIXY,AIIXY,AIXTRON SE UNSPON ADR EACH REP 2 ORD SHS,126.475,90.774,56.974,49.371,439.35,0,23.44952257,126.475,39.3295437,59.32530628,15.39972859,True,True,True,True,True
US.AIP,AIP,Arteris,36.505,21.606,17.359,15.485,430.786,-5.101,6.877536333,38.46721251,68.95769694,24.46569503,12.10203423,True,True,True,True,True
US.AIPUY,AIPUY,AIRPORTS OF THAILAND PUBLIC CO UNSP ADR EACH REP 10 ORD SHS,16,14.759,14.362,13.43,90.27,-16.623,8.409102854,19.18994447,8.408428755,2.764238964,6.939687267,True,True,True,True,True
US.AIRG,AIRG,Airgain,6.94,5.752,4.754,4.646,131.333,-6.088,3.000004323,7.389896925,20.65368567,20.99284813,2.324580284,True,True,True,True,True
US.AIRTP,AIRTP,AIR T FUNDING 8% ALPHA INCOME TR PFD SECS NEW(R/S),19.36,18.892,18.741,18.412,35.608,-4.543,14.27644387,20.28138324,2.477239043,0.805720079,1.786878123,True,True,True,True,True
US.AIT,AIT,应用工业技术,314.305,282.549,270.169,268.259,44.631,-0.879,217.3150984,317.0922408,11.23911251,4.582316994,0.7119984791,True,True,True,True,True
US.AKAM,AKAM,阿克迈,155.115,110.598,95.822,90.928,122.291,-6.246,69.78015304,165.4489408,40.25117995,15.4202584,5.382280486,True,True,True,True,True
US.AKO.A,AKO.A,Andina Bottling-A,23.47,22.326,22.189,21.286,32.069,-16.72,17.77101364,28.1820365,5.12407059,0.6174230475,4.242224937,True,True,True,True,True
US.AKRBY,AKRBY,AKER BP ASA UNSPON ADS EACH REP 1/2 COM,20,17.823,14.623,13.968,90.588,-13.269,10.49384012,23.05980561,12.21455423,21.88333447,4.689289805,True,True,True,True,True
US.ALB,ALB,美国雅保,192.47,182.551,153.463,134.936,264.708,-12.909,52.77372583,220.9987255,5.433550076,18.95440595,13.73021284,True,True,True,True,True
US.ALB.PRA,ALB.PRA,ALBEMARLE CORP 7.25% DEP SHS REP 1/20TH SER A,76.94,73.138,62.766,56.24,192.282,-11.492,26.32389268,86.92999503,5.198392081,16.52487015,11.60384068,True,True,True,True,True
US.ALBKY,ALBKY,ALPHA SERVICES AND HOLDINGS S.A SPN ADR EACH REP 0.25 ORD(POST REV SPLIT,1.053,1.022,0.99,0.974,66.325,-15.759,0.6330978506,1.249985162,3.033268102,3.232323232,1.642710472,True,True,True,True,True
US.ALBY,ALBY,COMMUNITY CAP BANCSHARES INC,32.65,29.869,27.912,26.121,57.427,-1.09,20.73977145,33.0098069,9.310656534,7.011321296,6.856552199,True,True,True,True,True
US.ALFVY,ALFVY,ALFA LAVAL AB UNSP ADR EACH REPR 1 ORD,58.505,56.905,52.769,50.774,47.582,-5.586,39.64236831,61.96644565,2.811703717,7.837935151,3.92917635,True,True,True,True,True
US.ALGM,ALGM,Allegro Microsystems,45.24,38.098,33.332,32.636,101.873,-11.984,22.41012914,51.3997455,18.74639089,14.29857194,2.132614291,True,True,True,True,True
US.ALKS,ALKS,阿尔凯默斯,38.32,32.394,31.31,30.592,52.274,-3.134,25.1651628,39.55980427,18.29351114,3.462152667,2.347018828,True,True,True,True,True
US.ALRS,ALRS,Alerus Financial,26.84,24.926,23.386,22.913,36.179,-2.753,19.70935313,27.59982313,7.678729038,6.585136406,2.064330293,True,True,True,True,True
US.ALXO,ALXO,ALX Oncology,2.035,1.915,1.716,1.574,403.712,-23.496,0.4040006988,2.659991634,6.266318538,11.5967366,9.021601017,True,True,True,True,True
US.AMAL,AMAL,Amalgamated Bank,40.45,39.929,35.065,33.286,63.16,-7.702,24.79161559,43.825435,1.304816048,13.87138172,5.344589317,True,True,True,True,True
US.AMAT,AMAT,应用材料,446.17,379.116,312.457,279.599,192.486,-0.509,152.5440534,448.4526239,17.68693487,21.33381553,11.7518303,True,True,True,True,True
US.AMBK,AMBK,AMERICAN BANK INC,18.25,17.557,15.878,15.394,32,-0.109,13.82575758,18.26991421,3.947143589,10.57437964,3.14408211,True,True,True,True,True
US.AMBZ,AMBZ,AMERICAN BUSINESS BANK,72,71.122,65.352,61.835,74.094,-1.819,41.35696807,73.33394445,1.234498467,8.82911005,5.687717312,True,True,True,True,True
US.AMD,AMD,美国超微公司,445.29,274.631,241.033,222.944,313.747,-5.06,107.6237411,469.0225406,62.14120037,13.93917016,8.113696713,True,True,True,True,True
US.AME,AME,阿美特克,231.2,225.315,213.448,206.279,33.18,-4.926,173.5996396,243.1789974,2.611898897,5.559667928,3.475390127,True,True,True,True,True
US.AMFC,AMFC,AMB FINANCIAL CORP,33.8,32.988,28.345,26.053,60.232,-0.441,21.0944131,33.94971826,2.461501152,16.38031399,8.797451349,True,True,True,True,True
US.AMG,AMG,Affiliated Managers,302.405,287.082,283.716,269.867,75.293,-9.664,172.5140194,334.7558006,5.33749939,1.186397665,5.13178714,True,True,True,True,True
US.AMKR,AMKR,艾马克技术,73.58,58.272,47.121,41.723,319.126,-6.992,17.55557994,79.11147428,26.26990664,23.66460814,12.93770822,True,True,True,True,True
US.AMSA,AMSA,AMERICAN SENIORS ASSOCIATION HLDGS,0.2,0.056,0.051,0.048,666.283,0,0.02610001788,0.2,257.1428571,9.803921569,6.25,True,True,True,True,True
US.AMSSY,AMSSY,AMS-OSRAM AG UNSPON ADS EACH REP 0.5 ORD SHS(PST SPT),11.73,6.794,6.429,5.961,179.952,-10.114,4.190004001,13.04986316,72.6523403,5.677399284,7.851031706,True,True,True,True,True
US.AMTB,AMTB,Amerant Bancorp,22.83,22.517,20.674,20.497,47.494,-6.357,15.47859574,24.37982551,1.390060843,8.914578698,0.863541006,True,True,True,True,True
US.AMX,AMX,美洲移动,27.05,25.536,23.247,22.323,67.638,-2.697,16.13595963,27.79975951,5.928884712,9.846431798,4.139228598,True,True,True,True,True
US.AMZN,AMZN,亚马逊,267.67,235.813,230.315,229.25,36.566,-3.909,196.0004686,278.5588661,13.50943332,2.387165404,0.4645583424,True,True,True,True,True
US.ANAB,ANAB,AnaptysBio,62.605,50.044,36.299,31.023,449.048,-13.481,11.4024639,72.35982848,25.09991208,37.86605692,17.00673694,True,True,True,True,True
US.ANET,ANET,Arista Networks,147.14,146.112,139.159,139.156,75.463,-18.164,83.85813533,179.7986216,0.7035698642,4.996442918,0.002155853862,True,True,True,True,True
US.ANGPY,ANGPY,VALTERRA PLATINUM LTD SPON ADR EACH REP 0.16667 ORD SHS,14.72,14.404,13.468,12.312,167.166,-22.783,5.509683118,19.06315967,2.193835046,6.94980695,9.389213775,True,True,True,True,True
US.ANIK,ANIK,阿尼卡疗法,15.35,14.717,11.53,10.863,95.041,-5.48,7.870140124,16.23994922,4.301148332,27.64093669,6.140108626,True,True,True,True,True
US.ANIOY,ANIOY,ACERINOX SA ADR EACH REPR 0.50 ORD,8.484,7.52,6.951,6.564,59.676,-2.594,5.31325935,8.709935733,12.81914894,8.185872536,5.895795247,True,True,True,True,True
US.ANL,ANL,阿诺医药,14.06,11.213,6.053,4.962,1500.273,-18.492,0.8786000889,17.24984051,25.39017212,85.24698497,21.98710198,True,True,True,True,True
US.ANRO,ANRO,Alto Neuroscience,23.465,23.373,17.747,14.272,991.395,-17.495,2.150000687,28.44070056,0.3936165661,31.70113259,24.34837444,True,True,True,True,True
US.AP,AP,安博科-匹兹堡,11.395,9.011,6.033,5.218,550.994,-7.357,1.750400157,12.29990393,26.4565531,49.3618432,15.61901112,True,True,True,True,True
US.APEMY,APEMY,APERAM SA NY REGISTRY SHS,55,45.474,42.162,39.107,97.57,-3.508,27.83823455,56.999544,20.94823416,7.855414829,7.811900683,True,True,True,True,True
US.APG,APG,APi Group,43.965,43.784,41.014,39.526,46.549,-12.052,30.00020471,49.98976668,0.4133930203,6.753791388,3.764610636,True,True,True,True,True
US.APGE,APGE,Apogee Therapeutics,83.72,81.217,72.465,63.808,143.797,-12.164,34.3400452,95.31399426,3.081867097,12.07755468,13.56726429,True,True,True,True,True
US.APLD,APLD,Applied Digital,46.625,30.972,30.927,27.71,637.914,-2.259,6.318486978,47.70260177,50.53919669,0.1455039286,11.60952725,True,True,True,True,True
US.APLE,APLE,Apple Hospitality REIT,14.04,12.481,11.863,11.808,34.645,-1.082,10.42742025,14.19357448,12.4909863,5.209474838,0.4657859079,True,True,True,True,True
US.APLO,APLO,APOLLO BANCORP INC,55,46.116,39.282,37.839,54.593,0,35.57729005,55,19.26446353,17.3972812,3.813525727,True,True,True,True,True
US.APLS,APLS,Apellis Pharmaceuticals,41.03,32.781,26.259,25.968,147.019,-0.267,16.61005834,41.13984338,25.16396693,24.83719867,1.120609982,True,True,True,True,True
US.APNHY,APNHY,ASPEN PHARMACARE HLDGS UNSP ADR EACH REP 1 ORD ZAR0.13906,8.815,8.158,6.91,6.672,71.959,-0.507,5.126221948,8.859919793,8.053444472,18.06078148,3.567146283,True,True,True,True,True
US.APT,APT,Alpha Pro Tech,5.99,4.878,4.787,4.786,40.941,-20.133,4.250005321,7.499968698,22.79622796,1.900981826,0.02089427497,True,True,True,True,True
US.APTL,APTL,ALASKA POWER & TELEPHONE CO,74.5,67.484,60.245,58.317,44.368,-0.666,51.60423363,74.99949665,10.39653844,12.01593493,3.306068556,True,True,True,True,True
US.APTOF,APTOF,Aptose Biosciences. Inc.,1.712,1.672,1.573,1.484,169.055,-9.417,0.636301128,1.889979356,2.392344498,6.293706294,5.997304582,True,True,True,True,True
US.APYX,APYX,Apyx Medical,4.305,3.673,3.67,3.281,222.097,-4.444,1.336553895,4.505211604,17.20664307,0.08174386921,11.85614142,True,True,True,True,True
US.AQNA,AQNA,Algonquin Power & Utilities Corp 6.875% Fix To Flt Rat Sub Nts Ser 2018 A,25.1,24.939,23.975,23.692,37.413,-0.858,18.26610292,25.31722176,0.6455752035,4.020855057,1.194496032,True,True,True,True,True
US.ARBV,ARBV,AMERICAN RIVIERA BANCORP,26.24,25.539,23.353,22.466,43.231,-7.213,18.32005641,28.27982368,2.744821645,9.360681711,3.948188374,True,True,True,True,True
US.ARCB,ARCB,ArcBest,116.67,106.37,89.752,85.263,96.725,-13.557,59.30613801,134.9675509,9.683181348,18.51546484,5.264886293,True,True,True,True,True
US.ARCO,ARCO,Arcos Dorados,8.47,8.445,7.846,7.574,33.6,-13.128,6.339820359,9.749976978,0.2960331557,7.634463421,3.591233166,True,True,True,True,True
US.ARIS,ARIS,Aris Mining,19.94,18.953,16.545,14.558,250.439,-14.383,5.690005964,23.28976722,5.207618847,14.554246,13.64885286,True,True,True,True,True
US.ARKO,ARKO,ARKO Corp,7.11,6.001,5.294,5.144,93.956,-3.133,3.665779868,7.339960977,18.48025329,13.35474122,2.916018663,True,True,True,True,True
US.ARM,ARM,Arm Holdings,223.25,165.935,143.917,143.775,123.205,-6.784,100.0201608,239.4975112,34.54063338,15.29909601,0.0987654321,True,True,True,True,True
US.ARMK,ARMK,Aramark,52.77,43.218,40.065,39.77,51.415,-0.938,34.85123667,53.2696695,22.10190199,7.869711718,0.7417651496,True,True,True,True,True
US.ARNNY,ARNNY,ASR NEDERLAND NV UNSPN ADR EACH REP 0.5 ORD SHS,39.488,35.931,35.201,34.99,71.32,-1.007,23.04926453,39.88968917,9.899529654,2.073804721,0.603029437,True,True,True,True,True
US.AROC,AROC,Archrock,37,36.183,29.892,28.4,78.494,-7.209,20.72898809,39.8745568,2.257966448,21.04576475,5.253521127,True,True,True,True,True
US.AROW,AROW,箭牌金融,35.78,34.667,32.138,31.012,51.084,-5.283,23.68219004,37.77568969,3.210546052,7.869189122,3.630852573,True,True,True,True,True
US.ARR,ARR,Armour住宅房产信托,17.478,17.037,16.546,15.824,37.889,-5.702,12.67541283,18.53485758,2.588483888,2.967484588,4.562689585,True,True,True,True,True
US.ARTV,ARTV,Artiva Biotherapeutics,10.965,8.31,5.538,4.866,645.918,-24.535,1.470000724,14.52991453,31.94945848,50.05417118,13.81011097,True,True,True,True,True
US.ARW,ARW,艾睿,213.27,164.311,136.282,133.044,109.519,-1.115,101.7902911,215.6747737,29.79654436,20.56691273,2.433781305,True,True,True,True,True
US.ARWR,ARWR,Arrowhead Pharmaceuticals,79.05,66.196,59.881,51.328,452.793,-3.597,14.30010872,81.99952284,19.41809173,10.54591607,16.66341958,True,True,True,True,True
US.ARZGY,ARZGY,GENERALI SPA UNSP ADR EACH REPR 0.50 ORD,22.87,20.999,20.358,20.119,33.732,-1.569,17.10136691,23.23455009,8.909948093,3.148639356,1.187931806,True,True,True,True,True
US.ASC,ASC,Ardmore Shipping,18.83,16.215,13.624,13.09,109.222,-5.967,9.000009559,20.02488488,16.12704286,19.01790957,4.079449962,True,True,True,True,True
US.ASGLY,ASGLY,艾杰旭化工(ADR),7.58,7.172,7.066,6.892,39.594,-14.01,5.430032809,8.814978486,5.688789738,1.500141523,2.52466628,True,True,True,True,True
US.ASMIY,ASMIY,ASM INTERNATIONAL NV SPON ADR EACH REP 1 ORD SHS,1046.61,877.143,751.998,694.99,126.455,-1.355,462.1712923,1060.986365,19.32033887,16.6416666,8.202707953,True,True,True,True,True
US.ASML,ASML,阿斯麦,1594.31,1412.676,1258.796,1148.76,134.502,-0.57,679.8705342,1603.449663,12.85744219,12.22437949,9.578676138,True,True,True,True,True
US.ASMVY,ASMVY,ASM太平洋(ADR),65.995,49.894,39.365,36.51,238.827,-7.206,19.47749146,71.11989999,32.27041328,26.74711038,7.819775404,True,True,True,True,True
US.ASND,ASND,Ascendis Pharma A/S,243.25,231.736,219.513,213.372,58.479,-2.987,153.4903678,250.7395916,4.968584941,5.568235139,2.878072099,True,True,True,True,True
US.ASPU,ASPU,Aspen Group,0.346,0.262,0.176,0.152,669.777,-15.512,0.04494808237,0.4095256131,32.0610687,48.86363636,15.78947368,True,True,True,True,True
US.ASRT,ASRT,Assertio,23.32,17.541,13.476,13.195,170.847,-0.171,8.610027063,23.35994551,32.94567014,30.16473731,2.129594543,True,True,True,True,True
US.ASRV,ASRV,AmeriServ Financial,3.81,3.736,3.382,3.251,59.402,-4.974,2.39018331,4.009428998,1.980728051,10.46717918,4.029529376,True,True,True,True,True
US.ASX,ASX,日月光半导体,35.29,26.461,20.246,17.835,296.084,-1.176,8.90972622,35.709949,33.36608594,30.69742171,13.51836277,True,True,True,True,True
US.ASYS,ASYS,Amtech Systems,22.06,15.048,12.421,11.096,512.437,-7.698,3.602003145,23.89980715,46.59755449,21.14966589,11.94124009,True,True,True,True,True
US.ATCC,ATCC,AMERITRUST CORP,0,0,0,0,9900,0,0,0,,,,True,True,True,True,True
US.ATEAY,ATEAY,ATEA ASA UNSPON ADS EACH REP ORD SHS,9.27,7.974,6.983,6.836,75.246,0,5.28970704,9.27,16.25282167,14.19160819,2.150380339,True,True,True,True,True
US.ATEN,ATEN,A10 Networks,27.935,24.624,20.199,19.568,69.598,-2.291,16.47130273,28.58999683,13.44623132,21.9070251,3.224652494,True,True,True,True,True
US.ATEX,ATEX,Anterix,56.23,42.844,30.25,28.196,219.852,-0.968,17.58000575,56.77962679,31.24358136,41.63305785,7.284721237,True,True,True,True,True
US.ATEYY,ATEYY,爱德万测试(ADR),181.74,163.849,148.006,132.546,286.927,-8.36,46.9701003,198.3195111,10.9192,10.70429577,11.66387518,True,True,True,True,True
US.ATI,ATI,ATI Inc,164.01,153.593,127.346,114.881,132.902,-4.149,70.42017673,171.1093259,6.782210127,20.61077694,10.8503582,True,True,True,True,True
US.ATKR,ATKR,Atkore,75.75,66.45,66.153,64.676,43.868,-4.15,52.6524314,79.02973396,13.99548533,0.4489592309,2.283691014,True,True,True,True,True
US.ATLCY,ATLCY,ATLAS COPCO AB B,16.805,16.398,16.281,15.734,31.571,-9.886,12.77257146,18.64860066,2.482010001,0.7186290768,3.476547604,True,True,True,True,True
US.ATLKY,ATLKY,ATLAS COPCO AB ADR-CNV INTO 1 SER'A'NPV,19.05,18.697,18.536,17.892,30.986,-12.343,14.543539,21.73243437,1.888003423,0.8685800604,3.599374022,True,True,True,True,True
US.ATNI,ATNI,ATN International,26.85,26.78,23.064,21.097,106.528,-10.935,13.00065851,30.1465222,0.2613890963,16.11168921,9.323600512,True,True,True,True,True
US.ATOM,ATOM,Atomera,9.63,5.998,4.061,3.999,409.119,-16.114,1.891502772,11.47986553,60.55351784,47.69761143,1.550387597,True,True,True,True,True
US.ATRO,ATRO,Astronics,81.17,72.129,64.388,58.003,197.652,-3.323,27.27010065,83.95999048,12.53448682,12.02242654,11.00805131,True,True,True,True,True
US.ATROB,ATROB,ASTRONICS CORP,80,72.911,56.188,50.053,191.12,-3.614,27.48007694,82.99960575,9.722812744,29.76258276,12.25700757,True,True,True,True,True
US.ATS,ATS,ATS Corp,32.4,31.17,29.193,28.826,35.877,-9.243,23.8450952,35.69972564,3.946102021,6.772171411,1.273156178,True,True,True,True,True
US.AU,AU,AngloGold Ashanti,102.3,98.934,91.756,83.642,160.799,-19.452,39.22561053,127.0050156,3.402268179,7.822921662,9.700867985,True,True,True,True,True
US.AUB,AUB,Atlantic Union Bankshares,36.94,36.554,36.056,35.505,35.619,-11.611,27.23807136,41.79253074,1.055971987,1.381184824,1.551894099,True,True,True,True,True
US.AUMC,AUMC,AURYN MINING CORPORATION,1.899,1.827,1.403,1.198,295.561,-11.192,0.4800776619,2.138320872,3.9408867,30.2209551,17.11185309,True,True,True,True,True
US.AUOTY,AUOTY,AU OPTRONICS CRP,6.17,5.319,4.608,4.606,89.846,-5.076,3.250002634,6.499936792,15.99924798,15.4296875,0.04342162397,True,True,True,True,True
US.AUPH,AUPH,Aurinia Pharmaceuticals,15.875,15.289,14.81,14.092,117.913,-5.953,7.285017415,16.87985794,3.832820982,3.234301148,5.095089412,True,True,True,True,True
US.AVBH,AVBH,Avidbank,29.45,28.906,27.655,26.897,49.113,-6.833,19.75012239,31.60990479,1.881962222,4.523594287,2.818158159,True,True,True,True,True
US.AVBP,AVBP,ArriVent BioPharma,28.745,26.64,23.22,22.152,78.54,-10.563,16.10003361,32.13994208,7.901651652,14.72868217,4.821235103,True,True,True,True,True
US.AVGO,AVGO,博通,436.62,367.326,353.824,345.197,98.627,-0.707,219.8190578,439.7288832,18.86444194,3.816021525,2.499152658,True,True,True,True,True
US.AVNS,AVNS,Avanos Medical,24.735,18.745,14.435,13.725,165.881,-0.702,9.303034064,24.90986727,31.95518805,29.85798407,5.173041894,True,True,True,True,True
US.AVR,AVR,安特瑞斯科技,7.23,5.945,5.354,5.074,153.684,-3.342,2.850002365,7.479980964,21.61480235,11.03847591,5.518328735,True,True,True,True,True
US.AVT,AVT,安富利,86.41,69.807,58.414,56.841,97.79,-1.2,43.68774963,87.45951417,23.78414772,19.50388605,2.767368625,True,True,True,True,True
US.AXGN,AXGN,AxoGen,41.05,35.643,30.91,27.147,345.469,-10.429,9.215007105,45.82956537,15.16987908,15.3121967,13.8615685,True,True,True,True,True
US.AXSM,AXSM,Axsome Therapeutics,231.773,181.714,165.307,152.891,141.203,-1.755,96.09043005,235.913278,27.54823514,9.925169533,8.120818099,True,True,True,True,True
US.AXTI,AXTI,AXT Inc,115.11,70.3,34.298,26.559,8241.304,-14.097,1.380000058,133.9999767,63.74110953,104.9682197,29.1388983,True,True,True,True,True
US.AYA,AYA,Aya Gold & Silver,21.725,16.807,15.238,13.991,192.789,-1.25,7.420019195,22,29.26161718,10.29662685,8.912872561,True,True,True,True,True
US.AZLCZ,AZLCZ,AZTEC LD & CATTLE LTD,2150,2058.962,1735.974,1572.396,116.066,0,995.0663223,2150,4.421548334,18.60557819,10.40310456,True,True,True,True,True
US.AZZ,AZZ,AZZ Inc,146.29,133.347,119.788,117.786,69.984,-3.547,86.06104104,151.6697252,9.706255109,11.31916386,1.699692663,True,True,True,True,True
US.B,B,Barrick Mining,43.51,41.678,41.57,37.971,154.248,-19.094,17.1132123,53.77845895,4.395604396,0.2598027424,9.47828606,True,True,True,True,True
US.BABB,BABB,BAB INC,0.942,0.927,0.917,0.915,30.513,-6.649,0.7217671803,1.009094707,1.618122977,1.090512541,0.218579235,True,True,True,True,True
US.BACHY,BACHY,中国银行(ADR),16.79,15.715,14.795,14.505,33.072,-0.826,12.61722977,16.92984048,6.840598155,6.218316999,1.999310583,True,True,True,True,True
US.BAK,BAK,Braskem,4.985,3.994,3.388,3.31,114.87,-7.599,2.320007446,5.394963258,24.81221833,17.8866588,2.356495468,True,True,True,True,True
US.BAND,BAND,Bandwidth,52.79,24.82,18.019,17.369,322.32,-0.789,12.5,53.20982552,112.6913779,37.74349298,3.742299499,True,True,True,True,True
US.BAOB,BAOB,BARABOO BANCORP INC,6.75,6.149,5.005,4.701,75.019,0,3.856724127,6.75,9.773946983,22.85714286,6.466709211,True,True,True,True,True
US.BASFY,BASFY,巴斯夫(ADR),15.61,14.469,13.231,13.025,39.608,-2.254,11.18130766,15.96996297,7.885824867,9.356813544,1.581573896,True,True,True,True,True
US.BB,BB,黑莓,6.14,4.354,4.154,4.12,96.785,-7.111,3.120156516,6.61003994,41.01975195,4.814636495,0.8252427184,True,True,True,True,True
US.BBSEY,BBSEY,BB SEGURIDADE PARTICIPACOES SA SPON ADR EA REPR 1 ORD,6.97,6.894,6.407,6.218,33.33,-12.271,5.227630691,7.944921292,1.102407891,7.601061339,3.03956256,True,True,True,True,True
US.BC,BC,宾士域,79.37,75.884,75.053,71.859,65.508,-11.619,47.95538584,89.80436972,4.593853777,1.107217566,4.444815542,True,True,True,True,True
US.BCBP,BCBP,BCB银行,9.86,9.171,8.315,8.311,38.475,-5.348,7.120418848,10.41710688,7.512812125,10.29464823,0.04812898568,True,True,True,True,True
US.BCHMY,BCHMY,BACHEM HOLDING AG UNSPON ADS EACH REP 0.1 ORD,9.895,8.731,7.677,7.313,85.059,-21.092,5.346943407,12.53991991,13.33180621,13.72932135,4.97743744,True,True,True,True,True
US.BDCO,BDCO,BLUE DOLPHIN ENERGY CO,3.8,2.995,1.922,1.812,275.977,-4.761,1.010700123,3.989962095,26.87813022,55.82726327,6.070640177,True,True,True,True,True
US.BE,BE,Bloom Energy,306.29,197.36,147.989,125.809,1702.351,-0.975,16.99391517,309.3057309,55.19355493,33.36126334,17.62989929,True,True,True,True,True
US.BEAM,BEAM,Beam Therapeutics,29.485,27.665,27.216,25.487,92.084,-19.086,15.35005518,36.43992387,6.578709561,1.649764844,6.78385059,True,True,True,True,True
US.BELFA,BELFA,Bel Fuse-A,238.5,216.498,178.821,163.25,280.568,-13.651,62.66948351,276.2047042,10.16268049,21.06967302,9.5381317,True,True,True,True,True
US.BELFB,BELFB,Bel Fuse-B,266.21,236.791,198.942,183.716,286.515,-13.643,68.87442919,308.2668458,12.42403639,19.02514301,8.287792027,True,True,True,True,True
US.BEN,BEN,Franklin Resources,32.29,26.395,24.705,24.43,62.097,-0.462,19.92017126,32.43987221,22.33377534,6.840720502,1.125665166,True,True,True,True,True
US.BEOB,BEOB,BEO BANCORP,108.9,108.261,97.441,92.994,38.328,-1,78.72592678,110,0.5902402527,11.10415534,4.782028948,True,True,True,True,True
US.BEP,BEP,Brookfield Renewable Partners LP,34.16,32.827,29.995,28.691,59.517,-5.031,21.41464546,35.9696322,4.060681756,9.441573596,4.544979262,True,True,True,True,True
US.BESIY,BESIY,BE SEMICONDUCTOR INDUSTRIES NV ORD EUR0.91 (NY REG SHARES),311.39,247.881,200.356,185.369,168.338,-0.434,116.0439446,312.7473234,25.62076158,23.72027791,8.084954874,True,True,True,True,True
US.BFC,BFC,Bank First,143.825,139.335,133.608,131.119,33.773,-5.64,107.5142219,152.4215769,3.222449492,4.286419975,1.898275612,True,True,True,True,True
US.BFCC,BFCC,BANKFIRST CAPITAL CORPORATION,63,56.788,49.981,47.594,71.2,-1.47,36.79906542,63.93991678,10.93893076,13.61917529,5.015338068,True,True,True,True,True
US.BFH,BFH,Bread Financial,86.965,80.004,73.038,69.932,78.67,-12.271,48.67353221,99.12913632,8.700814959,9.537501027,4.441457416,True,True,True,True,True
US.BHE,BHE,Benchmark Electronics,86.97,65.098,53.376,49.765,155.463,-0.866,34.044069,87.72973954,33.59857446,21.96118106,7.256103687,True,True,True,True,True
US.BHKLY,BHKLY,中银香港(ADR),118.41,110.378,103.923,101.199,52.394,-7.296,77.69990945,127.7291163,7.276812408,6.211329542,2.691726203,True,True,True,True,True
US.BHP,BHP,必和必拓,89.12,76.204,66.444,62.948,103.063,-2.547,43.88785746,91.44921141,16.94924151,14.68906147,5.55379043,True,True,True,True,True
US.BIIB,BIIB,渤健公司,191.245,185.289,176.726,167.388,57.988,-7.149,121.0503329,205.9697795,3.214437986,4.845353825,5.578655579,True,True,True,True,True
US.BIOA,BIOA,BioAge Labs,18.7,18.116,15.027,12.486,393.403,-22.083,3.79000533,23.99989733,3.223669684,20.55633194,20.35079289,True,True,True,True,True
US.BIP,BIP,Brookfield基础设施,38.74,36.599,35.621,34.321,35.675,-3.918,28.55352865,40.3197269,5.849886609,2.745571433,3.787768422,True,True,True,True,True
US.BK,BK,纽约梅隆银行,136.21,125.38,117.812,114.22,58.757,-1.724,85.79779159,138.5994546,8.637741267,6.423793841,3.144808265,True,True,True,True,True
US.BKH,BKH,黑山,74.59,72.798,70.452,67.473,38.565,-5.21,53.83033234,78.6897352,2.461606088,3.329926759,4.415099373,True,True,True,True,True
US.BKHYY,BKHYY,BANK HAPOALIM B.M. SPONS ADR EA REPR 5 ORD SHS ILS1,130.937,128.932,118.796,112.365,75.477,-10.317,74.61775617,145.9997993,1.5550833,8.532273814,5.723312419,True,True,True,True,True
US.BKNIY,BKNIY,BANKINTER SA ADR EACH REPR 1 ORD EUR0.30,16.154,16.118,16.011,15.688,37.738,-9.729,11.72806342,17.89500504,0.2233527733,0.6682905502,2.058898521,True,True,True,True,True
US.BKOR,BKOR,OAK RIDGE FINANCIAL SERVICES INC,31.25,30.108,26.93,25.349,52.924,-0.477,20.43498731,31.39977694,3.793011824,11.80096547,6.236932423,True,True,True,True,True
US.BKR,BKR,Baker Hughes,64.92,62.265,54.739,52.377,84.316,-7.488,35.22211854,70.17468004,4.264032763,13.74888105,4.509612998,True,True,True,True,True
US.BKRIY,BKRIY,BANK OF IRELAND GROUP PLC UNSPON ADR EACH REP 1 ORD SHS,19.555,18.405,18.094,17.26,60.435,-4.708,12.18873687,20.52113504,6.248302092,1.718801813,4.83198146,True,True,True,True,True
US.BKSY,BKSY,BlackSky Technology,42.93,31.624,24.719,23.361,335.079,-3.87,9.867173548,44.65827525,35.75132811,27.93397791,5.813107316,True,True,True,True,True
US.BKU,BKU,BankUnited,46.14,45.577,44.367,42.579,43.781,-10.838,32.09047092,51.74850273,1.235272177,2.727252237,4.199253153,True,True,True,True,True
US.BKUT,BKUT,BANK OF UTICA,680,554.952,487.664,478.391,68.744,-8.216,402.977291,740.8698684,22.53311998,13.79802487,1.938372586,True,True,True,True,True
US.BKUTK,BKUTK,BANK OF UTICA,625,606.733,533.699,514.397,33.746,-6.296,467.3036951,666.9939384,3.010714763,13.68449257,3.752354699,True,True,True,True,True
US.BLDP,BLDP,巴拉德动力系统,4.075,2.958,2.846,2.702,228.629,-16.152,1.240000122,4.859984734,37.76200135,3.935347857,5.32938564,True,True,True,True,True
US.BLFBY,BLFBY,BALFOUR BEATTY UNSPON ADR EA REPR 2 ORD SHS,24.745,22.012,20.088,19.068,97.759,0,12.51270486,24.745,12.41595493,9.577857427,5.349276274,True,True,True,True,True
US.BLHK,BLHK,BLUEHARBOR BANK (NC),42.75,40.048,33.706,31.1,76.144,-2.285,24.26991552,43.74968019,6.746903716,18.81564113,8.379421222,True,True,True,True,True
US.BLIBQ,BLIBQ,BB LIQUIDATING INC,0.01,0.006,0.005,0.003,999900,0,1e-06,0.01,66.66666667,20,66.66666667,True,True,True,True,True
US.BLSFY,BLSFY,BLUESCOPE STEEL LTD UNSP ADR EACH REP 5 ORD SHS,106.61,100.053,87.352,83.306,72.935,-5.904,61.64743979,113.2991838,6.553526631,14.54002198,4.856793028,True,True,True,True,True
US.BLX,BLX,拉丁美洲出口银行,53.395,51.763,46.947,46.062,44.803,-6.417,36.87423603,57.05630296,3.152831173,10.25837647,1.921323434,True,True,True,True,True
US.BMBN,BMBN,BENCHMARK BANCSHARES,38.52,36.952,31.823,30.017,60.556,-0.976,23.99162909,38.89966069,4.243342715,16.11727367,6.016590599,True,True,True,True,True
US.BMM,BMM,Blue Moon Metals,7.14,6.704,4.527,4.015,235.211,-17.265,2.1300017,8.629963135,6.503579952,48.08924232,12.75217933,True,True,True,True,True
US.BMO,BMO,蒙特利尔银行,152.475,143.622,134.377,130.398,54.065,-2.259,98.96796807,155.9990178,6.164097422,6.879897602,3.051427169,True,True,True,True,True
US.BNL,BNL,Broadstone Net Lease,19.775,19.349,18.338,18.013,38.38,-3.418,14.29035988,20.47482968,2.201664169,5.513142109,1.804252484,True,True,True,True,True
US.BNPQY,BNPQY,法国巴黎银行ADR,53.9,51.336,48.386,47.527,43.733,-5.95,37.50008697,57.30994152,4.994545738,6.096804861,1.807393692,True,True,True,True,True
US.BNS,BNS,丰业银行,77.085,72.764,70.815,67.856,58.772,-2.424,48.55075202,78.99995901,5.93837612,2.752241757,4.360705022,True,True,True,True,True
US.BODI,BODI,The Beachbody,13.34,12.057,9.774,8.72,294.534,-20.924,3.381204155,16.86984673,10.64112134,23.35788828,12.08715596,True,True,True,True,True
US.BOF,BOF,BranchOut Food,3.81,3.761,3.345,3.058,130.903,-23.032,1.650043525,4.950109136,1.302844988,12.43647235,9.385219097,True,True,True,True,True
US.BOH,BOH,夏威夷银行,76.83,76.397,71.405,69.65,31.983,-7.137,58.21204246,82.73478134,0.5667761823,6.991107065,2.519741565,True,True,True,True,True
US.BOLD,BOLD,Boundless Bio,1.55,1.321,1.254,1.231,61.256,-10.139,0.9612045443,1.724886213,17.33535201,5.342902711,1.868399675,True,True,True,True,True
US.BORR,BORR,Borr Drilling,6.19,5.669,4.597,4.122,299.354,-2.211,1.550003255,6.329955312,9.190333392,23.31955623,11.52353227,True,True,True,True,True
US.BORT,BORT,BANK OF BOTETOURT BUCHANAN VA,52.38,46.255,39.264,37.272,63.278,0,32.08025576,52.38,13.2418117,17.8051141,5.344494527,True,True,True,True,True
US.BOTJ,BOTJ,詹姆斯金融银行,23.02,21.879,19.307,18.168,80.164,-22.725,12.7772474,29.78971207,5.215046392,13.3215932,6.269264641,True,True,True,True,True
US.BOUYY,BOUYY,BOUYGUES UNSP ADR EACH REPR 0.2 ORD,11.99,11.448,10.425,9.914,52.524,-4.08,7.861057932,12.5,4.734451433,9.81294964,5.154327214,True,True,True,True,True
US.BPCGY,BPCGY,BANCO COMERCIAL PORTUGUES S.A. UNSP ADR EACH REPR 10 ORD SHS(POST SPLT),10.675,9.977,9.505,8.537,79.147,-10.519,5.958793616,11.92990691,6.996091009,4.96580747,11.33887783,True,True,True,True,True
US.BPOP,BPOP,大众银行,145.545,140.421,129.438,127.206,48.426,-4.84,98.05896541,152.9476671,3.649026855,8.485143466,1.754634215,True,True,True,True,True
US.BPXXY,BPXXY,BPER BANCA SPA UNSP ADR EA REPR 2 ORD EUR0.00,30,27.528,20.918,17.627,155.067,-8.312,11.76161558,32.71965797,8.97994769,31.59957931,18.67022182,True,True,True,True,True
US.BPYUP,BPYUP,BROOKFIELD PPTY REIT INC 6.375% SER A CUMULATIVE PERP RED PRF SHS,25.2,25.114,24.692,23.914,52.957,-0.63,16.47521853,25.35976653,0.3424384805,1.709055565,3.253324412,True,True,True,True,True
US.BRELY,BRELY,BRAZILIAN RARE EARTHS LIMITED SPON ADR EACH REP 5 ORD SHS,20.73,16.89,14.852,13.019,238.448,-0.765,6.125017728,20.88980702,22.73534636,13.72205764,14.07942238,True,True,True,True,True
US.BRSP,BRSP,BrightSpire Capital,5.805,5.717,5.52,5.425,34.035,-5.301,4.330958332,6.129948574,1.539268847,3.56884058,1.751152074,True,True,True,True,True
US.BRUN,BRUN,Boost Run,24.96,13.753,12.594,12.165,146.884,-2.309,10.11001118,25.54994831,81.48767542,9.202794982,3.526510481,True,True,True,True,True
US.BSFO,BSFO,BANK OF SAN FRANCISCO NEW,39.01,37.903,31.887,31.456,48.609,-2.475,26.25009252,40,2.920613144,18.86662276,1.370167854,True,True,True,True,True
US.BSRR,BSRR,塞拉银行,37.65,34.933,33.097,32.052,46.075,-1.762,25.77443094,38.32529164,7.777745971,5.547330574,3.260326969,True,True,True,True,True
US.BTE,BTE,Baytex Energy,4.965,4.416,3.529,3.202,226.214,-5.248,1.522007026,5.239994934,12.43206522,25.13459904,10.21236727,True,True,True,True,True
US.BTI,BTI,英美烟草,66.88,58.469,56.493,55.641,64.757,-0.624,40.59311592,67.2999517,14.38540081,3.497778486,1.531244945,True,True,True,True,True
US.BTSG,BTSG,BrightSpring Health Services,58.37,46.148,39.627,35.945,207.048,-0.247,19.01005706,58.51453089,26.48435468,16.45595175,10.24342746,True,True,True,True,True
US.BTSGU,BTSGU,BRIGHTSPRING HEALTH SERVICES INC TANGIBLE EQUITY UNIT,193.39,153.233,131.878,120.033,179.189,-3.604,69.26848837,200.6203577,26.20649599,16.19299656,9.8681196,True,True,True,True,True
US.BUD,BUD,百威英博,80.85,72.729,68.075,65.881,44.43,-1.036,55.97867479,81.69637444,11.1661098,6.836577304,3.33024696,True,True,True,True,True
US.BUKS,BUKS,BUTLER NATIONAL CORP,4.026,3.85,3.127,2.782,191.739,-4.142,1.380000617,4.199962444,4.571428571,23.12120243,12.40115025,True,True,True,True,True
US.BVFL,BVFL,BV Financial,19.765,19.45,18.527,17.959,40.676,-3.773,14.05001564,20.53997319,1.619537275,4.981918281,3.162759619,True,True,True,True,True
US.BVN,BVN,布埃纳文图拉开采,37.46,34.28,30.757,27.95,168.638,-13.704,13.94441591,43.40873273,9.276546091,11.45430309,10.04293381,True,True,True,True,True
US.BVS,BVS,Bioventus,10.515,9.53,8.256,7.943,80.981,-6.527,5.810002155,11.24923775,10.33578174,15.43120155,3.940576608,True,True,True,True,True
US.BW,BW,Babcock & Wilcox Enterprises,20.87,15.623,9.697,7.828,3241.836,-0.996,0.6245070075,21.07995637,33.58509889,61.11168403,23.87583035,True,True,True,True,True
US.BW.PRA,BW.PRA,BABCOCK & WILCOX ENTERPRISES INC 7.75% CUM PERPETUAL PFD STOCK SER A,22.58,20.848,19.068,17.541,445.962,-2.881,4.135818976,23.24982753,8.307751343,9.335011538,8.705318967,True,True,True,True,True
US.BWA,BWA,博格华纳,67.61,55.293,49.946,47.928,114.736,-3.833,31.48517249,70.30478231,22.27587579,10.70556201,4.21048239,True,True,True,True,True
US.BWAY,BWAY,Brainsway,16.24,14.664,11.369,10.345,227.749,-6.41,4.955011304,17.35228123,10.74740862,28.98232034,9.898501692,True,True,True,True,True
US.BWFG,BWFG,Bankwell Financial,50.885,49.676,47.288,45.974,55.688,-5.159,32.68395766,53.652956,2.433770835,5.049906953,2.858137208,True,True,True,True,True
US.BWLP,BWLP,BW LPG,20.59,17.776,14.743,14.507,125.087,-2.185,9.147574049,21.04994122,15.83033303,20.57247507,1.626800855,True,True,True,True,True
US.BWNB,BWNB,BABCOCK & WILCOX ENTERPRISES INC 6.5% SENIOR NOTES 31/12/2026 USD25,25,24.95,24.221,23.147,216.094,-0.754,7.909039716,25.18993209,0.2004008016,3.009784897,4.63991014,True,True,True,True,True
US.BY,BY,Byline Bancorp,32.595,31.975,30.257,29.585,33.691,-4.696,24.38084837,34.20108285,1.939014855,5.67802492,2.271421328,True,True,True,True,True
US.BYLB,BYLB,BOYLE BANCORP INC,117,114.225,97.049,90.884,47.093,-7.039,79.54151455,125.8592313,2.429415627,17.69827613,6.783372211,True,True,True,True,True
US.BYNOU,BYNOU,BYNORDIC ACQUISITION CORP UNIT 1 CL A & 1/2 RED WT EXP 01/07/2027,15.95,11.793,11.337,11.238,51.328,-0.25,10.54001903,15.98997494,35.24972441,4.022228103,0.880939669,True,True,True,True,True
US.BZLEY,BZLEY,BEAZLEY PLC (UK) UNSPON ADS EACH REP 2 ORD SHS,32.71,28.539,25.323,23.834,59.686,-9.548,20.48394975,36.16282669,14.61508813,12.69991707,6.247377696,True,True,True,True,True
US.BZQIY,BZQIY,BEZEQ-ISRAELI TELECOMUNICATION CORP UNSP ADR EACH REPR 5 ORD,14.1,12.516,9.735,9.02,151.77,0,5.600349525,14.1,12.65580058,28.56702619,7.926829268,True,True,True,True,True
US.C,C,花旗集团,125.33,119.363,111.966,107.814,78.885,-6.923,70.06177153,134.6519548,4.999036552,6.606469821,3.851076855,True,True,True,True,True
US.CABA,CABA,Cabaletta Bio,3.565,3.177,2.772,2.536,182.936,-15.721,1.260002262,4.229997983,12.21277935,14.61038961,9.305993691,True,True,True,True,True
US.CADL,CADL,Candel Therapeutics,8.55,5.907,5.626,5.618,96.549,-7.768,4.35006029,9.270101483,44.74352463,4.994667615,0.1423994304,True,True,True,True,True
US.CAIXY,CAIXY,CAIXABANK SA UNSP ADR EA REPR 1/3 ORD EUR0.00,4.206,3.96,3.805,3.65,61.5,-4.191,2.604334365,4.389984239,6.212121212,4.073587385,4.246575342,True,True,True,True,True
US.CALY,CALY,Callaway Golf Company,15.15,14.353,12.9,12.013,158.312,-15.833,5.865000465,17.99992871,5.552846095,11.26356589,7.383667693,True,True,True,True,True
US.CARE,CARE,Carter Bankshares,26.95,23.242,20.738,20.277,75.667,-1.064,15.34152687,27.23983181,15.9538766,12.0744527,2.273511861,True,True,True,True,True
US.CASY,CASY,Caseys General Stores,881.57,753.371,641.152,612.73,104.3,-2.156,431.5075869,900.9954622,17.01671554,17.50271387,4.638584695,True,True,True,True,True
US.CAT,CAT,卡特彼勒,914.43,777.524,668.24,610.65,174.9,-1.816,332.6409603,931.3431924,17.60794522,16.35400455,9.43093425,True,True,True,True,True
US.CATY,CATY,国泰万通金控,56.58,52.237,50.098,49.424,39.238,-2.448,40.63545871,57.99983598,8.314030285,4.269631522,1.363709938,True,True,True,True,True
US.CBAF,CBAF,CITBA FINANCIAL CORP,39.55,38.89,31.922,29.821,47.807,-0.918,26.75786668,39.91643285,1.697094369,21.82820625,7.045370712,True,True,True,True,True
US.CBC,CBC,Central Bancompany,27.025,25.148,23.686,22.482,177.089,-2.822,9.753183995,27.80979234,7.46381422,6.172422528,5.355395427,True,True,True,True,True
US.CBFV,CBFV,CB金融服务,35.08,34.912,34.524,33.925,32.684,-6.207,26.43875675,37.40151184,0.4812098992,1.123855868,1.765659543,True,True,True,True,True
US.CBIO,CBIO,Crescent Biopharma,20.725,17.35,13.856,13.617,137.672,-24.636,8.720000673,27.49986731,19.45244957,25.2165127,1.755158992,True,True,True,True,True
US.CBKM,CBKM,CONSUMERS BANCORP INC,26.94,26.155,24.719,23.594,49.987,-1.857,17.96155667,27.4497417,3.001338176,5.809296493,4.768161397,True,True,True,True,True
US.CBL,CBL,CBL & Associates Properties,45.785,41.268,36.34,34.526,102.339,-5.869,22.62786709,48.63966175,10.9455268,13.56081453,5.25401147,True,True,True,True,True
US.CBLUY,CBLUY,中海石油化学(ADR),19.78,10.731,9.61,9.46,119.542,0,9.009665577,19.78,84.32578511,11.66493236,1.585623679,True,True,True,True,True
US.CBNA,CBNA,Chain Bridge Bancorp,37.4,35.871,34.198,33.093,57.407,-2.857,23.7600615,38.49994338,4.262496167,4.892098953,3.339074729,True,True,True,True,True
US.CBOE,CBOE,芝加哥期权交易所,365.21,304.072,274.227,265.663,68.819,-0.733,216.3322849,367.9067565,20.10642216,10.88331929,3.223632949,True,True,True,True,True
US.CBTN,CBTN,CITIZENS BANCORP INVT INC,37.65,32.544,28.547,27.569,43.957,0,26.1536431,37.65,15.68952802,14.00147126,3.54746273,True,True,True,True,True
US.CC,CC,The Chemours,25.01,22.169,16.857,16.353,178.919,-12.765,8.966760959,28.66968533,12.81519239,31.51213146,3.082003302,True,True,True,True,True
US.CCBC,CCBC,CHINO COMMERCIAL BANCORP (CA),18.75,17.537,16.001,15.116,31.027,-6.25,14.3100277,20,6.916804471,9.599400037,5.854723472,True,True,True,True,True
US.CCBG,CCBG,Capital City Bank Group,46.24,44.77,42.841,42.453,31.068,-5.207,35.27939695,48.7799732,3.283448738,4.502696015,0.9139518997,True,True,True,True,True
US.CCFN,CCFN,Muncy Columbia Financial,74.199,67.137,57.843,54.954,78.619,-1.055,41.54037364,74.99014604,10.51878994,16.06763135,5.25712414,True,True,True,True,True
US.CCLDO,CCLDO,CARECLOUD INC 8.75% CUM RED PERP PFD SER B,27.44,26.503,24.542,23.345,64.091,-0.236,16.72242841,27.50491159,3.535448817,7.990383832,5.127436282,True,True,True,True,True
US.CCLDP,CCLDP,CARECLOUD INC 11% CUM RED PERP PRF SER A,19.43,19.032,14.845,13.353,281.768,-10.871,5.089478427,21.79986312,2.091214796,28.20478276,11.17351906,True,True,True,True,True
US.CCNB,CCNB,COASTAL CAROLINA BANCSHARES INC,14.65,14.305,13.415,12.996,38.599,-6.029,10.57006183,15.58991604,2.411744145,6.634364517,3.224068944,True,True,True,True,True
US.CCNE,CCNE,CNB金融,30.524,29.514,27.385,26.659,46.982,-4.012,20.76716877,31.79980831,3.422104764,7.774329012,2.723282944,True,True,True,True,True
US.CCO,CCO,Clear Channel Outdoor,2.395,2.382,2.146,1.934,139.559,-1.44,0.9997537141,2.429991883,0.5457598657,10.9972041,10.96173733,True,True,True,True,True
US.CCOZY,CCOZY,中煤能源(ADR),32.194,29.961,24.607,24.066,81.333,-5.312,17.75407675,34.00008449,7.453022262,21.75803633,2.247984709,True,True,True,True,True
US.CCTC,CCTC,CATALYST CREW TECHNOLOGIES CORP,2.32,1.432,0.87,0.867,534.66,-6.498,0.3655500583,2.481230348,62.01117318,64.59770115,0.3460207612,True,True,True,True,True
US.CCYY,CCYY,CCCB BANCORP INC,9.99,8.887,6.953,6.457,92.501,-8.683,5.189583431,10.93991261,12.41138742,27.81533151,7.681585876,True,True,True,True,True
US.CDLR,CDLR,Cadeler AS,29.31,25.568,22.213,21.91,90.696,-2.332,15.370013,30.00982922,14.63548185,15.10376806,1.382930169,True,True,True,True,True
US.CDNA,CDNA,CareDx,20.77,18.995,18.377,17.15,89.507,-10.627,10.96001731,23.23968089,9.344564359,3.362899276,7.15451895,True,True,True,True,True
US.CDZIP,CDZIP,CADIZ INC DEP SHS 1/1000TH SER A PFD CUM STK,20.33,19.376,18.889,18.459,39.202,-4.775,14.60467522,21.34943555,4.923616846,2.578220128,2.329486971,True,True,True,True,True
US.CECO,CECO,CECO环保,85.81,65.419,61.505,58.039,231.12,-4.919,25.91507611,90.24936633,31.16984362,6.363710267,5.971846517,True,True,True,True,True
US.CEFC,CEFC,COMMERCIAL NATIONAL FINANCIAL(MI),14.41,14.101,12.773,12.057,46.498,-1.301,9.836311759,14.59994529,2.191333948,10.39693103,5.938458986,True,True,True,True,True
US.CELC,CELC,Celcuity,134.77,119.263,103.065,89.964,1213.546,-10.76,10.26001373,151.0197221,13.00235614,15.71629554,14.56249166,True,True,True,True,True
US.CELJF,CELJF,Cellcom Israel Ltd,13.245,10.907,10.461,9.789,375.608,-6.173,2.784856436,14.11640573,21.43577519,4.263454737,6.864848299,True,True,True,True,True
US.CENX,CENX,世纪铝业,62.44,58.948,45.455,40.185,312.69,-9.103,15.13000073,68.69313619,5.923865101,29.68430316,13.11434615,True,True,True,True,True
US.CERS,CERS,Cerus,2.545,2.025,2.008,1.843,121.304,-19.206,1.150001807,3.149986385,25.67901235,0.8466135458,8.952794357,True,True,True,True,True
US.CF,CF,CF工业控股,124.075,123.878,98.091,95.093,65.401,-12.598,75.01466134,141.9589941,0.1590274302,26.28885423,3.152703143,True,True,True,True,True
US.CFFI,CFFI,C&F金融,75.42,74.167,72.126,70.903,34.726,-6.877,55.98028591,80.98965884,1.689430609,2.829770125,1.724891754,True,True,True,True,True
US.CFFN,CFFN,Capitol Federal Financial,7.665,7.34,6.86,6.644,47.156,-2.974,5.208758053,7.899944345,4.427792916,6.997084548,3.251053582,True,True,True,True,True
US.CFG,CFG,Citizens Financial,61.29,61.209,58.338,56.171,63.089,-10.261,37.58070747,68.29806439,0.1323334804,4.92132058,3.857862598,True,True,True,True,True
US.CFNB,CFNB,CALIFORNIA FIRST LEASING CORP,31.57,26.966,24.08,22.968,72.891,-1.343,18.26005981,31.99975673,17.07335163,11.98504983,4.841518635,True,True,True,True,True
US.CGAU,CGAU,Centerra Gold,18.535,18.194,15.916,14.084,189.896,-12.207,6.393672213,21.11216156,1.874244256,14.31264137,13.00766828,True,True,True,True,True
US.CGEM,CGEM,Cullinan Therapeutics,16.28,14.256,11.825,10.608,186.619,-2.747,5.680014235,16.7398435,14.19753086,20.55813953,11.4724736,True,True,True,True,True
US.CGEN,CGEN,Compugen医疗,3.005,2.496,1.99,1.859,132.046,-7.109,1.295001853,3.234974325,20.39262821,25.42713568,7.046799354,True,True,True,True,True
US.CGNT,CGNT,Cognyte Software,9.6,9.104,8.693,8.688,52.623,-17.631,6.290008714,11.65487016,5.448154657,4.727942022,0.05755064457,True,True,True,True,True
US.CGNX,CGNX,康耐视,65.585,53.932,46.034,45.45,127.407,-8.783,28.84036111,71.89997479,21.60683824,17.15688404,1.284928493,True,True,True,True,True
US.CGON,CGON,CG Oncology,69.59,67.048,53.302,47.816,194.249,-7.827,23.65003789,75.49933278,3.791313686,25.78890098,11.47314706,True,True,True,True,True
US.CHBAY,CHBAY,CHIBA BANK UNSP ADR EACH REPR 5 ORD,71.415,64.565,54.567,51.801,68.655,0,42.34383801,71.415,10.60946333,18.32242931,5.339665257,True,True,True,True,True
US.CHBH,CHBH,CROGHAN BANCSHARES INC,59.36,57.16,52.26,50.736,31.494,-2.672,45.14274416,60.98964327,3.848845346,9.376195943,3.003784295,True,True,True,True,True
US.CHCLY,CHCLY,CITIZEN WATCH CO LTD ADR EACH REPR 5 SHS,68.94,32.868,31.594,31.358,149.15,0,27.67007827,68.94,109.7480832,4.032411217,0.7525990178,True,True,True,True,True
US.CHCT,CHCT,Community Healthcare Trust,17.208,16.344,15.429,15.015,42.144,-2.37,12.10603332,17.6257298,5.286343612,5.930390822,2.757242757,True,True,True,True,True
US.CHEF,CHEF,The Chefs' Warehouse,82.158,66.663,63.887,63.567,54.431,-0.789,53.20045846,82.8113818,23.24377841,4.345171944,0.5034058552,True,True,True,True,True
US.CHFHY,CHFHY,中国食品(ADR),11,7.354,6.844,6.717,87.832,0,5.856297117,11,49.5784607,7.451782583,1.890725026,True,True,True,True,True
US.CHMG,CHMG,Chemung Financial,66.975,59.618,56.291,55.054,57.965,-5.442,42.39863261,70.82954377,12.34023282,5.910358672,2.246884877,True,True,True,True,True
US.CHRD,CHRD,Chord Energy,143.04,135.17,107.506,105.823,74.034,-4.956,82.19083627,150.4987164,5.822297847,25.73251725,1.590391503,True,True,True,True,True
US.CHRN,CHRN,ChronoScale,18.74,11.451,8.362,7.274,586.446,-7.866,2.730003525,20.33993965,63.65382936,36.94092322,14.95738246,True,True,True,True,True
US.CHRYY,CHRYY,CHORUS LTD SPON ADR EACH REP 5 ORD NZD0.00,30.33,27.724,26.604,26.18,43.63,0,21.11675834,30.33,9.399798009,4.209893249,1.619556914,True,True,True,True,True
US.CHSTY,CHSTY,中国高速传动(ADR),5.623,4.702,3.715,3.597,160.305,0,2.160158276,5.623,19.58740961,26.5679677,3.280511537,True,True,True,True,True
US.CIBEY,CIBEY,商业国际银行,2.4,2.337,2.202,2.068,83.478,-14.285,1.308058732,2.799976667,2.6957638,6.130790191,6.479690522,True,True,True,True,True
US.CIBN,CIBN,COMMUNITY INVESTORS BANCORP INC,23.5,23.329,18.92,17.326,42.42,-12.281,16.5004915,26.79009109,0.7329932702,23.30338266,9.200046173,True,True,True,True,True
US.CICHY,CICHY,建设银行(ADR),22.575,21.565,20.496,20.164,36.177,-1.847,16.57768933,22.99980642,4.683514955,5.215651835,1.646498711,True,True,True,True,True
US.CIEN,CIEN,Ciena,584.96,455.533,306.218,258.516,726.564,-2.317,70.77007951,598.8350071,28.41221163,48.7610134,18.4522428,True,True,True,True,True
US.CITZ,CITZ,CITIZENS BANCSHARES CORP S CAROLINA,41,35.317,31.504,31.101,43.035,-4.651,28.66431293,42.99992659,16.09140074,12.10322499,1.295778271,True,True,True,True,True
US.CIVB,CIVB,Civista Bancshares,24.63,23.458,22.791,22.086,34.137,-12.358,18.36182411,28.10296433,4.996163356,2.926593831,3.192067373,True,True,True,True,True
US.CIWV,CIWV,CITIZENS FINANCIAL CORP(W.VIRGINIA),48,42.586,35.763,32.687,79.705,-7.692,26.71044211,51.99982667,12.7130982,19.07837709,9.410468994,True,True,True,True,True
US.CIZN,CIZN,市民金融控股,9.7,9.329,8.077,7.887,50.621,-4.901,6.440005046,10.19989695,3.976846393,15.50080475,2.409027514,True,True,True,True,True
US.CKHGY,CKHGY,CAPITEC BANK HLDGS SPON ADR EACH REPR 0.5 ORD SHS,134.21,128.123,125.949,119.461,44.077,-10.383,93.15157867,149.7595322,4.750903429,1.726095483,5.431061183,True,True,True,True,True
US.CKHUY,CKHUY,长和(ADR),9.3,8.065,7.54,7.273,74.628,-0.534,5.325606432,9.349928619,15.31308122,6.962864721,3.671112333,True,True,True,True,True
US.CKISY,CKISY,长江基建集团(ADR),43.5,42.748,35.978,34.591,51.567,-1.226,28.7001788,44.03992954,1.759146627,18.81705487,4.009713509,True,True,True,True,True
US.CLBK,CLBK,Columbia Financial,19.6,18.191,16.856,16.378,43.484,-0.709,13.66005966,19.73995629,7.745588478,7.920028477,2.918549273,True,True,True,True,True
US.CLDT,CLDT,Chatham Lodging信托,10.015,8.396,7.313,7.187,69.046,-1.281,5.924422938,10.1449569,19.2829919,14.80924381,1.753165438,True,True,True,True,True
US.CLDX,CLDX,塞德斯医疗,32.44,32.029,28.094,27.027,74.878,-9.36,18.55007491,35.78993822,1.283212089,14.00654944,3.947903948,True,True,True,True,True
US.CLH,CLH,Clean Harbors,306.325,295.83,261.618,255.782,52.143,-3.361,201.3401865,316.9786525,3.547645607,13.07708185,2.281630451,True,True,True,True,True
US.CLS,CLS,天弘科技,379.955,336.202,314.155,291.165,248.294,-12.654,109.0903088,434.9998855,13.01390236,7.017873343,7.895866605,True,True,True,True,True
US.CLYM,CLYM,Climb Bio,11.315,8.411,5.213,4.421,875.431,-9.334,1.160000041,12.47987118,34.52621567,61.34663342,17.91449898,True,True,True,True,True
US.CM,CM,加拿大帝国商业银行,111.5,102.874,93.533,88.908,75.552,-1.566,63.51394459,113.2738688,8.385014678,9.986849561,5.202006569,True,True,True,True,True
US.CMBT,CMBT,CMB.Tech,15.053,13.132,11.539,10.877,97.967,-3.323,7.603792551,15.57040454,14.62838867,13.80535575,6.086237014,True,True,True,True,True
US.CMDB,CMDB,Costamare Bulkers Holdings,19.3,16.93,16.055,14.834,128.132,-3.136,8.460014378,19.92484308,13.99881867,5.450015571,8.231090737,True,True,True,True,True
US.CMHF,CMHF,COMMUNITY HERITAGE FINANCIAL INC,35,30.372,28.237,27.025,53.994,0,22.72815824,35,15.23771895,7.561001523,4.484736355,True,True,True,True,True
US.CMHHY,CMHHY,招商局港口(ADR),20.4,20.329,17.836,16.339,44.627,-6.464,14.10525006,21.80978447,0.3492547592,13.97734918,9.162127425,True,True,True,True,True
US.CMI,CMI,康明斯,715.09,602.96,543.143,507.458,135.224,-0.416,304.0038431,718.0772012,18.59659016,11.01312177,7.032109061,True,True,True,True,True
US.CMP,CMP,罗盘矿物,30.389,24.901,22.083,21.353,85.354,-5.829,16.39511421,32.27001943,22.03927553,12.76094734,3.418723364,True,True,True,True,True
US.CMPD,CMPD,CompuMed,6.6,6.222,4.598,4.404,238.461,-5.035,1.950003102,6.949928921,6.075216972,35.31970422,4.405086285,True,True,True,True,True
US.CMPR,CMPR,Cimpress,92.88,78.972,73.699,70.38,121.802,-3.25,41.87518598,96,17.61130527,7.15477822,4.71582836,True,True,True,True,True
US.CMPS,CMPS,COMPASS Pathways,10.86,7.279,6.748,6.297,382.666,-3.68,2.250003108,11.27491694,49.19631818,7.868998222,7.162140702,True,True,True,True,True
US.CMRB,CMRB,FIRST COMM BANCORP INC,6.31,6.184,5.615,5.364,42.492,-5.425,4.428318783,6.671953476,2.037516171,10.13357079,4.679343773,True,True,True,True,True
US.CMRE,CMRE,Costamare,17.26,16.85,15.546,14.501,118.515,-3.769,7.898771251,17.93600815,2.433234421,8.388009777,7.206399559,True,True,True,True,True
US.CMT,CMT,Core Molding Technologies,25.1,23.563,20.677,20.308,67.11,-12.513,15.02004668,28.6899768,6.522938505,13.95753736,1.817017924,True,True,True,True,True
US.CMTV,CMTV,Community Bancorp,39.273,36.964,29.371,27.296,132.888,-8.487,16.86347085,42.91521423,6.246618331,25.85203091,7.601846424,True,True,True,True,True
US.CNBB,CNBB,CNB COMMUNITY BANCORP INC,49.17,45.169,42.155,41.152,30.175,0,37.77222969,49.17,8.857844982,7.149804294,2.437305599,True,True,True,True,True
US.CNBZ,CNBZ,CNB CORP,23.24,21.395,18.761,18.533,42.565,-8.503,16.30133623,25.39973988,8.623510166,14.03976334,1.230237954,True,True,True,True,True
US.CNC,CNC,康西哥,58.92,41.559,40.488,38.026,135.014,-5.264,25.07084684,62.19388617,41.77434491,2.645228216,6.474517435,True,True,True,True,True
US.CNGKY,CNGKY,长实集团(ADR),13.14,12.181,11.243,10.792,71.383,-4.227,7.667038154,13.71994195,7.872916838,8.342968958,4.179021497,True,True,True,True,True
US.CNO,CNO,康塞科,47.04,42.639,41.72,40.861,35.193,-0.106,34.79470091,47.08991531,10.32153662,2.202780441,2.102249088,True,True,True,True,True
US.CNOB,CNOB,ConnectOne Bank,29.62,27.736,26.545,25.985,38.877,-3.36,21.3282257,30.64983444,6.792616095,4.486720663,2.155089475,True,True,True,True,True
US.CNQ,CNQ,加拿大自然资源,47.775,46.863,38.444,36.417,68.891,-6.286,28.28747535,50.97957616,1.946098201,21.89938612,5.566081775,True,True,True,True,True
US.CNTA,CNTA,Centessa Pharmaceuticals,39.6,35.267,28.472,26.239,261.643,-1.639,10.9500253,40.25985909,12.28627329,23.86555212,8.510232859,True,True,True,True,True
US.COCO,COCO,Vita Coco,75.89,55.955,52.323,48.596,138.722,-1.454,31.7901157,77.00972135,35.626843,6.941498003,7.669355503,True,True,True,True,True
US.CODI,CODI,Compass Diversified,12.03,9.252,7.295,7.226,162.663,-4.825,4.580013173,12.63987392,30.02594034,26.82659356,0.954885137,True,True,True,True,True
US.CODI.PRA,CODI.PRA,COMPASS DIVERSIFIED 7.250% PFD SER A REP BENFCL INTRST COMPS,20.87,19.112,17.369,17.094,111.993,-2.156,9.844664682,21.32987204,9.198409376,10.03512004,1.608751609,True,True,True,True,True
US.CODI.PRB,CODI.PRB,COMPASS DIVERSIFIED 7.875% FIXED FLTG RAT CUM PFD SHS SER B,22.4,20.613,19,18.787,94.255,-1.754,11.53123472,22.79991043,8.669286373,8.489473684,1.133762708,True,True,True,True,True
US.CODI.PRC,CODI.PRC,COMPASS DIVERSIFIED 7.875% CUM PREFERRED SHARES SERIES C,21.95,20.415,18.988,18.792,95.013,-1.305,11.25565988,22.24023507,7.518981141,7.515272804,1.04299702,True,True,True,True,True
US.COHR,COHR,Coherent,401.45,295.414,219.097,190.073,445.004,-2.796,73.66000983,412.9974075,35.89403346,34.8325171,15.26992261,True,True,True,True,True
US.COHU,COHU,科休半导体,48.445,37.687,29.765,27.391,194.276,-7.597,16.46243662,52.42795147,28.54565235,26.61515202,8.667080428,True,True,True,True,True
US.COLAR,COLAR,COLUMBUS ACQUISITION CORP COM USD0.0001 30/09/2025 (SUB/RIGHTS),0.499,0.333,0.312,0.285,353.636,-10.781,0.1100000882,0.5592979074,49.84984985,6.730769231,9.473684211,True,True,True,True,True
US.COLB,COLB,哥伦比亚银行系统,29.135,28.293,27.993,27.25,38.219,-9.81,21.07886759,32.30402484,2.976001131,1.071696496,2.726605505,True,True,True,True,True
US.CONC,CONC,CONECTISYS CORP,1,0.998,0.907,0.735,8671.929,0,0.01140000107,1,0.2004008016,10.03307607,23.40136054,True,True,True,True,True
US.CORZ,CORZ,Core Scientific,25.1,18.599,17.846,17.192,144.161,-0.278,10.28010206,25.16997252,34.95349212,4.219432926,3.804094928,True,True,True,True,True
US.COSO,COSO,CoastalSouth Bancshares,25.45,24.891,23.682,23.188,32.805,-3.261,19.16343511,26.30790064,2.245791652,5.105143147,2.130412282,True,True,True,True,True
US.CPAC,CPAC,Cementos Pacasmayo,10.5,10.465,9.344,8.53,110.359,-8.694,4.991466968,11.49979191,0.3344481605,11.99700342,9.542790152,True,True,True,True,True
US.CPCAY,CPCAY,国泰航空(ADR),8.21,7.638,7.427,7.187,41.72,-4.756,5.793113181,8.619965562,7.488871432,2.840985593,3.339362738,True,True,True,True,True
US.CPF,CPF,中央太平洋银行,34.24,32.889,31.537,30.906,37.24,-3.304,24.94899446,35.40994457,4.107756393,4.287027935,2.041674756,True,True,True,True,True
US.CPIX,CPIX,坎伯兰药业,4.88,3.538,3.481,3.435,163.783,-22.106,1.850005497,6.264924128,37.93103448,1.6374605,1.33915575,True,True,True,True,True
US.CPKF,CPKF,CHESAPEAKE FINANCIAL SHARES INC,34.74,33.374,28.137,26.315,83.56,-0.028,18.92569187,34.74972992,4.093006532,18.61250311,6.923807714,True,True,True,True,True
US.CPRX,CPRX,Catalyst Pharmaceuticals,31.15,26.174,24.086,23.145,63.517,-4.33,19.05000703,32.55984112,19.01123252,8.668936312,4.065672932,True,True,True,True,True
US.CQP,CQP,Cheniere Energy Partners LP,63.755,63.535,56.743,55.482,34.438,-8.61,47.42334757,69.76146187,0.3462658377,11.96975838,2.272809199,True,True,True,True,True
US.CRBJY,CRBJY,华润置地(ADR),46.735,38.643,37.717,36.392,45.071,0,32.21526011,46.735,20.94040318,2.455126336,3.64091009,True,True,True,True,True
US.CRCBY,CRCBY,重庆农村商业银行(ADR),39,32.153,23.315,21.055,173.221,0,14.27415901,39,21.295058,37.90692687,10.73379245,True,True,True,True,True
US.CRDOF,CRDOF,CERRADO GOLD INC,1.37,1.245,1.217,1.108,214.58,-21.534,0.4355013033,1.74597915,10.04016064,2.300739523,9.837545126,True,True,True,True,True
US.CRKR,CRKR,Creek Road Miners,14.24,11.378,6.228,5.243,884.98,-16.933,1.445714634,17.14278835,25.15380559,82.69107258,18.78695403,True,True,True,True,True
US.CRNT,CRNT,Ceragon,2.595,2.385,2.291,2.253,42.582,-8.594,1.82000533,2.838982124,8.805031447,4.103011785,1.686640036,True,True,True,True,True
US.CROX,CROX,卡骆驰,97.735,92.821,87.954,87.118,33.508,-15.825,73.20535099,116.1092961,5.294060611,5.533574368,0.9596179894,True,True,True,True,True
US.CRPHY,CRPHY,CERES POWER HOLDINGS PLC UNSPON ADS EACH REP 0.5 ORD SHS,5.025,2.873,2.118,1.798,1793.368,-4.103,0.2654000701,5.23999708,74.90428124,35.64683664,17.79755284,True,True,True,True,True
US.CRRFY,CRRFY,家乐福(ADR),4.06,3.805,3.457,3.336,48.728,-1.209,2.729815502,4.109686105,6.701708279,10.06653167,3.627098321,True,True,True,True,True
US.CRS,CRS,卡朋特科技,429.53,411.821,354.613,327.454,96.14,-9.703,218.9915367,475.6857924,4.300169248,16.13251629,8.293989385,True,True,True,True,True
US.CRT,CRT,CRT信托,10.87,10.319,8.801,8.57,60.772,-1.429,6.76112756,11.02758418,5.339664696,17.24804,2.695449242,True,True,True,True,True
US.CRUS,CRUS,凌云半导体,162.53,153.533,135.962,130.917,76.624,-9.201,92.02033699,178.9997687,5.859977985,12.92346391,3.853586624,True,True,True,True,True
US.CRVW,CRVW,CAREVIEW COMMUNICATIONS INC,0.038,0.033,0.026,0.024,275,-10.714,0.01013333333,0.04255986381,15.15151515,26.92307692,8.333333333,True,True,True,True,True
US.CSBB,CSBB,CSB BANCORP INC OHIO,66,61.285,53.388,50.479,66.556,-3.621,39.62631187,68.47964806,7.693562862,14.79171349,5.762792448,True,True,True,True,True
US.CSCO,CSCO,思科,115.13,84.976,78.658,75.761,89.052,-3.543,60.89858875,119.3588853,35.4853135,8.03224084,3.823867161,True,True,True,True,True
US.CSGS,CSGS,CSG国际,80.69,80.108,77.549,73.964,35.056,-0.049,59.74558702,80.72955748,0.7265191991,3.299849128,4.846952572,True,True,True,True,True
US.CSIOY,CSIOY,卡西欧(ADR),100.92,99.121,89.12,87.086,44.75,-10.284,69.72020725,112.4882964,1.814953441,11.22194794,2.335622258,True,True,True,True,True
US.CSR,CSR,Centerspace,68.16,62.898,62.574,60.747,34.199,-2.076,50.79024434,69.6049998,8.365925785,0.5177869403,3.007555929,True,True,True,True,True
US.CSTM,CSTM,Constellium,33.73,28.488,22.533,20.531,200.356,-3.324,11.23000706,34.88973478,18.40073013,26.42790574,9.75110808,True,True,True,True,True
US.CSWC,CSWC,西南资本,23.995,22.756,21.594,21.404,33.673,-1.784,17.95052105,24.4308463,5.444717877,5.381124386,0.8876845449,True,True,True,True,True
US.CSX,CSX,CSX运输,45.765,42.25,38.715,37.542,54,-1.686,29.71753247,46.54983014,8.319526627,9.130827845,3.124500559,True,True,True,True,True
US.CTBI,CTBI,大众信托合众银行,64.88,62.79,58.98,57.955,34.39,-5.581,48.27740159,68.71498321,3.328555502,6.459816887,1.76861358,True,True,True,True,True
US.CTIHY,CTIHY,中国太平(ADR),75.51,44.655,28.09,26.598,307.376,-3.57,18.53570166,78.30550659,69.09640578,58.97116412,5.609444319,True,True,True,True,True
US.CTNM,CTNM,Contineum Therapeutics,13.915,13.27,12.627,11.941,315.373,-14.788,3.350001083,16.32985964,4.860587792,5.092262612,5.744912486,True,True,True,True,True
US.CTO,CTO,CTO Realty Growth,20.02,19.389,17.991,17.401,38.468,-3.144,14.45821417,20.66986041,3.254422611,7.770551943,3.390609735,True,True,True,True,True
US.CTOS,CTOS,Custom Truck One Source,10.085,7.643,6.77,6.577,140.692,-1.32,4.19000216,10.21990272,31.95080466,12.89512555,2.934468603,True,True,True,True,True
US.CTPCY,CTPCY,中信股份(ADR),8.45,7.816,7.669,7.364,52.402,-2.312,5.544546659,8.649987716,8.111566018,1.916807928,4.141770777,True,True,True,True,True
US.CTRE,CTRE,CareTrust REIT,42.01,38.929,37.219,36.167,57.324,-2.483,26.70285525,43.07966816,7.914408282,4.594427577,2.908728952,True,True,True,True,True
US.CTS,CTS,CTS Corp,61.05,52.577,48.155,46.327,69.758,-1.564,35.96295904,62.01999269,16.11541168,9.182847056,3.945863104,True,True,True,True,True
US.CTUY,CTUY,CENTURY NEXT FINL CORP,66,65.235,57.774,54.009,53.551,-6.884,42.98246185,70.8793333,1.172683375,12.91411362,6.971060379,True,True,True,True,True
US.CTVA,CTVA,Corteva,84,81.003,72.461,71.918,39.447,-1.903,60.23793986,85.62952996,3.699862968,11.78841032,0.755026558,True,True,True,True,True
US.CTXAY,CTXAY,AMPOL LTD UNSP ADS EACH REP 2 ORD SHS,49.298,46.883,42.341,41.105,63.284,-4.183,30.19156807,51.4501602,5.151120875,10.72719114,3.006933463,True,True,True,True,True
US.CTYP,CTYP,COMMUNITY BANKERS CORP,8.44,7.438,6.001,5.84,77.837,-2.988,4.745919016,8.699954645,13.47136327,23.946009,2.756849315,True,True,True,True,True
US.CUBI,CUBI,Customers Bancorp,74.25,72.275,71.815,70.486,49.878,-10.065,49.54029277,82.5596264,2.732618471,0.6405347072,1.885480805,True,True,True,True,True
US.CUEN,CUEN,CUENTAS INC,0.262,0.242,0.141,0.107,262000,-12.633,9.996184662e-05,0.2998843957,8.26446281,71.63120567,31.77570093,True,True,True,True,True
US.CUGCY,CUGCY,中国东方集团(ADR),4.2,2.805,2.651,2.594,73.231,-10.828,2.424508315,4.709998654,49.73262032,5.809128631,2.197378566,True,True,True,True,True
US.CULL,CULL,Cullman Bancorp,15,13.504,12.191,11.703,47.759,0,10.15166589,15,11.07819905,10.77024034,4.169870973,True,True,True,True,True
US.CURB,CURB,Curbline Properties,27.715,27.031,24.951,24.221,30.999,-4.232,21.15665005,28.93972935,2.530428027,8.336339225,3.013913546,True,True,True,True,True
US.CURR,CURR,Currenc Group,4.23,3.063,2.409,2.227,1194.369,-10.476,0.3268001629,4.724989947,38.09990206,27.14819427,8.172429277,True,True,True,True,True
US.CVE,CVE,Cenovus能源,30.27,26.238,20.922,19.688,143.035,-1.864,12.45499619,30.84494987,15.36702493,25.40866074,6.267777326,True,True,True,True,True
US.CVEO,CVEO,Civeo,35.71,29.434,25.749,25.066,80.81,-2.164,19.75001383,36.4998569,21.32228036,14.31123539,2.724806511,True,True,True,True,True
US.CVGI,CVGI,商用汽车集团,5.625,3.821,2.347,2.207,350,-2.849,1.25,5.789955842,47.21277153,62.80357904,6.343452651,True,True,True,True,True
US.CVLG,CVLG,Covenant Logistics,33.75,29.305,25.411,24.814,88.566,-6.015,17.89824253,35.90998564,15.16806006,15.32407225,2.405899895,True,True,True,True,True
US.CVS,CVS,西维斯健康,97.04,78.168,77.761,75.746,70.092,-1.412,57.05147802,98.42982919,24.14287176,0.5233986188,2.66020648,True,True,True,True,True
US.CVV,CVV,CVD设备,7.26,5.151,4.254,3.987,195.121,-14.133,2.460007929,8.454936122,40.94350612,21.08603667,6.696764485,True,True,True,True,True
US.CW,CW,寇蒂斯莱特,747.645,706.85,635.771,602.42,84.608,-1.718,404.9905746,760.7140677,5.771380066,11.17996889,5.536170778,True,True,True,True,True
US.CWAN,CWAN,Clearwater Analytics,24.37,23.843,22.449,21.679,54.877,-2.788,15.73506718,25.06892153,2.210292329,6.209630719,3.551824346,True,True,True,True,True
US.CWBC,CWBC,西部社区银行,23.63,23.299,22.775,22.143,37.982,-7.667,17.12542216,25.59215015,1.420661831,2.300768386,2.854175134,True,True,True,True,True
US.CWEN.A,CWEN.A,Clearway Energy-A,40.43,38.422,33.792,32.167,62.227,-2.366,24.92186874,41.4097548,5.226172505,13.7014678,5.051761122,True,True,True,True,True
US.CX,CX,西麦斯,13.179,11.662,11.406,10.782,100.048,-3.591,6.587918899,13.66988559,13.00806037,2.244432755,5.787423484,True,True,True,True,True
US.CXDO,CXDO,Crexendo,9.69,6.992,6.714,6.613,90.748,-2.022,5.080000839,9.889975301,38.58695652,4.140601728,1.527294723,True,True,True,True,True
US.CYATY,CYATY,CONTEMPORARY AMPEREX TECHNOLOGY CO UNSPON ADS EACH REP 0.4 ORD,22.066,20.452,17.625,16.865,97.899,-9.639,11.15013214,24.41982714,7.891648739,16.03971631,4.506374148,True,True,True,True,True
US.CYBQY,CYBQY,赛百达因(ADR),1.9,1.667,1.376,1.342,115.664,-18.103,0.8810000742,2.319987301,13.97720456,21.14825581,2.533532042,True,True,True,True,True
US.CYD,CYD,玉柴国际,50.94,41.955,40.976,39.183,210.83,-9.92,16.3883795,56.54973357,21.41580265,2.389203436,4.575964066,True,True,True,True,True
US.CYRX,CYRX,Cryoport,13.21,9.716,9.529,9.384,148.775,-4.205,5.310019094,13.78986377,35.96130095,1.962430475,1.545183291,True,True,True,True,True
US.CYSM,CYSM,COMMUNITY BANCORP SANTA MARIA,20.5,18.855,15.701,14.508,67.994,0,12.20281677,20.5,8.724476266,20.08789249,8.223049352,True,True,True,True,True
US.CYTK,CYTK,Cytokinetics,78.44,65.66,64.063,59.326,163.133,-2.194,29.81002003,80.19957876,19.46390496,2.492858592,7.984694738,True,True,True,True,True
US.CZBC,CZBC,CITIZENS BANCORP(CORVALLIS OREGON),14.69,12.187,10.573,10.494,59.127,0,9.231620027,14.69,20.53827849,15.2652984,0.7528111302,True,True,True,True,True
US.CZBT,CZBT,CITIZENS BANCORP VA INC,39,36.511,32.542,31.215,44.145,-6.024,27.05608935,41.49995744,6.817123607,12.196546,4.251161301,True,True,True,True,True
US.CZWI,CZWI,Citizens Community Bancorp,21,19.886,18.145,17.563,65.407,-6.697,12.69595604,22.50731488,5.601931007,9.594929733,3.313784661,True,True,True,True,True
US.DAC,DAC,达那俄斯,132.575,117.805,103.593,100.403,66.196,-1.948,79.77027125,135.2088688,12.53766818,13.71907368,3.177195901,True,True,True,True,True
US.DAL,DAL,达美航空,71.48,66.764,65.81,63.789,59.751,-5.925,44.74463384,75.98192931,7.063687017,1.449627716,3.16825785,True,True,True,True,True
US.DAN,DAN,达纳,34.715,34.433,28.196,25.921,130.781,-11.941,15.0423995,39.42243269,0.8189817907,22.12015889,8.776667567,True,True,True,True,True
US.DAO,DAO,有道,12.58,10.554,10.357,10.051,57.25,-3.527,8,13.0399179,19.19651317,1.902095201,3.044473187,True,True,True,True,True
US.DAR,DAR,美国达尔令国际,63.02,59.862,46.023,42.491,116.192,-4.544,29.1500148,66.01994636,5.275466907,30.06974773,8.312348497,True,True,True,True,True
US.DAVE,DAVE,Dave Inc,236.42,224.526,211.619,211.333,55.324,-17.821,152.2108625,287.689069,5.29738204,6.099168789,0.1353314437,True,True,True,True,True
US.DAWN,DAWN,Day One Biopharmaceuticals(已退市),21.53,18.212,11.998,10.724,282.076,0,5.635004554,21.53,18.21875686,51.79196533,11.87989556,True,True,True,True,True
US.DBI,DBI,Designer Brands,6.56,6.494,6.046,5.412,212.286,-24.281,2.100638517,8.663611511,1.016322759,7.409857757,11.71470806,True,True,True,True,True
US.DBIN,DBIN,DACOTAH BANKS INC,44.15,41.784,37.407,36.3,34.048,-1.079,32.93596324,44.63157469,5.662454528,11.70101853,3.049586777,True,True,True,True,True
US.DBRG,DBRG,DigitalBridge Group,15.655,15.5,14.121,13.437,75.34,-0.031,8.928367743,15.65985455,1,9.765597337,5.090421969,True,True,True,True,True
US.DBSDY,DBSDY,DBS GROUP HLDGS LTD SPONS ADR EACH REP 4 ORD SHS,187.91,176.118,170.839,165.874,50.581,-0.421,124.7899801,188.7044457,6.695510964,3.090043842,2.99323583,True,True,True,True,True
US.DC,DC,Dakota Gold,6.33,5.536,5.447,5.167,122.066,-12.689,2.850503904,7.249945597,14.34248555,1.633926932,5.419005225,True,True,True,True,True
US.DCCPY,DCCPY,DCC UNSP ADR EACH REPR 0.1 ORD,39.5,33.325,32.653,32.377,38.354,-1.25,28.54995157,40,18.52963241,2.058003859,0.8524569911,True,True,True,True,True
US.DCO,DCO,杜科蒙,152.96,134.291,113.456,108.18,130.917,-2.146,66.24025083,156.3145094,13.90189961,18.36394726,4.877056757,True,True,True,True,True
US.DCOM,DCOM,迪募社区银行,36.665,34.59,31.629,30.975,54.207,-3.258,23.77648226,37.89977466,5.998843596,9.361661766,2.111380145,True,True,True,True,True
US.DD,DD,杜邦,50.75,46.47,42.994,40.073,89.643,-3.24,26.76080847,52.44935924,9.210243168,8.084849049,7.289197215,True,True,True,True,True
US.DELL,DELL,戴尔科技,246.887,188.233,150.412,145.766,135.609,-6.478,104.7867441,263.9881525,31.16031727,25.14493524,3.187300193,True,True,True,True,True
US.DFIHY,DFIHY,DFI RETAIL GROUP HOLDING LIMITED UNSPON ADR EA REP 5 COM USD0.055555,20.5,17.898,13.63,12.616,128.27,-4.651,8.980593157,21.49996329,14.5379372,31.31327953,8.037412809,True,True,True,True,True
US.DFKCY,DFKCY,大福库(ADR),24.034,19.785,17.91,17.261,114.206,-5.078,11.22004052,25.3197362,21.47586555,10.46901173,3.75992121,True,True,True,True,True
US.DFTC,DFTC,DEFENTECT GROUP INC,0.11,0.055,0.024,0.019,3828.571,-7.563,0.002800000305,0.1189999675,100,129.1666667,26.31578947,True,True,True,True,True
US.DFTX,DFTX,Definium Therapeutics,21.52,20.495,16.212,14.664,239.164,-18.019,6.345013032,26.24998475,5.00121981,26.4187022,10.55646481,True,True,True,True,True
US.DGICB,DGICB,多尼戈尔股份-B,18.87,17.67,16.525,16.15,40.461,-6.422,13.43433409,20.16499605,6.791171477,6.928895613,2.321981424,True,True,True,True,True
US.DGII,DGII,美国迪进国际,64.995,53.787,46.343,43.441,111.779,-6.897,30.69001176,69.80978057,20.8377489,16.06283581,6.680325039,True,True,True,True,True
US.DGXX,DGXX,Digi Power X,7.27,3.401,3.383,3.176,528.017,-20.815,1.157611975,9.181031761,113.7606586,0.5320721253,6.517632242,True,True,True,True,True
US.DHC,DHC,Diversified Healthcare Trust,8.585,7.356,5.892,5.403,192.462,-2.774,2.935424089,8.829942608,16.7074497,24.84725051,9.050527485,True,True,True,True,True
US.DHCNI,DHCNI,DIVERSIFIED HEALTHCARE TRUST 5.625% SR NT 01/08/2042,18.93,17.477,16.825,16.653,37.632,-0.642,13.75406882,19.05231587,8.31378383,3.875185736,1.032846934,True,True,True,True,True
US.DHCNL,DHCNL,DIVERSIFIED HEALTHCARE TRUST 6.25% SR NT 01/02/46 USD,19.8,18.486,17.9,17.71,33.662,-0.626,14.81348476,19.9247288,7.108081792,3.273743017,1.072840203,True,True,True,True,True
US.DHLGY,DHLGY,Deutsche Post AG,27.89,26.35,25.774,24.828,35.041,-5.087,20.65298687,29.38480503,5.844402277,2.234810274,3.810214274,True,True,True,True,True
US.DIMC,DIMC,DIMECO INC,52,48.492,43.862,41.919,49.425,-1.886,34.80006692,52.99957193,7.234182958,10.55583421,4.635129655,True,True,True,True,True
US.DINO,DINO,HF Sinclair,68.94,61.447,54.314,52.683,107.719,-7.189,33.18906792,74.27998836,12.1942487,13.13289391,3.09587533,True,True,True,True,True
US.DIOD,DIOD,Diodes,102.2,84.642,64.984,61.973,141.721,-13.242,42.28014943,117.798935,20.74383876,30.25052321,4.858567441,True,True,True,True,True
US.DK,DK,Delek US,43.88,43.12,37.01,34.523,157.702,-11.353,17.02741927,49.49970106,1.762523191,16.50905161,7.203893057,True,True,True,True,True
US.DKILY,DKILY,大金工业(ADR),15.9,13.204,12.669,12.617,49.155,-2.692,10.66005162,16.33986928,20.41805513,4.222906307,0.4121423476,True,True,True,True,True
US.DKL,DKL,Delek Logistics Partners LP,51.525,50.593,47.131,45.673,40.941,-5.837,36.55785045,54.71894481,1.842152076,7.345483864,3.192258008,True,True,True,True,True
US.DLICY,DLICY,DAIICHI LIFE GROUP INC UNSP ADR EACH REPR 2 ORD,19.08,18.33,17.188,16.969,71.121,-17.438,11.15000497,23.10990528,4.091653028,6.644170351,1.290588721,True,True,True,True,True
US.DLR,DLR,数字房地产信托公司,192.705,188.15,171.597,170.411,32.679,-7.415,145.2415228,208.1384674,2.420940739,9.64643904,0.6959644624,True,True,True,True,True
US.DLTI,DLTI,DLT RESOLUTION INC,1.06,0.842,0.301,0.23,529900,-5.357,0.0002,1.119998309,25.89073634,179.7342193,30.86956522,True,True,True,True,True
US.DMFG,DMFG,DECKER MFG CORP,59.4,58.529,52.821,48.722,35.937,-11.573,43.69671245,67.17405317,1.488151173,10.8063081,8.413037232,True,True,True,True,True
US.DMLP,DMLP,多尔切斯特,27.43,27.114,24.196,24.036,37.933,-3.613,19.88646662,28.45819457,1.165449583,12.0598446,0.6656681644,True,True,True,True,True
US.DNKEY,DNKEY,丹麦银行,25.366,24.262,22.768,21.845,46.875,-4.102,17.27046809,26.45102088,4.550325612,6.561841181,4.225223163,True,True,True,True,True
US.DNLZY,DNLZY,DYNO NOBEL LTD,2.606,2.227,2.194,2.092,91.622,0,1.359969106,2.606,17.01841042,1.504102097,4.875717017,True,True,True,True,True
US.DNTH,DNTH,Dianthus Therapeutics,85.45,84.79,56.958,49.952,413.675,-11.453,16.63503188,96.50242244,0.7783936785,48.86407528,14.02546445,True,True,True,True,True
US.DOCN,DOCN,DigitalOcean,159.335,95.267,65.202,57.292,524.334,-3.149,25.52079496,164.5155961,67.25098932,46.11054876,13.80646513,True,True,True,True,True
US.DOW,DOW,陶氏化学,38.81,38.355,29.588,27.859,98.162,-9.195,19.58498602,42.73993723,1.186286012,29.63025551,6.206252916,True,True,True,True,True
US.DPMAY,DPMAY,DIPLOMA PLC UNSPON ADR EACH REP 0.25 OR,22.92,21.158,19.128,18.854,77.64,-11.744,12.90249944,25.96990573,8.327819265,10.61271435,1.453272515,True,True,True,True,True
US.DPNEY,DPNEY,达芙妮国际(ADR),0.982,0.489,0.44,0.439,161.902,0,0.3749494086,0.982,100.8179959,11.13636364,0.2277904328,True,True,True,True,True
US.DRH,DRH,DIAMONDROCK HOSPITALITY CO,10.515,9.91,9.202,8.863,50.171,-3.532,7.0020177,10.89998756,6.104944501,7.69397957,3.824889992,True,True,True,True,True
US.DRTS,DRTS,Alpha Tau Medical,10.07,7.615,6.148,5.518,258.362,-6.759,2.810007758,10.79996997,32.23900197,23.86141835,11.41718014,True,True,True,True,True
US.DSCSY,DSCSY,Disco(ADR),44.55,44.429,39.026,36.602,101.766,-15.927,22.08003331,52.98966374,0.2723446398,13.84461641,6.62258893,True,True,True,True,True
US.DSFGY,DSFGY,大新金融(ADR),14.35,11.955,9.418,8.756,71.245,-3.626,8.37980671,14.88990807,20.0334588,26.93777872,7.560529922,True,True,True,True,True
US.DSGN,DSGN,Design Therapeutics,14.68,12.186,9.946,8.861,344.175,-14.898,3.305003658,17.24988837,20.46610865,22.52161673,12.24466764,True,True,True,True,True
US.DSX,DSX,黛安娜船舶,2.765,2.513,2.131,2.016,104.788,-5.145,1.350176768,2.914975489,10.02785515,17.92585641,5.704365079,True,True,True,True,True
US.DTIL,DTIL,Precision BioSciences,8.11,6.71,5.566,5.408,129.745,-8.049,3.530000653,8.819914955,20.86438152,20.55335968,2.921597633,True,True,True,True,True
US.DTM,DTM,DT Midstream,148.03,137.666,125.277,120.099,54.144,-1.608,96.03357899,150.4492235,7.528365755,9.889285344,4.311443059,True,True,True,True,True
US.DVA,DVA,德维特,193.77,157.651,135.121,134.829,91.851,-4.4,101.0002554,202.6882845,22.9107332,16.67394409,0.2165706191,True,True,True,True,True
US.DX,DX,德尼克斯投资,13.235,13.044,13.037,12.594,31.721,-7.891,10.04775245,14.36884561,1.464274762,0.05369333436,3.517548039,True,True,True,True,True
US.DXPE,DXPE,DXP Enterprises,152.64,149.307,128.638,126.219,101.955,-17.002,75.58119383,183.908046,2.232313287,16.06756946,1.916510193,True,True,True,True,True
US.DY,DY,戴康工业,451.31,385.867,359.775,337.005,136.647,-2.907,190.7102139,464.8223868,16.9599888,7.252310472,6.756576312,True,True,True,True,True
US.E,E,埃尼石油,55.575,53.835,43.42,40.967,102.071,-4.181,27.50270944,57.99997913,3.232098077,23.9866421,5.987746235,True,True,True,True,True
US.EACO,EACO,EACO CORP,95.5,89.057,76.954,67.822,171.924,0,35.12010709,95.5,7.234692388,15.72757751,13.46465749,True,True,True,True,True
US.EATR,EATR,EASTERN ASTERIA INC,0.001,0.001,0.001,0.001,300,-14.285,0.00025,0.001166656945,0,0,0,True,True,True,True,True
US.EBCOY,EBCOY,荏原制作所(ADR),18.164,15.969,14.749,13.697,143.065,-7.28,7.472898196,19.59016393,13.74538168,8.271747237,7.680513981,True,True,True,True,True
US.EBMT,EBMT,Eagle Bancorp Montana,22.15,21.574,19.877,19.085,50.225,-7.496,14.74454984,23.94491049,2.669880412,8.53750566,4.149855908,True,True,True,True,True
US.ECG,ECG,Everus Construction,161.3,131.005,105.989,98.926,191.8,-5.934,55.27758739,171.4753471,23.12507156,23.60244931,7.139680165,True,True,True,True,True
US.ECLP,ECLP,ECLIPSE BANCORP INC,7.4,6.38,6.255,6.224,48,-14.844,5,8.689933769,15.98746082,1.998401279,0.4980719794,True,True,True,True,True
US.ECO,ECO,Okeanis Eco Tankers,54.315,50.936,41.252,37.425,175.3,-7.074,19.72938612,58.4497342,6.633814984,23.47522544,10.2257849,True,True,True,True,True
US.ECOR,ECOR,electroCore,6.52,6.446,5.88,5.728,56.73,-24.537,4.160020417,8.63999576,1.147998759,9.62585034,2.653631285,True,True,True,True,True
US.ECOX,ECOX,ECO INNOVATION GROUP INC,0.003,0.002,0.001,0.001,269900,-10,1.111111111e-06,0.003333333333,50,100,0,True,True,True,True,True
US.ECPG,ECPG,安可资本,81.53,75.91,60.468,55.798,128.535,-11.992,35.67506071,92.63930552,7.40350415,25.53747437,8.369475608,True,True,True,True,True
US.ECTM,ECTM,ECA MARCELLUS TRUST I,0.584,0.55,0.529,0.524,38.659,-5.806,0.4211771324,0.6199970274,6.181818182,3.969754253,0.9541984733,True,True,True,True,True
US.ECVT,ECVT,Ecovyst,15.005,13.209,10.865,10.359,113.594,-0.099,7.025010066,15.01986967,13.59679007,21.57386102,4.884641375,True,True,True,True,True
US.EDAP,EDAP,EDAP TMS,4.188,3.686,3.339,3.001,246.14,-17.063,1.209915063,5.049615974,13.61909929,10.39233303,11.26291236,True,True,True,True,True
US.EDPFY,EDPFY,EDP S.A SPON ADR EACH REPR 10 ORD EUR1,51.736,50.362,47.514,46.399,42.185,-4.16,36.386398,53.98163606,2.728247488,5.994022814,2.403069032,True,True,True,True,True
US.EDRVY,EDRVY,EDP RENOVAVEIS SA UNSP ADR EA REPR 2 ORD SHS EUR5,33.21,29.783,27.233,26.345,141.055,0,13.77693887,33.21,11.50656415,9.363639702,3.370658569,True,True,True,True,True
US.EDRY,EDRY,EuroDry,22.01,20.158,15.963,14.802,189.605,-8.215,7.600006906,23.97995315,9.187419387,26.27952139,7.843534657,True,True,True,True,True
US.EDVR,EDVR,ENDEAVOR BANCORP,17.7,16.593,15.227,14.528,32.96,-0.617,13.31227437,17.809887,6.671487977,8.970906942,4.811398678,True,True,True,True,True
US.EE,EE,Excelerate Energy,36.51,34.296,32.092,30.163,72.886,-15.306,21.11796213,43.10813045,6.455563331,6.867755204,6.395252462,True,True,True,True,True
US.EFGSY,EFGSY,EIFFAGE UNSP ADR EACH REPR 1/5 ORD,32.21,32.152,29.77,28.967,36.194,-9.471,23.65008738,35.57975897,0.1803931326,8.001343635,2.772119999,True,True,True,True,True
US.EFXT,EFXT,Enerflex,27.615,23.285,18.021,16.014,312.403,-5.265,6.696120057,29.14973347,18.59566244,29.21036568,12.53278381,True,True,True,True,True
US.EGHT,EGHT,8x8,2.225,2.037,2.019,2.015,42.628,-22.743,1.560002244,2.879997929,9.229258714,0.8915304606,0.1985111663,True,True,True,True,True
US.EGP,EGP,EastGroup Properties,203.27,193.412,184.128,178.665,30.943,-1.697,155.2354841,206.7790403,5.09689161,5.042144595,3.057677777,True,True,True,True,True
US.EGY,EGY,瓦可能源,6.05,5.981,4.676,4.452,101.839,-9.97,2.997438553,6.719982228,1.153653235,27.90846878,5.031446541,True,True,True,True,True
US.EHAB,EHAB,Enhabit,13.8,13.762,11.096,10.265,113.292,-2.953,6.470003563,14.21991406,0.2761226566,24.02667628,8.095470044,True,True,True,True,True
US.EHLD,EHLD,Euroholdings,8.74,7.817,7.084,7.027,70.325,-0.228,5.131366505,8.759972738,11.80759882,10.34726143,0.811156966,True,True,True,True,True
US.EIX,EIX,爱迪生国际,70.81,70.747,63.419,60.756,57.165,-7.091,45.05456049,76.21436029,0.08904971236,11.5548968,4.383106195,True,True,True,True,True
US.EKTAY,EKTAY,ELEKTA UNSP ADR EACH REPR 1 ORD SEK0.00,6.046,5.999,5.736,5.51,42.029,-10.847,4.256877117,6.78160017,0.7834639107,4.585076709,4.101633394,True,True,True,True,True
US.ELA,ELA,Envela,23.73,17.198,13.638,12.012,345.215,-11.98,5.330009097,26.95978187,37.9811606,26.10353424,13.53646354,True,True,True,True,True
US.ELEZY,ELEZY,ENDESA SA UNSP ADR EA REPR 0.50 ORD SHS,21.44,21.291,19.131,18.148,52.015,-6.742,14.10387133,22.98998477,0.6998262177,11.29057551,5.416574829,True,True,True,True,True
US.ELSE,ELSE,伊莱克森,7.63,5.554,4.827,4.801,103.466,-0.391,3.750012287,7.659950406,37.37846597,15.06111456,0.5415538429,True,True,True,True,True
US.ELVA,ELVA,Electrovaya,11.018,8.817,7.794,7.269,269.714,-7.26,2.980141407,11.8805262,24.96313939,13.12548114,7.222451506,True,True,True,True,True
US.ELVN,ELVN,Enliven Therapeutics,43.04,38.591,27.837,25.783,191.105,-11.312,14.7850432,48.52967707,11.52859475,38.6320365,7.966489547,True,True,True,True,True
US.EME,EME,EMCOR Group,924.61,805.331,721.286,698.295,105.552,-2.873,449.8180509,951.9598052,14.81117702,11.65210471,3.292448034,True,True,True,True,True
US.EMN,EMN,伊士曼化工,73.185,72.352,67.538,66.489,33.802,-11.265,54.69649183,82.47591142,1.151315789,7.127839142,1.577704583,True,True,True,True,True
US.EMYB,EMYB,EMBASSY BANCORP INC,20.29,19.705,18.112,17.353,41.706,-1.648,14.31837749,20.62998211,2.968789647,8.795273852,4.373883478,True,True,True,True,True
US.ENB,ENB,恩桥,56.14,53.867,49.205,48.182,40.846,-0.115,39.85913693,56.20463533,4.219652106,9.474646885,2.123199535,True,True,True,True,True
US.ENBP,ENBP,ENB FINACIAL CORP,25.5,24.911,22.666,21.339,60.867,-1.544,15.85160412,25.89989437,2.364417326,9.90470308,6.218660668,True,True,True,True,True
US.ENGGY,ENGGY,ENAGAS SA UNSP ADR EACH REP 0.50 ORD,9.635,9.396,8.458,8.205,38.507,-4.698,6.956327117,10.10996621,2.54363559,11.09009222,3.083485679,True,True,True,True,True
US.ENGIY,ENGIY,ENGIE SPON ADR EACH REPR 1 SHARE,31.995,31.321,27.497,25.753,66.173,-4.625,19.25403044,33.54652687,2.151910859,13.90697167,6.77202656,True,True,True,True,True
US.ENIC,ENIC,Enel Chile,4.305,4.108,3.944,3.814,45.172,-5.915,2.965447883,4.575649678,4.795520935,4.15821501,3.408495018,True,True,True,True,True
US.ENLAY,ENLAY,ENEL SPA UN SPON ADR EA REPR 1 ORD SHS,11.325,11.21,10.618,10.212,35.336,-6.674,8.368061713,12.13488203,1.025869759,5.575437936,3.975714845,True,True,True,True,True
US.ENLT,ENLT,Enlight Renewable Energy,91.52,79.216,57.917,50.375,442.502,-4.666,16.86998389,95.99932868,15.53221571,36.77504014,14.97171216,True,True,True,True,True
US.ENPH,ENPH,Enphase Energy,47,37.416,36.408,36.334,82.347,-11.203,25.77503332,52.92971609,25.61471028,2.768622281,0.2036659878,True,True,True,True,True
US.ENS,ENS,艾诺斯,236.76,190.5,163.505,148.432,211.738,-0.887,75.94839256,238.8788554,24.28346457,16.51019846,10.15481837,True,True,True,True,True
US.ENTA,ENTA,Enanta Pharmaceuticals,13.92,13.631,13.339,12.141,150.81,-18.833,5.550017942,17.1498269,2.120167266,2.189069645,9.867391483,True,True,True,True,True
US.ENTG,ENTG,英特格,139.35,131.114,110.274,103.893,110.91,-12.38,66.0708359,159.0390322,6.281556508,18.8983804,6.141895989,True,True,True,True,True
US.ENVA,ENVA,易诺华,166.54,151.294,144.825,137.191,87.123,-5.739,89.00028324,176.6796448,10.07706849,4.46677024,5.56450496,True,True,True,True,True
US.EOG,EOG,EOG能源,136.37,136.122,117.584,116.841,36.562,-9.508,99.85940452,150.6984043,0.1821895065,15.76575044,0.6359069162,True,True,True,True,True
US.EPD,EPD,Enterprise Products,39.15,37.386,33.68,32.777,37.128,-0.055,28.54996791,39.17154435,4.718343765,11.00356295,2.754980627,True,True,True,True,True
US.EPOAY,EPOAY,EPIROC AB UNSPON ADS EACH REP 1 ORD SHS,29.67,26.523,24.849,23.819,52.808,-1.632,19.4165227,30.16224789,11.86517362,6.736689605,4.324278937,True,True,True,True,True
US.EPOR,EPOR,Epic Corp.,0,0,0,0,19900,0,0,0,,,,True,True,True,True,True
US.EQ,EQ,Equillium,2.396,2.054,1.558,1.513,787.259,-11.274,0.2700451616,2.700448572,16.65043817,31.83568678,2.974223397,True,True,True,True,True
US.EQFN,EQFN,EQUITABLE FINANCIAL CORP,17,16.032,14.554,14.102,41.078,0,12.05007159,17,6.037924152,10.15528377,3.205219118,True,True,True,True,True
US.EQIX,EQIX,易昆尼克斯,1081.35,1028.612,881.531,854.06,54.886,-4.193,698.1586457,1128.675358,5.12710332,16.68472238,3.216518746,True,True,True,True,True
US.EQNR,EQNR,Equinor,38.81,38.355,29.106,27.804,76.674,-10.695,21.96701269,43.45781311,1.186286012,31.77695321,4.682779456,True,True,True,True,True
US.EQUEY,EQUEY,EQUATORIAL SA SPON ADR EACH REP 1 ORD,8.13,7.969,6.95,6.554,40.977,-15.224,5.766898147,9.589978296,2.020328774,14.6618705,6.042111688,True,True,True,True,True
US.ERIC,ERIC,爱立信,12.64,11.574,10.426,9.734,82.563,-1.634,6.92363732,12.84996849,9.210298946,11.0109342,7.109102116,True,True,True,True,True
US.ERO,ERO,Ero Copper,30.205,27.526,27.161,24.394,136.161,-24.106,12.79000343,39.79893009,9.732616435,1.343838592,11.34295319,True,True,True,True,True
US.ESCA,ESCA,Escalade,18.59,17.855,14.632,14.009,66.123,-12.804,11.19050342,21.31978531,4.116493979,22.02706397,4.447141124,True,True,True,True,True
US.ESEA,ESEA,Euroseas,70.5,68.274,60.429,59.734,97.567,-5.698,35.68409704,74.75981421,3.26039195,12.98217743,1.163491479,True,True,True,True,True
US.ESI,ESI,Element Solutions,43.94,37.01,30.931,29.5,113.05,-3.46,20.6242666,45.51481251,18.72466901,19.65342213,4.850847458,True,True,True,True,True
US.ESOA,ESOA,Energy Services of America,17.285,14.875,11.677,11.265,121.806,-13.314,7.792846001,19.93978266,16.20168067,27.38717136,3.657345761,True,True,True,True,True
US.ESP,ESP,Espey Manufacturing & Electronics,68.48,62.294,51.212,49.336,104.012,-8.412,33.56665294,74.76962047,9.930330369,21.6394595,3.802497162,True,True,True,True,True
US.ET,ET,Energy Transfer,20.385,18.919,17.378,17.136,32.779,-0.415,15.35257834,20.46995029,7.748823934,8.867533663,1.412231559,True,True,True,True,True
US.ETN,ETN,伊顿,407.25,385.399,362.505,361.718,32.078,-6.213,308.3405261,434.2286244,5.669708536,6.315499097,0.2175728053,True,True,True,True,True
US.ETON,ETON,Eton Pharmaceutical,30.05,24.261,19.296,18.92,129.652,-6.994,13.08501559,32.30974346,23.86134125,25.73072139,1.987315011,True,True,True,True,True
US.ETR,ETR,安特吉,112.7,110.298,100.224,97.288,44.282,-4.85,78.11092167,118.4445612,2.177736677,10.05148467,3.017843927,True,True,True,True,True
US.EVC,EVC,超视野传播,9.09,3.967,3.158,2.946,442.107,-3.297,1.676790744,9.399915204,129.1404084,25.61747942,7.196198235,True,True,True,True,True
US.EVLI,EVLI,EVERLERT INC,0.05,0.015,0.009,0.007,4999900,-1.96,1e-06,0.050999592,233.3333333,66.66666667,28.57142857,True,True,True,True,True
US.EVRG,EVRG,西星能源,82.55,81.887,77.827,76.209,31.307,-3.189,62.86793545,85.26923593,0.8096523258,5.216698575,2.123108819,True,True,True,True,True
US.EWBC,EWBC,华美银行,120.84,113.702,110.492,108.566,40.436,-4.628,86.04631291,126.7038544,6.277813935,2.905187706,1.77403607,True,True,True,True,True
US.EWCZ,EWCZ,European Wax Center,5.82,5.789,4.615,4.537,79.629,-10.667,3.240011357,6.514949683,0.535498359,25.43878657,1.719197708,True,True,True,True,True
US.EWTX,EWTX,Edgewise Therapeutics,33.56,31.963,26.53,23.532,176.213,-16.016,12.15004363,39.95999238,4.99640209,20.47870335,12.74009859,True,True,True,True,True
US.EXEL,EXEL,伊克力西斯,50.995,44.177,42.974,41.87,51.073,-1.229,33.75520444,51.62952689,15.43337031,2.799367059,2.636732744,True,True,True,True,True
US.EXPD,EXPD,康捷国际物流,153.39,146.463,145.466,139.101,40.307,-8.254,109.3245526,167.1898502,4.729522132,0.685383526,4.57581182,True,True,True,True,True
US.EXSR,EXSR,EXCHANGE BANK SANTA ROSA(CA),148.69,144.424,127.494,121.505,52.223,-0.538,97.67906295,149.4942792,2.953802692,13.27905627,4.929015267,True,True,True,True,True
US.EZPW,EZPW,艾茨克普,32.82,28.959,23.445,21.768,155.408,-11.595,12.85002819,37.12459703,13.3326427,23.51887396,7.703969129,True,True,True,True,True
US.FABP,FABP,FARMERS BANCORP FRANKFORT INDS,48.25,47.872,41.799,39.545,40.269,-6.31,34.39819205,51.49962643,0.789605615,14.52905572,5.69983563,True,True,True,True,True
US.FACO,FACO,FIRST ACCEPTANCE CORPORATION,5.183,4.758,4.135,3.954,72.766,-3.661,3.000011576,5.379960348,8.932324506,15.06650544,4.577642893,True,True,True,True,True
US.FALC,FALC,飞康软件,2.83,2.352,1.821,1.809,214.409,-14.242,0.9001014602,3.299983675,20.32312925,29.15980231,0.6633499171,True,True,True,True,True
US.FANG,FANG,Diamondback Energy,200.62,191.182,164.685,158.503,55.632,-5.984,128.9066516,213.3892103,4.936657217,16.0895042,3.900241636,True,True,True,True,True
US.FANUY,FANUY,发那科(ADR),25.596,20.074,19.153,18.011,108.606,-7.058,12.270021,27.53975598,27.50821959,4.808646165,6.340569652,True,True,True,True,True
US.FATE,FATE,Fate Therapeutics,1.94,1.42,1.277,1.226,113.186,-21.298,0.9100034711,2.464994536,36.61971831,11.1981206,4.159869494,True,True,True,True,True
US.FBAK,FBAK,FIRST NATIONAL BANK ALASKA,338.12,315.767,296.63,286.8,47.429,-0.844,229.3442945,340.9980233,7.078953786,6.45147153,3.427475593,True,True,True,True,True
US.FBIOP,FBIOP,FORTRESS BIOTECH INC 9.375% CUM RED PER PREF SER A USD25.00,13.68,13.663,10.813,10.138,118.181,-6.557,6.270023513,14.63994093,0.1244236259,26.35716267,6.658117972,True,True,True,True,True
US.FBLA,FBLA,FB Bancorp,14.09,13.743,13.075,12.771,31.559,-1.122,10.71002364,14.2498837,2.524921778,5.108986616,2.380393078,True,True,True,True,True
US.FBNC,FBNC,第一银行(北卡),58.53,56.821,54.512,53.912,49.043,-6.156,39.27054608,62.36946422,3.007690819,4.235764602,1.112924766,True,True,True,True,True
US.FBPA,FBPA,FARMERS BANK APPOMATTOX VA,30,26.973,23.777,22.968,35.514,0,22.13793409,30,11.22233344,13.44156117,3.522291884,True,True,True,True,True
US.FBPI,FBPI,FIRST BANCORP OF INDIANA INC,14.07,12.938,11.114,10.824,53.603,-6.2,9.159977344,15,8.749420312,16.41173295,2.679231338,True,True,True,True,True
US.FBSI,FBSI,FIRST BANCSHARES INC,32.94,31.525,27.172,26.407,38.884,-6.92,23.71763486,35.38891276,4.48850119,16.02016782,2.89695914,True,True,True,True,True
US.FBVI,FBVI,FCN BANC CORP,36,32.666,29.274,28.741,42.858,-3.355,25.1998488,37.24972839,10.20633074,11.58707385,1.854493581,True,True,True,True,True
US.FCAP,FCAP,First Capital,57.05,51.929,51.086,48.48,72.357,-19.114,33.09990311,70.53136513,9.86154172,1.650158556,5.375412541,True,True,True,True,True
US.FCBC,FCBC,第一社区银行股份,42.26,41.841,36.617,36.124,40.623,-6.297,30.05198296,45.09994344,1.0014101,14.26659748,1.364743661,True,True,True,True,True
US.FCCO,FCCO,第一社区,29.48,29.382,28.887,28.31,38.388,-5.934,21.30242507,31.33969766,0.33353754,1.71357358,2.038149064,True,True,True,True,True
US.FCEL,FCEL,燃料电池能源,19.955,9.317,8.462,7.842,428.571,-3.009,3.775273331,20.57407388,114.1783836,10.10399433,7.906146391,True,True,True,True,True
US.FCELB,FCELB,FUELCELL ENERGY INC 5% CNV PREF PERP SER'B',406,381.619,341.747,324.404,58.189,-10.769,256.6550139,454.9988233,6.388832841,11.66711046,5.346111639,True,True,True,True,True
US.FCFS,FCFS,第一富金融服务,227.45,204.22,178.141,169.631,92.331,-3.61,118.2596669,235.9684615,11.37498776,14.63952712,5.016771699,True,True,True,True,True
US.FCX,FCX,麦克莫兰铜金,65.95,61.147,54.415,51.305,89.182,-7.066,34.86061042,70.96434028,7.854841611,12.37158872,6.06178735,True,True,True,True,True
US.FDX,FDX,联邦快递,377.85,369.359,320.391,297.129,80.194,-6.479,209.6906667,404.026903,2.298847463,15.28382508,7.828922791,True,True,True,True,True
US.FEIM,FEIM,高频电子,59.925,51.935,46.381,42.491,242.233,-7.793,17.5100005,64.98964287,15.38461538,11.97473103,9.154879857,True,True,True,True,True
US.FELTY,FELTY,富士电机(ADR),24.465,19.014,18.548,17.944,129.502,-3.643,10.66003782,25.3899561,28.66834964,2.512400259,3.366027642,True,True,True,True,True
US.FER,FER,Ferrovial SE,67.96,67.457,66.792,63.883,37.01,-9.132,49.60221882,74.78980499,0.7456601983,0.9956282189,4.553637118,True,True,True,True,True
US.FF,FF,FutureFuel,4.26,4.208,3.753,3.746,42.304,-16.796,2.993591185,5.119946156,1.235741445,12.12363443,0.1868659904,True,True,True,True,True
US.FFBC,FFBC,第一金融银行,30.25,28.741,26.882,26.385,35.741,-3.106,22.28508704,31.21968337,5.250339237,6.91540808,1.883646011,True,True,True,True,True
US.FFDF,FFDF,FFD FINANCIAL CORP,46.2,44.053,38.629,37.218,44.895,0,31.88515822,46.2,4.873674892,14.04126434,3.791176313,True,True,True,True,True
US.FFIC,FFIC,法拉盛金融,15.735,15.496,15.181,14.561,49.774,-9.027,10.50582878,17.29634067,1.542333505,2.074962124,4.257949317,True,True,True,True,True
US.FFMH,FFMH,FIRST FMRS & MERCHANTS CORP,57,51.944,45.555,42.836,59.387,0,35.76201321,57,9.733559218,14.02480518,6.347464749,True,True,True,True,True
US.FFWC,FFWC,FFW CORP,50.5,46.935,41.361,39.163,34.171,0,37.6385359,50.5,7.595610951,13.47646334,5.612440314,True,True,True,True,True
US.FGMCR,FGMCR,FG MERGER II CORP COM USD0.0001 11/02/2030 (SUBS/RTS),0.71,0.534,0.494,0.443,294.5,-5.32,0.1799746515,0.7498943811,32.9588015,8.097165992,11.51241535,True,True,True,True,True
US.FHRT,FHRT,FIRST HARTFORD CORP,31.4,24.929,18.311,15.97,96.988,-17.15,15.94005726,37.89981895,25.95771992,36.1422096,14.65873513,True,True,True,True,True
US.FIBH,FIBH,FIRST BANCSHARES INC OHIO,41.335,40.843,31.508,29.115,76.755,-12.479,23.38547707,47.22866512,1.204612786,29.62739622,8.219131032,True,True,True,True,True
US.FIBK,FIBK,First Interstate BancSystem,34.48,33.757,33.672,32.79,41.27,-10.064,24.40716359,38.33837395,2.141778002,0.2524352578,2.689844465,True,True,True,True,True
US.FIDS,FIDS,FNB INC,26.5,24.31,21.56,20.534,36.27,-1.851,19.44668672,26.99976566,9.00863842,12.75510204,4.99659102,True,True,True,True,True
US.FINN,FINN,FIRST NATIONAL OF NEBRASKA INC,18000,16641.624,14127.496,13501.901,56.801,-6.735,11479.51863,19299.84453,8.162520677,17.79599159,4.633384588,True,True,True,True,True
US.FIRRY,FIRRY,第一拖拉机股份(ADR),9.5,5.185,4.143,4.004,164.822,-22.472,3.587315253,12.2536374,83.22082932,25.15085687,3.471528472,True,True,True,True,True
US.FISI,FISI,金融机构,34.355,32.897,31.326,29.972,45.266,-3.767,23.64971845,35.69981191,4.432015077,5.015003511,4.517549713,True,True,True,True,True
US.FITB,FITB,五三银行,47.815,47.735,46.821,45.868,35.181,-12.972,35.37109505,54.9420876,0.1675919137,1.952115504,2.07770123,True,True,True,True,True
US.FIX,FIX,美国舒适系统,2043.955,1606.143,1236.616,1112.658,352.999,-1.448,451.2051903,2073.986322,27.25859404,29.88211377,11.1407099,True,True,True,True,True
US.FJIKY,FJIKY,FUJIKURA UNSPON ADS EACH REP 0.5 ORD SHS,19.69,16.735,12.557,11.243,636.993,-23.235,2.671667166,25.64971015,17.65760382,33.27227841,11.68727208,True,True,True,True,True
US.FJTNY,FJTNY,富士传媒(ADR),12.55,11.465,11.116,10.377,88.721,-4.417,6.650028349,13.12994989,9.463584823,3.139618568,7.121518743,True,True,True,True,True
US.FKKFY,FKKFY,FUKUOKA FINANCIAL GROUP INC. UNSPON ADS EACH REP 0.5 ORD SHS,20.36,19.913,17.666,16.89,69.384,-14.954,12.0200255,23.93998542,2.244764727,12.7193479,4.594434577,True,True,True,True,True
US.FLEX,FLEX,伟创力,143.45,83.34,69.725,65.864,257.273,-2.64,40.15136884,147.3397699,72.1262299,19.52671208,5.862079436,True,True,True,True,True
US.FLG,FLG,纽约社区银行,13.695,13.514,12.844,12.645,32.245,-8.21,10.35577905,14.91992592,1.339351783,5.216443476,1.573744563,True,True,True,True,True
US.FLNG,FLNG,Flex LNG,31.885,30.723,26.95,26.177,60.895,-4.535,19.81727213,33.39967527,3.78218273,14,2.952973985,True,True,True,True,True
US.FLOC,FLOC,Flowco Holdings,26.99,23.28,20.174,19.1,94.038,-1.604,13.90964656,27.42997683,15.93642612,15.39605433,5.623036649,True,True,True,True,True
US.FLXS,FLXS,Flexsteel Industries,55.84,48.934,44.073,43.703,93.66,-6.447,28.83403904,59.68809124,14.11288675,11.02942845,0.8466238016,True,True,True,True,True
US.FLYW,FLYW,Flywire,16.44,13.309,13.288,13.145,64.977,-8.919,9.965025428,18.0498677,23.52543392,0.1580373269,1.087866109,True,True,True,True,True
US.FMBL,FMBL,FARMERS & MERCHANTS BANK (CALIF),8500,8349.252,8129.128,7680.053,56.535,-0.83,5430.095506,8571.140466,1.80552701,2.707842711,5.847290377,True,True,True,True,True
US.FMBM,FMBM,F&M BANK CORP,34.4,31.615,28.987,27.308,84.437,-1.007,18.65135521,34.74993181,8.8091096,9.066133094,6.148381427,True,True,True,True,True
US.FMCB,FMCB,FARMERS & MERCHANTS BANCORP CA,1315,1200.48,1121.838,1097.327,35.953,-1.153,967.2460336,1330.338806,9.539517526,7.010103063,2.23370062,True,True,True,True,True
US.FMX,FMX,FEMSA,121.65,112.274,103.204,98.72,55.182,-3.229,78.39182379,125.7091484,8.35099845,8.788419054,4.542139384,True,True,True,True,True
US.FN,FN,Fabrinet,721.55,609.027,513.218,471.472,224.051,-1.801,222.6655681,734.7834499,18.47586396,18.66828521,8.854396443,True,True,True,True,True
US.FNB,FNB,F.N.B. Corp,17.416,17.103,16.886,16.601,32.766,-8.338,13.11781631,19.00024001,1.830088289,1.285088239,1.71676405,True,True,True,True,True
US.FNBKY,FNBKY,FINECOBANK SPA UNSP ADR EACH REP 2 ORD SHS,52,49.954,41.721,38.462,41.865,-4.936,36.65456596,54.69999158,4.095768107,19.73346756,8.47329832,True,True,True,True,True
US.FNKO,FNKO,Funko,5.005,4.073,3.715,3.618,125.45,-17.816,2.220004436,6.089993186,22.88239627,9.636608345,2.681039248,True,True,True,True,True
US.FNRN,FNRN,FIRST NORTHERN COMMUNITY BANCORP,17.8,15.588,13.768,13.069,92.68,-1.056,9.238115009,17.98997413,14.19040287,13.21905869,5.3485347,True,True,True,True,True
US.FOLD,FOLD,爱美医疗 (已退市),14.49,14.403,12.139,10.88,162.976,-0.068,5.510008518,14.4998599,0.6040408248,18.6506302,11.57169118,True,True,True,True,True
US.FONR,FONR,福纳,18.855,18.67,17.219,16.792,45.038,-0.501,13.00004137,18.9499392,0.9908944831,8.426737906,2.542877561,True,True,True,True,True
US.FORM,FORM,FormFactor,128.44,118.002,82.329,69.71,392.484,-19.265,26.08003509,159.0883755,8.845612786,43.32981088,18.10213743,True,True,True,True,True
US.FOTB,FOTB,FIRST OTTAWA BANCSHARES INC,211.33,195.629,168.46,157.227,57.234,-10.083,134.4047725,235.027859,8.02590618,16.12786418,7.144447201,True,True,True,True,True
US.FR,FR,第一工业地产,61.685,60.528,58.1,55.96,33.797,-4.6,46.10342534,64.65932914,1.911512027,4.179001721,3.824160114,True,True,True,True,True
US.FRAF,FRAF,富兰克林金融服务,56.09,53.487,50.728,49.045,72.574,-5.949,32.50199914,59.63785606,4.8666031,5.438810913,3.431542461,True,True,True,True,True
US.FRCOY,FRCOY,迅销(ADR),45.42,43.426,39.853,37.848,55.282,-8.685,29.25000966,49.7399113,4.591719247,8.965448021,5.297505813,True,True,True,True,True
US.FRFC,FRFC,FIRST ROBINSON FINANCIAL CORP,66.66,60.213,46.705,43.662,71.295,-1.463,38.91532152,67.64971534,10.70699018,28.92195696,6.969447116,True,True,True,True,True
US.FRGAP,FRGAP,FRANCHISE GROUP INC 7.50% CUM PERPETUAL PFD STK SER A,25.15,24.623,22.853,22.341,33.57,0,18.82907839,25.15,2.140275352,7.745153809,2.291750593,True,True,True,True,True
US.FRO,FRO,Frontline,37.175,35.081,28.369,26.352,141.851,-6.005,15.37103423,39.54997606,5.969043072,23.65962847,7.654068002,True,True,True,True,True
US.FRSB,FRSB,FIRST RESOURCE BANCORP INC,22.28,21.276,18.946,17.837,50.514,-0.977,14.80260972,22.49982327,4.71893213,12.29811042,6.217413242,True,True,True,True,True
US.FRST,FRST,Primis Financial,14.125,13.606,12.64,12.153,58.774,-4.993,8.896292844,14.86732557,3.814493606,7.642405063,4.00724101,True,True,True,True,True
US.FRT,FRT,FRT信托,114.49,108.742,102.334,100.412,31.518,-2.328,87.05272282,117.2188549,5.28590609,6.261848457,1.914113851,True,True,True,True,True
US.FSBC,FSBC,Five Star Bancorp,40.91,38.994,37.16,35.7,60.081,-2.895,25.55581237,42.12965347,4.913576448,4.935414424,4.089635854,True,True,True,True,True
US.FSEA,FSEA,First Seacoast,16.7,13.052,12.612,12.336,64.856,-0.595,10.13005289,16.79995976,27.9497395,3.488740882,2.237354086,True,True,True,True,True
US.FSMK,FSMK,1ST SUMMIT BANCORP JOHNSTOWN INC,38.35,37.765,33.114,30.618,60.393,-4.125,23.91002101,40,1.549053356,14.04541886,8.152067411,True,True,True,True,True
US.FSRL,FSRL,FIRST RELIANCE BANCSHARES INC,15.58,14.534,13.127,12.251,73.111,-8.352,9.000005777,16.99982542,7.196917573,10.71836673,7.150436699,True,True,True,True,True
US.FSTR,FSTR,LB福斯特,40.525,31.223,29.3,28.319,122.909,-4.714,18.18006451,42.52985748,29.79214041,6.563139932,3.464105371,True,True,True,True,True
US.FSUGY,FSUGY,福蒂斯丘金属,33.22,28.843,28.079,27.015,90.565,-0.648,17.43237216,33.43666962,15.17525916,2.720894619,3.938552656,True,True,True,True,True
US.FTAI,FTAI,FTAI Aviation,260.69,248.727,224.768,207.678,142.189,-19.145,107.6390753,322.4166718,4.809690946,10.65943551,8.229085411,True,True,True,True,True
US.FTFI,FTFI,FIRST BERLIN BANCORP INC,36.5,34.785,29.363,26.299,46.201,-3.947,24.96562951,37.99985425,4.930286043,18.46541566,11.6506331,True,True,True,True,True
US.FTI,FTI,德希尼布FMC,73.345,70.426,55.979,51.355,154.913,-5.701,28.77256162,77.77919172,4.144776077,25.80789225,9.003991822,True,True,True,True,True
US.FTK,FTK,Flotek工业,20.26,16.724,16.516,15.587,85.022,-1.459,10.95004918,20.55996996,21.14326716,1.259384839,5.960094951,True,True,True,True,True
US.FTNT,FTNT,飞塔信息,120.52,86.894,83.336,83.187,71.876,-0.277,70.1203193,120.8547677,38.69772366,4.269463377,0.1791145251,True,True,True,True,True
US.FUNC,FUNC,马里兰第一联合,37.52,36.984,36.957,36.476,37.755,-9.328,27.23676092,41.37991883,1.449275362,0.07305787807,1.318675293,True,True,True,True,True
US.FUSB,FUSB,First US Bancshares,16,15.564,14.398,13.811,57.779,-3.03,10.14076652,16.49994844,2.801336417,8.098346993,4.25023532,True,True,True,True,True
US.FUWAY,FUWAY,古河电气工业(ADR),183.77,120.798,67.574,56.696,956.149,-1.679,17.40000701,186.9081885,52.13000215,78.76402167,19.18653873,True,True,True,True,True
US.FVCB,FVCB,FVCBankcorp,15.49,15.254,14.189,13.871,41.661,-15.483,10.93455503,18.32767372,1.547135178,7.505814363,2.292552808,True,True,True,True,True
US.FVR,FVR,FrontView REIT,17.83,16.645,15.446,14.726,75.474,-3.569,10.1610495,18.4899047,7.119255032,7.762527515,4.889311422,True,True,True,True,True
US.FXCNY,FXCNY,富智康集团(ADR),35,15.704,12.112,11.66,365.301,0,7.522012633,35,122.8731533,29.65653897,3.876500858,True,True,True,True,True
US.FXLG,FXLG,F S BANCORP(LAGRANGE),46.15,43.583,40.035,37.924,38.45,0,33.33333333,46.15,5.889911204,8.862245535,5.56639595,True,True,True,True,True
US.GAIN,GAIN,格拉德斯通投资,16.48,15.085,14.049,13.89,30.258,-3.85,12.65181409,17.1398856,9.247596951,7.374190334,1.144708423,True,True,True,True,True
US.GALDY,GALDY,GALDERMA GROUP AG UNSP ADS EACH REPR 0.2 ORD SHS,40.64,39.527,38.876,37.75,70.758,-7.762,23.79976341,44.05993192,2.815796797,1.674554995,2.982781457,True,True,True,True,True
US.GARPY,GARPY,GOLDEN AGRI RESOURCES UNSP ADR EACH REP 100 ORD,23.261,21.879,20.01,19.841,43.946,-1.025,16.15953205,23.50189442,6.316559258,9.340329835,0.8517715841,True,True,True,True,True
US.GASS,GASS,斯蒂加斯海运,10.23,9.528,8.031,7.774,95.978,-2.755,5.219973671,10.51982107,7.367758186,18.64026896,3.305891433,True,True,True,True,True
US.GCO,GCO,格涅斯科,32.06,30.78,29.663,29.597,63.404,-17.689,19.62008274,38.9498366,4.158544509,3.765633955,0.2229955739,True,True,True,True,True
US.GDEN,GDEN,黄金娱乐(已退市),28.55,27.82,26.577,26.236,48.56,-10.246,19.21782445,31.80916728,2.624011503,4.676976333,1.299740814,True,True,True,True,True
US.GDNGY,GDNGY,GUDANG GARAM TBK UNSPN ADR EACH REPR 4 ORD S,3.73,3.516,2.942,2.755,91.282,-12.441,1.950000523,4.259984696,6.086461889,19.51053705,6.787658802,True,True,True,True,True
US.GDS,GDS,万国数据,44.48,42.695,39.487,38.655,97.425,-8.496,22.53007471,48.60989684,4.180817426,8.124192772,2.152373561,True,True,True,True,True
US.GEV,GEV,GE Vernova,1078.945,961.487,765.254,729.162,156.455,-8.714,420.7151352,1181.93918,12.21628582,25.64285845,4.949791679,True,True,True,True,True
US.GFF,GFF,格里丰,85.46,80.464,79.052,78.264,32.181,-12.195,64.65377021,97.32930926,6.20898787,1.786166068,1.006848615,True,True,True,True,True
US.GFLU,GFLU,GFL ENVIRONMENTAL INC TANGIBLE EQUITY UNITS,70.3,68.334,63.356,62.61,34.488,-4.643,52.27232169,73.72295689,2.877045102,7.857187954,1.191502955,True,True,True,True,True
US.GFS,GFS,GlobalFoundries,73.73,53.67,43.961,41.424,133.989,-4.221,31.51002825,76.97929609,37.37656046,22.08548486,6.124468907,True,True,True,True,True
US.GGB,GGB,盖尔道钢铁,4.75,4.021,3.843,3.631,86.94,-4.618,2.540922221,4.979975257,18.12981845,4.631798074,5.838611953,True,True,True,True,True
US.GGDVY,GGDVY,粤海投资(ADR),51.59,48.958,45.792,43.876,40.429,-1.3,36.73742603,52.26950355,5.376036603,6.913871419,4.366852038,True,True,True,True,True
US.GHIFF,GHIFF,GAMEHOST INC,9.8,8.643,7.76,7.508,53.834,0,6.37050327,9.8,13.38655559,11.37886598,3.356419819,True,True,True,True,True
US.GHM,GHM,Graham,100.46,88.948,74.641,68.815,180.223,-2.96,35.85001945,103.5243199,12.94239331,19.16774963,8.466177432,True,True,True,True,True
US.GHRS,GHRS,GH Research,21.8,17.258,15.429,14.878,104.502,-11.597,10.66004244,24.65979661,26.31822923,11.85430034,3.703454765,True,True,True,True,True
US.GIII,GIII,G-III服装集团,29.72,29.181,29.149,28.378,47.207,-14.076,20.1892573,34.5887063,1.847092286,0.1097807815,2.716893368,True,True,True,True,True
US.GKOS,GKOS,Glaukos,139.99,117.467,109.063,103.785,91.347,-4.606,73.16027949,146.7492714,19.17389565,7.705638026,5.085513321,True,True,True,True,True
US.GL,GL,Globe Life,154.46,145.988,140.44,140.21,33.151,-1.423,116.003635,156.6896944,5.803216703,3.95044147,0.1640396548,True,True,True,True,True
US.GLBS,GLBS,Globus Maritime,2.071,1.996,1.687,1.531,109.151,-15.139,0.9901936878,2.440461461,3.75751503,18.31653823,10.18941868,True,True,True,True,True
US.GLNCY,GLNCY,嘉能可(ADR),15.945,14.582,12.241,11.205,134.761,-0.592,6.792014006,16.03995654,9.34714031,19.12425455,9.245872378,True,True,True,True,True
US.GLNG,GLNG,Golar LNG,57.26,52.479,43.743,42.985,64.379,-0.917,34.83413331,57.78993369,9.110310791,19.97119539,1.763405839,True,True,True,True,True
US.GLRE,GLRE,绿光资本再保公司,17.38,17.323,14.775,14.286,50.281,-10.343,11.56500156,19.38498946,0.3290423137,17.24534687,3.422931541,True,True,True,True,True
US.GLSI,GLSI,Greenwich LifeSciences,27.125,24.734,19.669,17.603,248.65,-20.454,7.780008605,34.09976617,9.666855341,25.75118206,11.7366358,True,True,True,True,True
US.GLU.PRA,GLU.PRA,GABELLI GLOBAL UTILITY & INCOME TR 6% CUM PREF A(PUT&CALL),55.5,51.667,48.217,47.228,34.563,-1.633,41.24462148,56.42136082,7.418661815,7.155152747,2.094096722,True,True,True,True,True
US.GLW,GLW,康宁,208.17,155.826,117.393,105.973,345.797,-1.709,46.69614197,211.7894823,33.59131339,32.73874933,10.77632982,True,True,True,True,True
US.GLYYY,GLYYY,GLORY LTD UNSP ADR REP 1 ORD,25.346,22.848,20.041,20.019,56.357,-8.959,16.21033916,27.84020386,10.93312325,14.00628711,0.1098955992,True,True,True,True,True
US.GM,GM,通用汽车,78.035,76.103,75.845,71.145,68.383,-10.728,46.34375204,87.41262658,2.538664704,0.3401674468,6.60622672,True,True,True,True,True
US.GNENY,GNENY,GANFENG LITHIUM GROUP CO LTD UNSPON EACH ADS REP 1 ORD SHS,9.85,9.454,7.84,6.896,359.138,-17.087,2.145324499,11.87992233,4.188703194,20.58673469,13.68909513,True,True,True,True,True
US.GNK,GNK,根科船务贸易,24.955,23.396,20.214,19.332,105.289,-8.422,12.15603369,27.24999454,6.663532228,15.74156525,4.562383613,True,True,True,True,True
US.GNRC,GNRC,Generac,270.125,219.783,187.787,186.852,128.745,-1.257,118.0900129,273.5636957,22.90532025,17.03845314,0.5003960354,True,True,True,True,True
US.GOOG,GOOG,谷歌-C,396.15,328.907,311.929,290.022,143.055,-0.96,162.9878011,399.9899031,20.44438093,5.442905277,7.553564902,True,True,True,True,True
US.GOOGL,GOOGL,谷歌-A,400,330.793,312.188,290.051,147.426,-0.933,161.6644977,403.7671475,20.92154308,5.959550015,7.632106078,True,True,True,True,True
US.GORO,GORO,黄金资源,1.405,1.362,1.156,1.029,226.668,-24.866,0.4301002853,1.86999228,3.15712188,17.8200692,12.34207969,True,True,True,True,True
US.GOVB,GOVB,GOUVERNEUR BANCORP INC,18.7,17.644,15.068,14.343,57.195,-4.865,11.89605267,19.65627792,5.985037406,17.09583223,5.054730531,True,True,True,True,True
US.GPRE,GPRE,绿色平原能源,16.725,16.266,12.828,11.943,321.284,-11.694,3.970005982,18.93982289,2.821836961,26.80074836,7.410198443,True,True,True,True,True
US.GPRK,GPRK,GeoPark,9.835,9.274,8.182,7.727,72.323,-4.837,5.707305467,10.33489907,6.049169722,13.34637008,5.888443122,True,True,True,True,True
US.GRC,GRC,Gorman-Rupp,76.08,67.668,56.744,53.322,120.117,-4.35,34.56343672,79.53998955,12.43128214,19.25137459,6.417613743,True,True,True,True,True
US.GRDN,GRDN,Guardian Pharmacy Services,36.56,36.343,32.129,30.376,90.714,-11.605,19.17006617,41.35980542,0.5970888479,13.11587662,5.771003424,True,True,True,True,True
US.GS,GS,高盛,973.163,879.021,865.051,835.997,70.573,-0.624,570.5258159,979.2736677,10.70986928,1.614933686,3.475371323,True,True,True,True,True
US.GSAT,GSAT,全球星,82.26,72.095,63.063,55.136,363.175,-0.891,17.76002591,82.99952577,14.09945211,14.32218575,14.37717644,True,True,True,True,True
US.GSBX,GSBX,GOLDEN STATE BANCORP,37.2,32.939,27.79,26.147,55,-1.898,24,37.91971621,12.93603327,18.52824757,6.283703675,True,True,True,True,True
US.GSL,GSL,环球租船,41.59,39.003,35.698,34.122,84.892,-2.599,22.49421284,42.69976694,6.632823116,9.258221749,4.61872106,True,True,True,True,True
US.GTE,GTE,Gran Tierra Energy,9.097,8.5,5.969,5.501,194.385,-6.607,3.090171035,9.740558714,7.023529412,42.40241246,8.507544083,True,True,True,True,True
US.GTPS,GTPS,GREAT AMERICAN BANCORP INC,72,67.886,56.76,52.019,42.851,-7.692,50.40216729,77.99974,6.060159679,19.60183228,9.113977585,True,True,True,True,True
US.GTX,GTX,Garrett Motion,32.06,20.791,18.443,17.087,239.53,-1.171,9.442464583,32.43987089,54.20133712,12.7311175,7.93585767,True,True,True,True,True
US.GVA,GVA,花岗岩建筑,141.9,126.725,119.009,115.887,68.84,-2.137,84.04406539,144.9986205,11.97474847,6.483543261,2.694003641,True,True,True,True,True
US.GVYB,GVYB,GOLDEN VY BANCSHARES INC,23,21.57,18.443,17.609,48.68,-6.244,15.46946462,24.5317633,6.629578118,16.95494225,4.736214436,True,True,True,True,True
US.GWW,GWW,美国固安捷,1277.795,1130.956,1057.609,1037.313,41.508,-0.578,902.9842836,1285.223592,12.9836174,6.935171694,1.956593622,True,True,True,True,True
US.GZPZY,GZPZY,GTT (GAZTRANSPORT ET TECHNIGAZ) SPON ADR EA REP 0.20 ORD SHS,48.15,43.017,35.666,33.639,90.297,-0.268,25.30255338,48.27938876,11.93249181,20.61066562,6.025743928,True,True,True,True,True
US.HACBY,HACBY,八十二银行(ADR),27.393,23.782,19.739,18.092,169.616,0,10.16000534,27.393,15.18375242,20.48229394,9.103471147,True,True,True,True,True
US.HAFC,HAFC,韩美金融,29.36,27.471,26.924,26.105,40.136,-5.41,20.9510761,31.03922191,6.876342325,2.031644629,3.137330013,True,True,True,True,True
US.HAFN,HAFN,Hafnia,8.705,8.013,6.613,6.361,90.223,-8.704,4.576207924,9.534919383,8.635966554,21.1704219,3.961641251,True,True,True,True,True
US.HAL,HAL,哈里伯顿,41.4,38.334,32.379,29.825,119.505,-2.484,18.86061821,42.45457156,7.998121772,18.39155008,8.563285834,True,True,True,True,True
US.HALMY,HALMY,HALMA UNSPON ADS EACH REP 2 ORD SHS,126.79,112.757,102.523,99.458,63.955,-0.659,77.33219481,127.6310889,12.44534707,9.982150347,3.081702829,True,True,True,True,True
US.HARL,HARL,HARLEYSVILLE FINANCIAL CORP,27.75,26.93,25.124,24.321,33.035,-1.42,20.8591724,28.14972611,3.044931303,7.188345805,3.301673451,True,True,True,True,True
US.HAS,HAS,孩之宝,95.98,93.541,87.368,84.588,51.992,-9.663,63.14806042,106.2466099,2.607412792,7.065515978,3.286518182,True,True,True,True,True
US.HASI,HASI,HA Sustainable Infrastructure,41.045,38.685,34.592,32.721,78.256,-6.99,23.0258729,44.12966348,6.100555771,11.83221554,5.718040402,True,True,True,True,True
US.HBCP,HBCP,Home Bancorp,63.17,61.693,58.688,57.396,34.563,-4.047,46.94455385,65.83431472,2.394112784,5.120297165,2.251027946,True,True,True,True,True
US.HBIS,HBIS,HOME BISTRO INC,0,0,0,0,19900,0,0,0,,,,True,True,True,True,True
US.HBM,HBM,Hudbay Minerals,27.475,22.765,21.064,18.905,242.047,-4.37,8.032521846,28.73052389,20.68965517,8.07538929,11.42025919,True,True,True,True,True
US.HBNC,HBNC,哈里逊合众银行,17.94,17.119,16.882,16.568,30.083,-5.019,13.79119485,18.88798812,4.795840879,1.403862102,1.895219701,True,True,True,True,True
US.HBSI,HBSI,HIGHLANDS BANKSHARES INC (WV),45.5,42.723,35.509,33.939,44.124,0,31.57003691,45.5,6.500011703,20.31597623,4.625946551,True,True,True,True,True
US.HCBC,HCBC,HIGH COUNTRY BANCORP INC,38.15,36.151,33.21,31.906,39.607,-2.617,27.32670998,39.17521539,5.529584244,8.855766335,4.087005579,True,True,True,True,True
US.HCBN,HCBN,HCB FINANCIAL CORPORATION,69.1,55.94,41.931,38.974,115.939,-4.027,31.99977772,71.9994165,23.52520558,33.40964919,7.587109355,True,True,True,True,True
US.HCKG,HCKG,HOCKING VALLEY BANCSHARES INC,28.95,27.551,22.688,21.502,43.889,-3.144,20.11967558,29.88973321,5.077855613,21.43423836,5.515765975,True,True,True,True,True
US.HCSG,HCSG,Healthcare Services Group,21.53,20.206,19.307,18.347,70.063,-11.726,12.66001423,24.3899676,6.552509156,4.656342259,5.232463073,True,True,True,True,True
US.HCXLY,HCXLY,HISCOX UNSP ADR EACH REP 2 ORD,45,42.823,39.112,38.123,53.209,-5.646,29.37164266,47.69273163,5.083716694,9.488136633,2.594234452,True,True,True,True,True
US.HDUP,HDUP,HEADSUP ENTERTAINMENT INTL INC,0.021,0.007,0.006,0.006,494.285,-5.239,0.003533658093,0.02216101561,200,16.66666667,0,True,True,True,True,True
US.HFBA,HFBA,HFB FINANCIAL CORP,33.75,29.886,27.626,27.309,43.963,-0.937,23.44352368,34.06922867,12.9291307,8.180699341,1.160789483,True,True,True,True,True
US.HFBL,HFBL,Home Federal Bancorp,19.75,18.333,17.173,16.17,65.917,-2.709,11.90354213,20.29992497,7.729231441,6.754789495,6.202844774,True,True,True,True,True
US.HG,HG,Hamilton Insurance,31.06,30.39,27.073,25.837,63.004,-7.874,19.05474712,33.71469509,2.20467259,12.25205925,4.783837133,True,True,True,True,True
US.HGKGY,HGKGY,电能实业(ADR),8.56,8.102,7.399,7.152,49.629,-0.395,5.720816152,8.593946087,5.652925204,9.501283957,3.453579418,True,True,True,True,True
US.HHULY,HHULY,HAMBURGER HAFEN UND LOGISTIK AG UNSPON ADR EA REPR 0.5 ORD SHS,12.21,11.57,9.795,9.552,60.622,-3.82,7.601698397,12.69494697,5.531547105,18.12149056,2.543969849,True,True,True,True,True
US.HIMX,HIMX,奇景光电,20.35,10.848,9.114,8.908,197.08,-6.651,6.850006732,21.79991216,87.59218289,19.02567479,2.312528065,True,True,True,True,True
US.HLDCY,HLDCY,恒基地产(ADR),4.324,3.953,3.856,3.751,56.047,-3.701,2.770960031,4.490181622,9.385277005,2.515560166,2.799253532,True,True,True,True,True
US.HLFN,HLFN,HOME LOAN FINANCIAL CORP,43,39.985,34.546,33.216,40.68,-5.805,30.56582314,45.64998142,7.540327623,15.74422509,4.004094412,True,True,True,True,True
US.HLIO,HLIO,Helios Technologies,77.66,67.647,62.355,59.574,171.758,-2.925,28.57689562,80,14.80183896,8.486889584,4.668143821,True,True,True,True,True
US.HLIT,HLIT,谐波,13.39,10.299,10.163,10.025,71.666,-12.995,7.800030291,15.38992012,30.01262258,1.338187543,1.376558603,True,True,True,True,True
US.HLT,HLT,希尔顿酒店,315.78,313.105,295.545,288.589,30.992,-8.403,241.0681568,344.7492822,0.8543459862,5.941565582,2.410348281,True,True,True,True,True
US.HLX,HLX,螺旋能源,10.11,9.652,8.052,7.607,83.152,-5.953,5.520005242,10.74994418,4.745130543,19.87083954,5.849875115,True,True,True,True,True
US.HMLN,HMLN,HAMLIN BANK & TRUST CO (PA),225.01,221.087,201.582,196.615,38.892,-10.71,162.0035711,251.999104,1.774414597,9.675963132,2.526256898,True,True,True,True,True
US.HNGKY,HNGKY,HONGKONG LAND HOLDINGS LTD UNSPON ADR EA REP 5 USD0.10,41.968,40.554,37.083,35.578,73.458,-8.367,24.19490597,45.80009385,3.486709079,9.360084136,4.230142223,True,True,True,True,True
US.HNLGY,HNLGY,恒隆集团(ADR),10.42,9.994,8.651,8.018,66.734,-7.316,6.249475212,11.2425014,4.262557535,15.52421685,7.894736842,True,True,True,True,True
US.HNTIY,HNTIY,HUNTING UNSP ADR EACH REP 1 ORD SHS,6.868,5.404,4.265,4.003,131.282,-6.68,2.969535027,7.359622803,27.09104367,26.70574443,6.545091182,True,True,True,True,True
US.HOFT,HOFT,胡克家具,13.01,12.82,11.846,11.33,55.059,-17.914,8.390354639,15.84923129,1.482059282,8.222184704,4.554280671,True,True,True,True,True
US.HOPE,HOPE,Hope Bancorp,12.06,11.672,11.192,10.974,32.489,-6.325,9.102642484,12.87429944,3.324194654,4.288777698,1.986513578,True,True,True,True,True
US.HOVNP,HOVNP,HOVNANIAN ENTERPRISES INC PRF STK SERIES 'A' USD25.00,20.95,20.632,20.039,19.732,43.778,-4.338,14.57107485,21.900023,1.541295076,2.959229502,1.555848368,True,True,True,True,True
US.HP,HP,赫尔默里奇和佩恩材料,39.35,36.566,31.777,28.691,176.904,-5.59,14.21070118,41.67990679,7.613630148,15.07064858,10.7559862,True,True,True,True,True
US.HPE,HPE,慧与科技,33.905,25.679,23.64,23.384,104.177,-2.276,16.60569016,34.69465024,32.03395771,8.625211506,1.094765652,True,True,True,True,True
US.HPE.PRC,HPE.PRC,HEWLETT PACKARD ENTERPRISE CO 7.625% SERIES C MAN CONV PREF 01/09/2027,88.56,69.603,64.782,64.198,82.676,-3.265,48.47927478,91.54907738,27.235895,7.441882004,0.90968566,True,True,True,True,True
US.HQI,HQI,HireQuest,13.179,10.8,10.062,9.934,79.495,0,7.342265801,13.179,22.02777778,7.334525939,1.288504127,True,True,True,True,True
US.HR,HR,医疗保健房地产信托,20.405,18.13,17.484,17.28,52.646,-0.609,13.3675301,20.53002787,12.54826255,3.69480668,1.180555556,True,True,True,True,True
US.HRBK,HRBK,HARBOR BANKSHARES CORP,20.63,18.49,17.106,15.524,47.642,-1.388,13.97298872,20.9203748,11.57382369,8.090728399,10.19067251,True,True,True,True,True
US.HRBR,HRBR,HARBOR DIVERSIFIED INC,1.675,1.519,1.266,1.074,2691.666,-4.285,0.06000001433,1.74998694,10.26991442,19.98420221,17.87709497,True,True,True,True,True
US.HRGG,HRGG,HERITAGE NOLA BANCORP INC,18.922,18.159,16.721,15.877,44.332,-0.983,13.11005182,19.10984982,4.201773225,8.599964117,5.315865718,True,True,True,True,True
US.HSBC,HSBC,汇丰控股,90.935,86.273,79.067,75.372,63.175,-2.199,55.72851233,92.97962189,5.403776384,9.113789571,4.902351006,True,True,True,True,True
US.HSHP,HSHP,喜玛拉雅航运,16.16,13.782,10.801,9.939,223.564,-3.175,4.994375147,16.68990447,17.25438978,27.59929636,8.672904719,True,True,True,True,True
US.HST,HST,美国豪斯特酒店,21.697,20.069,18.478,17.878,58.41,-3.096,13.69673632,22.39020061,8.112013553,8.610239203,3.356080098,True,True,True,True,True
US.HTB,HTB,HomeTrust Bancshares,45.92,43.93,42.629,41.974,34.152,-3.015,34.22982885,47.34752797,4.529933986,3.051913017,1.560489827,True,True,True,True,True
US.HTCMY,HTCMY,日立建机(ADR),73.48,72.39,66.235,64.878,31.396,-15.579,55.92255472,87.03995451,1.505732836,9.292670038,2.091618114,True,True,True,True,True
US.HTH,HTH,希尔托普控股,36.96,36.472,35.318,34.659,30.571,-7.577,28.30643864,39.99004577,1.338012722,3.267455688,1.901382036,True,True,True,True,True
US.HTLD,HTLD,哈特兰快递,12.96,11.252,9.971,9.552,86.051,-6.896,6.965831949,13.91991751,15.17952364,12.84725705,4.386515913,True,True,True,True,True
US.HUHU,HUHU,虎虎科技,9.3,8.791,8.396,7.877,106.666,-23.77,4.500014516,12.19992129,5.790012513,4.704621248,6.588802844,True,True,True,True,True
US.HUN,HUN,亨斯迈,14.485,13.175,11.267,10.884,101.589,-8.87,7.185411902,15.89487545,9.943074004,16.93441022,3.518926865,True,True,True,True,True
US.HUT,HUT,Hut 8,108.56,66.957,55.207,48.633,636.314,-3.295,14.74370988,112.2589318,62.13390684,21.28353289,13.51757037,True,True,True,True,True
US.HWBK,HWBK,Hawthorn Bancshares,36.45,34.017,33.044,32.371,37.178,-2.278,26.5713161,37.29968687,7.1523062,2.94455877,2.079021346,True,True,True,True,True
US.HWM,HWM,Howmet Aerospace,271.19,246.603,223.713,213.397,69.865,-3.359,159.6503105,280.6158877,9.970276112,10.23185957,4.834182299,True,True,True,True,True
US.HXL,HXL,赫氏,92.51,85.977,79.885,75.441,84.738,-5.667,50.07632431,98.06748434,7.598543797,7.625962321,5.890696041,True,True,True,True,True
US.HYLN,HYLN,Hyliion,3.565,2.029,2.025,1.963,221.171,-6.43,1.110000592,3.809981832,75.70231641,0.1975308642,3.158430973,True,True,True,True,True
US.HZO,HZO,海上麦斯服务,34.09,28.413,26.906,26.562,66.13,-1.502,20.52007464,34.60983979,19.98029071,5.600981194,1.295083202,True,True,True,True,True
US.IBIDY,IBIDY,IBIDEN CO LTD UNSP ADR 4 REP 1 ORD SHS,26.04,17.005,10.841,9.399,795.614,-13.2,2.907502562,30,53.13143193,56.85822341,15.34205767,True,True,True,True,True
US.IBKR,IBKR,盈透证券,88.12,74.039,70.897,69.301,79.93,-0.316,48.97460123,88.39934192,19.01835519,4.431781317,2.302997071,True,True,True,True,True
US.ICCC,ICCC,伊芙美尔医疗,8.435,7.292,6.477,6.415,86.615,-7.103,4.520001072,9.07994876,15.67471201,12.58298595,0.9664848012,True,True,True,True,True
US.ICHR,ICHR,Ichor Holdings,74.015,57.168,36.23,31.617,464.138,-5.108,13.12001673,77.99919909,29.46928352,57.79188518,14.59025208,True,True,True,True,True
US.ICR.PRA,ICR.PRA,INPOINT COML REAL ESTATE INCOME INC CUM RED PFD STOCK SER A,21.9,21.131,20.511,19.936,35.888,-1.597,16.11621335,22.25541904,3.639203067,3.022768271,2.884229535,True,True,True,True,True
US.IDCBY,IDCBY,工商银行(ADR),17.92,16.997,15.959,15.536,41.026,-1.722,12.70687675,18.2339893,5.430370065,6.504166928,2.722708548,True,True,True,True,True
US.IESC,IESC,IES Holdings,697.7,536.186,463.388,437.845,195.648,-0.357,235.9900963,700.199713,30.12275591,15.70994501,5.833799632,True,True,True,True,True
US.IESFY,IESFY,INTERCONEXION ELECTRICA SA I.S.A SPON ADR EA REP 25 COM COP32.8,193.932,188.99,167.868,154.105,111.114,-22.14,91.86126927,249.077832,2.614953172,12.5825053,8.930923721,True,True,True,True,True
US.IEX,IEX,IDEX Corp,210.33,200.577,188.914,182.125,34.82,-6.037,156.0080107,223.8434277,4.862471769,6.173708672,3.727659574,True,True,True,True,True
US.IFF,IFF,国际香料香精,76.84,72.243,69.759,68.284,31.5,-8.473,58.43346008,83.95336895,6.363246266,3.560830861,2.160096069,True,True,True,True,True
US.IFNNY,IFNNY,英飞凌科技(ADR),78.71,54.633,47.783,45.748,120.984,-1.6,35.61796329,79.9898374,44.07043362,14.33564238,4.448281892,True,True,True,True,True
US.IFRX,IFRX,InflaRx,2.395,1.395,1.203,1.2,236.707,-18.783,0.7113009234,2.948890011,71.68458781,15.96009975,0.25,True,True,True,True,True
US.IGEX,IGEX,INDO GLOBAL EXCHANGES PTE LTD,0.001,0.001,0,0,200,-25,0.0003333333333,0.001333333333,0,,,True,True,True,True,True
US.IGGHY,IGGHY,IG GROUP HLDGS SPON ADR EA REPR 1 ORD,21,19.457,16.094,15.053,60.789,0,13.06059494,21,7.930307858,20.89598608,6.915565004,True,True,True,True,True
US.IHG,IHG,洲际酒店,150.45,138.299,135.087,131.183,38.928,-0.752,108.2935045,151.5899565,8.786036052,2.377726946,2.975995365,True,True,True,True,True
US.IHS,IHS,IHS Holding,8.235,8.22,7.627,7.453,61.47,-7.988,5.100018579,8.949919576,0.1824817518,7.775009833,2.33463035,True,True,True,True,True
US.IIPR,IIPR,"Innovative Industrial Properties, Inc.",54.77,52.517,49.236,49.139,34.665,-10.79,40.67129544,61.3944625,4.290039416,6.663823219,0.1973992145,True,True,True,True,True
US.IKT,IKT,Inhibikase Therapeutics,1.875,1.836,1.717,1.703,40.977,-17.035,1.330004185,2.259989152,2.124183007,6.930693069,0.8220786847,True,True,True,True,True
US.ILKAY,ILKAY,ILUKA RESOURCES UNSP ADR EACH REPR 5  SHS,30.75,25.348,22.657,22.121,170.656,-13.635,11.36128517,35.60470098,21.31134606,11.87712407,2.423036933,True,True,True,True,True
US.ILMN,ILMN,Illumina,144.27,128.704,126.847,119.787,83.666,-7.239,78.55019437,155.5287244,12.0944182,1.463968403,5.893794819,True,True,True,True,True
US.ILPT,ILPT,Industrial Logistics Properties Trust,7.92,6.484,5.845,5.829,172.45,-4.578,2.906955405,8.299972753,22.14682295,10.93242087,0.2744896209,True,True,True,True,True
US.IMMX,IMMX,Immix Biopharma,10.3,9.556,6.638,5.541,450.802,-11.282,1.870000472,11.60981988,7.785684387,43.9590238,19.79787042,True,True,True,True,True
US.IMNM,IMNM,Immunome,22.05,22.028,20.747,18.16,185.067,-20.253,7.735023696,27.64994294,0.09987288905,6.174386658,14.24559471,True,True,True,True,True
US.IMO,IMO,帝国石油,132.735,126.973,106.845,101.896,94.938,-1.172,68.09088018,134.3091027,4.53797264,18.83850438,4.856912931,True,True,True,True,True
US.IMOS,IMOS,南茂科技,53.69,43.199,34.735,30.478,256.507,-12.371,15.06001285,61.269671,24.28528438,24.36735281,13.96745193,True,True,True,True,True
US.IMRSQ,IMRSQ,Imris Inc,0,0,0,0,8300,0,0,0,,,,True,True,True,True,True
US.IMTX,IMTX,Immatics,11.11,10.497,10.185,9.287,140.216,-10.475,4.625004163,12.40994136,5.839763742,3.063328424,9.669430387,True,True,True,True,True
US.IMVT,IMVT,Immunovant,28.75,26.362,25.029,22.701,108.484,-4.675,13.79002705,30.15997902,9.058493286,5.325822046,10.25505484,True,True,True,True,True
US.INBX,INBX,Inhibrx Biosciences,118.535,89.384,79.159,66.134,875.596,-23.668,12.15000882,155.2887387,32.61321937,12.91704039,19.69486195,True,True,True,True,True
US.INDB,INDB,美国独立银行,77.235,76.817,74.852,72.926,40.19,-10.446,55.09308795,86.24405387,0.5441503834,2.625180356,2.641033376,True,True,True,True,True
US.INDV,INDV,Indivior,37.945,33.117,32.666,30.308,242.928,-7.451,11.0650049,40.99990275,14.57861521,1.380640421,7.78012406,True,True,True,True,True
US.INFT,INFT,INFINITY BANCORP,29.9,14.399,10.868,10.41,240.493,0,8.781384639,29.9,107.6533093,32.48987854,4.399615754,True,True,True,True,True
US.ING,ING,荷兰国际集团,30.125,27.111,26.575,25.87,55.938,-1.229,19.31857533,30.49984307,11.11725868,2.016933208,2.725164283,True,True,True,True,True
US.INGM,INGM,英迈科技,26.2,25.827,22.874,22.153,46.947,-16.246,17.8295576,31.28208802,1.444225036,12.90985398,3.254638198,True,True,True,True,True
US.INPOY,INPOY,INPOST S.A. UNSPON ADR EACH REP 0.5 ORD SHS,8.825,8.728,7.509,7.347,67.14,-3.762,5.280004786,9.169974438,1.11136572,16.23385271,2.204981625,True,True,True,True,True
US.INSW,INSW,International Seaways,85.86,76.029,60.381,55.922,161.183,-7.338,32.87350249,92.65934256,12.93059227,25.91543698,7.973606094,True,True,True,True,True
US.INTC,INTC,英特尔,116.18,68.248,50.336,44.347,512.681,-12.47,18.96255964,132.7316349,70.23209471,35.58486968,13.5048594,True,True,True,True,True
US.INTG,INTG,The Intergroup,38.87,37.149,32.889,28.677,306.165,-11.326,9.570002339,43.83472044,4.632695362,12.95265894,14.68772884,True,True,True,True,True
US.INTT,INTT,inTEST,19.6,15.655,10.954,10.059,247.694,-2,5.637140704,20,25.19961674,42.91582983,8.897504722,True,True,True,True,True
US.INVA,INVA,Innoviva,23.01,22.939,21.214,20.749,39.285,-8.49,16.52008472,25.14479292,0.3095165439,8.131422645,2.241071859,True,True,True,True,True
US.INVE,INVE,单片机微系统,4.01,3.946,3.646,3.644,31.493,-23.584,3.049591993,5.247592127,1.62189559,8.228195283,0.05488474204,True,True,True,True,True
US.INVUP,INVUP,INVESTVIEW INC 13% PREFERRED STOCK SERIES B,25.88,25.202,22.342,17.619,65.579,-0.384,15.63000139,25.97976229,2.690262678,12.8010026,26.80628867,True,True,True,True,True
US.INVX,INVX,Innovex International,27.74,26.065,23.868,22.174,106.398,-5.902,13.44005271,29.47990393,6.426242087,9.204793028,7.639577884,True,True,True,True,True
US.IPI,IPI,Intrepid Potash,42.98,40.577,33.058,32.214,90.598,-14.62,22.55007922,50.339658,5.922074081,22.74487265,2.619978891,True,True,True,True,True
US.IPSC,IPSC,Century Therapeutics,2.37,2.336,1.57,1.307,444.827,-22.039,0.435000468,3.039981529,1.455479452,48.78980892,20.12241775,True,True,True,True,True
US.IPSEY,IPSEY,IPSEN SA SPONS ADR EA REPR 0.25 ORD,48.86,47.242,40.984,39.03,73.178,-4.383,28.21374539,51.09969984,3.424918505,15.26937341,5.006405329,True,True,True,True,True
US.IRDM,IRDM,铱星通讯,43.65,33.715,23.762,23.149,182.995,-2.14,15.42430078,44.60453709,29.46759603,41.88620486,2.648062551,True,True,True,True,True
US.IRM,IRM,铁山,127.78,112.45,99.698,98.276,65.644,-4.705,77.14133926,134.0888819,13.63272566,12.7906277,1.446945338,True,True,True,True,True
US.IRRX,IRRX,Integrated Rail and Resources Acquisition Corp.(已退市),15,11.987,11.266,11.209,197.029,-11.816,5.050011952,17.00988842,25.13556353,6.39978697,0.5085199393,True,True,True,True,True
US.ISDAY,ISDAY,ISRAEL DISCOUNT BANK UNSP ADR EACH REPR 10 ORD,125.75,124.919,110.078,104.991,72.372,-6.169,72.95268373,134.0175422,0.6652310697,13.48225804,4.845177206,True,True,True,True,True
US.ISOU,ISOU,IsoEnergy,11.93,11.221,10.294,9.823,100.841,-12.15,5.940022207,13.57996585,6.318509937,9.005245774,4.794869185,True,True,True,True,True
US.ISTR,ISTR,Investar Holding,27.86,27.681,26.636,25.578,58.643,-11.946,17.56144299,31.63967565,0.6466529388,3.923261751,4.136367191,True,True,True,True,True
US.ITAYY,ITAYY,INDO TAMBANGRAYA MEGAH TBK UNSP ADR EA REPR 2 ORD SHS,2.9,2.881,2.7,2.692,32.283,-19.181,2.192269604,3.588265136,0.6594932315,6.703703704,0.2971768202,True,True,True,True,True
US.ITCFY,ITCFY,INVESTEC LIMITED UNSP ADR EACH REP 2 SHS,18.15,15.386,15.235,14.96,34.451,0,13.49934177,18.15,17.96438321,0.9911388251,1.838235294,True,True,True,True,True
US.ITOCY,ITOCY,伊藤忠商事(ADR),13.04,12.706,12.583,12.258,30.687,-13.642,9.978039132,15.09993284,2.628679364,0.977509338,2.651329744,True,True,True,True,True
US.ITRN,ITRN,Ituran定位和控制,58.91,53.308,44.869,42.394,90.488,-5.456,30.9258326,62.30961246,10.50874165,18.80808576,5.838090296,True,True,True,True,True
US.ITT,ITT,ITT Inc,203.07,202.111,189.889,185.416,40.821,-9.85,144.2043445,225.2579035,0.4744917397,6.436391787,2.412413168,True,True,True,True,True
US.ITVPY,ITVPY,ITV UNSP ADR EACH REPR 10 ORD,11.05,10.413,10.234,10.229,33.301,-3.996,8.289510206,11.50993709,6.117353308,1.749071722,0.04888063349,True,True,True,True,True
US.IVR,IVR,景顺抵押资本,8.16,8.036,7.772,7.484,38.218,-9.019,5.903717316,8.968905596,1.543056247,3.396809058,3.848209514,True,True,True,True,True
US.IVST,IVST,INNOVEST GLOBAL INC,0,0,0,0,19900,0,0,0,,,,True,True,True,True,True
US.IX,IX,欧力士,37.04,31.651,29.88,28.726,86.215,-3.941,19.89098623,38.55963522,17.02631828,5.927041499,4.017266588,True,True,True,True,True
US.JAKK,JAKK,杰克仕太平洋,21.587,21.312,18.903,18.497,49.089,-11.707,14.47927077,24.44927684,1.290352853,12.74400889,2.194950533,True,True,True,True,True
US.JANL,JANL,JANEL CORP,48.01,43.363,39.929,39.711,128.619,-9.415,21.00000437,52.9999448,10.71650947,8.600265471,0.5489662814,True,True,True,True,True
US.JAPAY,JAPAY,日本烟草(ADR),19.74,18.538,18.29,17.726,40.798,-4.526,14.02008551,20.67578608,6.483978854,1.355932203,3.181766896,True,True,True,True,True
US.JAZZ,JAZZ,爵士制药,230.37,197.067,173.411,161.251,119.5,-1.925,104.952164,234.8916645,16.89932865,13.64157983,7.541038505,True,True,True,True,True
US.JBAXY,JBAXY,JULIUS BAER GRUPPE AG UNSP ADR EACH REP 0.2 ORD SHS,17.475,15.316,14.879,14.532,46.685,-0.597,11.91328357,17.57995232,14.09636981,2.937025338,2.387833746,True,True,True,True,True
US.JBHT,JBHT,JB亨特运输服务,252.648,226.005,202.978,187.08,95.424,-1.754,129.2819715,257.1585612,11.78867724,11.34457922,8.497968783,True,True,True,True,True
US.JBIO,JBIO,Jade Biosciences,24.32,19.081,15.134,13.292,270.449,-13.142,6.565006249,27.99972369,27.45663225,26.08034888,13.85795967,True,True,True,True,True
US.JBL,JBL,捷普科技,352.795,299.347,252.139,242.721,118.657,-5.256,161.3463095,372.3665879,17.85486409,18.72300596,3.880175181,True,True,True,True,True
US.JBTC,JBTC,JBT BANCORP INC,36.13,35.245,30.475,29.497,55.786,-2.351,23.19207117,36.99986687,2.510994467,15.65217391,3.315591416,True,True,True,True,True
US.JCI,JCI,江森自控,145.475,137.633,125.855,120.869,53.617,-1.252,94.69980536,147.3194394,5.697761438,9.358388622,4.125127204,True,True,True,True,True
US.JDVB,JDVB,JD BANCSHARES INC,33.9,32.444,28.134,26.773,39.369,-1.887,24.32391708,34.55199617,4.487732709,15.31954219,5.083479625,True,True,True,True,True
US.JFBC,JFBC,JEFFERSONVILLE BANCORP,28.09,26.829,23.575,22.786,50.681,-1.438,18.64203184,28.49982752,4.70013791,13.80275716,3.462652506,True,True,True,True,True
US.JFWV,JFWV,JSB FINANCIAL INC,124,118.845,103.42,98.489,44.539,-4.615,85.7899944,129.9994758,4.337582566,14.91491008,5.006650489,True,True,True,True,True
US.JGCCY,JGCCY,日挥控股(ADR),31.86,27.792,22.889,20.975,125.794,0,14.11020665,31.86,14.6373057,21.4207698,9.125148987,True,True,True,True,True
US.JHG,JHG,骏利亨德森集团,51.705,51.398,47.808,46.77,48.125,-3.822,34.90632911,53.75969556,0.5972995058,7.509203481,2.219371392,True,True,True,True,True
US.JMSB,JMSB,John Marshall Bancorp,20.995,20.446,19.973,19.853,32.276,-4.581,15.87211588,22.00295539,2.685121784,2.368197066,0.6044426535,True,True,True,True,True
US.JPDYY,JPDYY,Japan Display(ADR),5.71,3.159,1.863,1.708,454.368,-19.236,1.030001732,7.069981675,80.75340298,69.56521739,9.074941452,True,True,True,True,True
US.JPPTY,JPPTY,JAPAN POST BANK CO LTD UNSP ADR EA REPR 1 ORD,17.94,17.002,14.757,13.613,98.232,-21.281,9.050002018,22.78992365,5.516998,15.2131192,8.403731727,True,True,True,True,True
US.JTNB,JTNB,JTNB BANCORP INC,20,19.596,15.782,14.459,55.637,-12.816,12.85041475,22.93998899,2.061645234,24.16677227,9.150010374,True,True,True,True,True
US.JXHLY,JXHLY,ENEOS控股(ADR),17.65,17.631,15.784,14.665,100.622,-14.247,8.797639342,20.5823703,0.1077647326,11.70172326,7.630412547,True,True,True,True,True
US.JXN,JXN,Jackson Financial,111.83,107.971,105.668,102.89,46.969,-8.745,76.09087631,122.5467098,3.574107862,2.179467767,2.699970843,True,True,True,True,True
US.KALU,KALU,凯撒铝业,179.23,143.196,121.038,109.512,170.088,-2.06,66.35985308,182.9997958,25.16411073,18.3066475,10.52487399,True,True,True,True,True
US.KALV,KALV,KalVista Pharmaceuticals,26.76,20.537,16.39,15.593,172.227,-0.335,9.830031555,26.84994732,30.30140722,25.30201342,5.111267877,True,True,True,True,True
US.KB,KB,韩国国民银行,105.96,104.849,95,91.22,61.013,-10.663,65.80835088,118.6070721,1.059619071,10.36736842,4.143828108,True,True,True,True,True
US.KBCSY,KBCSY,KBC GROEP NV UNSP ADR EA REPR 0.50 ORD SHS,65.72,64.699,64.52,62.883,37.681,-10.121,47.73352895,73.12052871,1.578076941,0.277433354,2.603247301,True,True,True,True,True
US.KBDCY,KBDCY,建滔化工(ADR),36.8,13.708,11.705,11.661,252.513,0,10.43933132,36.8,168.4563758,17.11234515,0.3773261298,True,True,True,True,True
US.KBLB,KBLB,KRAIG BIOCRAFT LABORATORIES INC,0.142,0.133,0.104,0.1,97.625,-11.562,0.07185325743,0.1605644632,6.766917293,27.88461538,4,True,True,True,True,True
US.KEGX,KEGX,KEY ENERGY SVCS,2.5,2.162,1.393,1.224,2400,-1.185,0.1,2.529980266,15.63367253,55.2045944,13.80718954,True,True,True,True,True
US.KEN,KEN,Kenon,91.5,82.89,68.643,62.162,192.214,-4.618,31.31266811,95.93004969,10.38726022,20.75521175,10.42598372,True,True,True,True,True
US.KEWL,KEWL,KEWEENAW LAND ASSOCIATIN,55.25,51.21,42.09,40.264,97.321,-0.45,28.00006081,55.49974887,7.889084163,21.6678546,4.535068548,True,True,True,True,True
US.KEX,KEX,卡比海运,147.23,138.733,121.385,114.009,85.16,-6.633,79.51501404,157.6895477,6.124714379,14.29171644,6.469664676,True,True,True,True,True
US.KEY,KEY,KeyCorp,21.175,20.789,20.004,19.526,44.922,-8.397,14.61130815,23.11605515,1.856751166,3.924215157,2.448018027,True,True,True,True,True
US.KEYS,KEYS,Keysight Technologies,360.57,316.739,243.787,224.911,135.903,-2.594,152.8467209,370.1722686,13.83820748,29.92448326,8.392653094,True,True,True,True,True
US.KFRC,KFRC,K力,39.845,32.54,30.73,30.656,67.265,-16.115,23.82148088,47.49955296,22.44929318,5.890009762,0.241388309,True,True,True,True,True
US.KGS,KGS,Kodiak Gas Services,74.25,62.274,46.728,43.461,152.786,-3.169,29.37267095,76.67998885,19.2311398,33.269132,7.517084282,True,True,True,True,True
US.KGTFY,KGTFY,KRUNG THAI BANK PUBLIC CO LTD UNSP ADR EA REPR 20 ORD SHS,20.99,15.734,12.1,11.529,105.487,0,10.21475811,20.99,33.40536418,30.03305785,4.952727904,True,True,True,True,True
US.KISB,KISB,KISH BANCORP INC,61.601,51.708,43.344,40.773,94.915,-2.22,31.60403253,62.99959092,19.13243599,19.29678848,6.305643441,True,True,True,True,True
US.KLAC,KLAC,科磊,1892.46,1645.645,1413.378,1299.09,156.905,-2.418,736.6380569,1939.353569,14.99807067,16.43346649,8.797542895,True,True,True,True,True
US.KLIB,KLIB,KILLBUCK BANCSHARES INC,159.97,147.35,126.832,124.277,39.416,-3.048,114.7429276,164.9991748,8.564642009,16.17730541,2.055891275,True,True,True,True,True
US.KLIC,KLIC,库力索法半导体,103.92,77.187,59.543,54.071,239.202,-2.887,30.63661181,107.0093602,34.6340705,29.63236653,10.12002737,True,True,True,True,True
US.KLXE,KLXE,Klx Energy Services,4.19,2.941,2.328,2.212,186.986,-6.888,1.460001533,4.499957041,42.46854811,26.33161512,5.244122966,True,True,True,True,True
US.KMI,KMI,金德尔摩根,33.435,32.446,29.346,28.633,33.91,-2.829,24.96826227,34.40841403,3.048141527,10.56362025,2.490133762,True,True,True,True,True
US.KN,KN,Knowles,35.67,28.679,25.427,24.492,121.69,-3.802,16.09003564,37.07977297,24.37672164,12.78955441,3.817573085,True,True,True,True,True
US.KNOP,KNOP,KNOT Offshore,10.975,10.371,10.137,9.588,80.644,-4.978,6.075485485,11.54995685,5.823932118,2.308375259,5.725907384,True,True,True,True,True
US.KNRRY,KNRRY,KNORR BREMSE,30.279,28.905,27.462,26.727,36.532,-9.058,22.17721853,33.29484727,4.753502854,5.254533537,2.750028062,True,True,True,True,True
US.KNSA,KNSA,Kiniksa Pharmaceuticals International,58.81,48.842,44.031,41.764,128.832,-1.77,25.70007691,59.86969358,20.40866467,10.92639277,5.428119912,True,True,True,True,True
US.KNTK,KNTK,Kinetik Holdings,50.71,46.778,40,39.916,67.961,-0.782,30.19153256,51.10967768,8.405660781,16.945,0.210441928,True,True,True,True,True
US.KNX,KNX,Knight-Swift Transportation,67.57,59.896,54.463,51.286,76.136,-0.967,38.36240178,68.22978199,12.81220783,9.975579751,6.19467301,True,True,True,True,True
US.KOD,KOD,Kodiak Sciences,38.3,36.579,27.508,23.283,1076.38,-19.839,3.255750693,47.77884507,4.704885317,32.97586157,18.14628699,True,True,True,True,True
US.KOF,KOF,可口可乐凡萨瓶装,104.91,100.428,96.49,92.731,35.188,-8.861,77.60304169,115.1098871,4.462898793,4.081251943,4.053660588,True,True,True,True,True
US.KOP,KOP,科佩斯控股,42.97,38.804,32.557,31.68,72.753,-7.382,24.87366355,46.39486925,10.7360066,19.18788586,2.768308081,True,True,True,True,True
US.KOPN,KOPN,高平电子,5.42,3.085,2.855,2.702,340.658,-15.967,1.229978804,6.449847084,75.68881686,8.056042032,5.662472243,True,True,True,True,True
US.KORE,KORE,KORE Group,9.165,9.08,6.047,5.126,358.25,-0.598,2,9.220136416,0.936123348,50.1571027,17.96722591,True,True,True,True,True
US.KOS,KOS,Kosmos Energy,2.958,2.754,1.844,1.826,253.785,-10.903,0.8361010218,3.319977104,7.407407407,49.34924078,0.9857612267,True,True,True,True,True
US.KOTMY,KOTMY,小糸制作所(ADR),16.91,15.908,15.449,14.979,45.875,-7.787,11.59211654,18.33797838,6.298717626,2.971066088,3.13772615,True,True,True,True,True
US.KPCPY,KPCPY,KASIKORNBANK PUBLIC COMPANY LIMITED UNSP ADR EA REPR 4 ORD SHS,24.93,23.315,22.771,21.916,51.161,-5.862,16.49234922,26.48239818,6.926871113,2.389003557,3.901259354,True,True,True,True,True
US.KPTI,KPTI,Karyopharm Therapeutics,9.04,7.972,7.197,6.864,147.65,-17.743,3.650312942,10.98994614,13.39688911,10.76837571,4.851398601,True,True,True,True,True
US.KRG,KRG,凯特地产信托,26.37,25.473,23.78,23.15,31.809,-1.897,20.00622112,26.87991193,3.521375574,7.119428091,2.721382289,True,True,True,True,True
US.KRNGY,KRNGY,KAROON ENERGY LTD UNSP ADR EACH REPR 2 ORD SHS,2.64,2.116,1.991,1.918,94.477,-6.114,1.357487004,2.81192084,24.7637051,6.278252135,3.806047967,True,True,True,True,True
US.KRNY,KRNY,卡尼金融储蓄,8.025,7.651,7.303,7.002,48.412,-2.998,5.407244697,8.273025298,4.888249902,4.765165001,4.298771779,True,True,True,True,True
US.KRP,KRP,Kimbell Royalty,15.33,14.609,13.24,13.208,39.05,-2.044,11.02481122,15.64988362,4.935313848,10.33987915,0.2422774076,True,True,True,True,True
US.KRYPY,KRYPY,嘉里建设(ADR),14.858,12.646,11,10.364,72.277,0,8.624482665,14.858,17.49169698,14.96363636,6.136626785,True,True,True,True,True
US.KRYS,KRYS,Krystal Biotech,314.07,267.772,247.909,224.531,155.757,-1.693,122.800158,319.4787757,17.29008261,8.012214159,10.4119253,True,True,True,True,True
US.KSBI,KSBI,KS BANCORP INC,80,66.823,56.934,55.426,70.71,-7.352,46.86310117,86.34832916,19.71925834,17.36923455,2.720744777,True,True,True,True,True
US.KTHN,KTHN,KATAHDIN BANKSHARES CORP,32.87,32.265,28.219,26.818,47.311,0,22.31333709,32.87,1.875096854,14.33785747,5.224103214,True,True,True,True,True
US.KTWIY,KTWIY,栗田工业(ADR),113.23,99.715,91.087,85.971,74.441,-0.369,64.91019886,113.6493662,13.55362784,9.472262782,5.950843889,True,True,True,True,True
US.KUBTY,KUBTY,久保田(ADR),91.46,83.491,78.256,73.997,74.442,-15.287,52.43003405,107.9645391,9.544741349,6.689582907,5.755638742,True,True,True,True,True
US.KVHI,KVHI,KVH通信,10.98,8.994,7.21,6.817,117.857,-4.104,5.040003305,11.44990406,22.08138759,24.74341193,5.764999267,True,True,True,True,True
US.KW,KW,Kennedy-Wilson,11.01,10.857,9.849,9.38,94.566,-0.676,5.658748188,11.08493415,1.409229069,10.23454158,5,True,True,True,True,True
US.KYMR,KYMR,Kymera Therapeutics,84.903,83.522,76.436,68.953,202.574,-17.57,28.06024311,103.0001213,1.653456574,9.270500811,10.8523197,True,True,True,True,True
US.KYOCY,KYOCY,京瓷(ADR),18.796,16.594,15.27,14.792,77.655,-2.712,10.58005685,19.31995724,13.26985657,8.67059594,3.231476474,True,True,True,True,True
US.KYSEY,KYSEY,KYUSHU ELECTRIC POWER CO INC UNSP ADR EACH REPR 1 SH,12,11.428,10.353,10.305,44.752,-14.651,8.290040898,14.05991869,5.005250263,10.38346373,0.4657933042,True,True,True,True,True
US.KYTX,KYTX,Kyverna Therapeutics,10.845,9.038,8.268,7.292,426.456,-20.665,2.060001216,13.66988088,19.99336136,9.31301403,13.38453099,True,True,True,True,True
US.KZIA,KZIA,Kazia Therapeutics,13.74,9.981,8.546,8.355,324.074,-21.034,3.240000566,17.39989363,37.66155696,16.79148139,2.286056254,True,True,True,True,True
US.KZR,KZR,Kezar Life Sciences,7.29,7.129,6.427,5.808,106.316,-3.443,3.533414762,7.549944592,2.25838126,10.92266999,10.6577135,True,True,True,True,True
US.LAMR,LAMR,拉马尔户外广告,148.44,134.582,128.517,126.264,38.28,-6.459,107.3474111,158.6897724,10.29706796,4.719220025,1.784356586,True,True,True,True,True
US.LAR,LAR,Lithium Argentina AG,9.89,8.286,6.683,5.846,478.368,-17.924,1.709983955,12.0498075,19.35795317,23.98623373,14.31748204,True,True,True,True,True
US.LASLY,LASLY,联拓集团,0,0,0,0,9900,0,0,0,,,,True,True,True,True,True
US.LASR,LASR,nLIGHT,80.53,67.711,49.399,43.977,561.709,-7.383,12.17000222,86.94948012,18.9319313,37.06957631,12.32917207,True,True,True,True,True
US.LBRT,LBRT,Liberty Energy,33.32,30.149,23.227,20.255,239.249,-3.358,9.82169439,34.47776329,10.51776178,29.80152409,14.67292027,True,True,True,True,True
US.LCUT,LCUT,生活时光品牌家具,7.33,5.825,4.316,4.197,157.579,-10.032,2.845728883,8.147341277,25.83690987,34.96292864,2.835358589,True,True,True,True,True
US.LEA,LEA,李尔,139.01,124.201,117.928,113.851,65.164,-2.067,84.16483011,141.9439821,11.92341447,5.319347398,3.580996214,True,True,True,True,True
US.LECO,LECO,林肯电气,265.955,258.792,253.187,249.251,42.863,-13.929,186.1608674,308.9948996,2.767859903,2.213778749,1.579131077,True,True,True,True,True
US.LFIN,LFIN,Longfin Corp.,0,0,0,0,9900,0,0,0,,,,True,True,True,True,True
US.LFMDP,LFMDP,LIFEMD INC PFD SER A 8.875%,23.874,23.211,22.426,22.385,35.323,-0.939,17.64223377,24.10030183,2.856404291,3.50040132,0.183158365,True,True,True,True,True
US.LFST,LFST,LifeStance Health,7.827,6.891,6.652,6.276,109.275,-11.958,3.740054952,8.890075191,13.58293426,3.59290439,5.991077119,True,True,True,True,True
US.LFUS,LFUS,美国力特保险丝,456.19,374.638,312.946,298.862,128.63,-5.735,199.5319949,483.9441999,21.76821358,19.71330517,4.712542913,True,True,True,True,True
US.LGND,LGND,Ligand Pharmaceuticals,215.99,215.279,200.891,190.986,118.414,-12.688,98.89018103,247.3772219,0.3302690927,7.162092876,5.186244018,True,True,True,True,True
US.LGRDY,LGRDY,LEGRAND SA UNSPON ADR EACH REPR 0.20 ORD,36.06,33.642,32.402,32.187,53.301,-4.879,23.52235145,37.90960987,7.187444266,3.826924264,0.6679715413,True,True,True,True,True
US.LICH,LICH,LIVECHAIN INC,0.012,0.011,0.008,0.007,1060,-16.546,0.001034482759,0.01437917895,9.090909091,37.5,14.28571429,True,True,True,True,True
US.LINC,LINC,林肯教育服务,51.04,40.994,29.983,27.747,195.199,-4.598,17.29003147,53.49992663,24.50602527,36.72414368,8.05852885,True,True,True,True,True
US.LIND,LIND,Lindblad Expeditions,19.43,18.464,16.044,15.358,97.258,-13.025,9.850044105,22.3397528,5.231802426,15.08352032,4.466727438,True,True,True,True,True
US.LION,LION,Lionsgate Studios,12.715,10.877,8.923,8.317,129.576,-2.152,5.53847092,12.99464476,16.89804174,21.89846464,7.286281111,True,True,True,True,True
US.LITE,LITE,Lumentum,1001.31,812.56,510.975,418.272,1309.501,-7.771,71.04003474,1085.678041,23.22905385,59.02147855,22.16332913,True,True,True,True,True
US.LIVN,LIVN,LivaNova,72.11,63.98,61.95,59.699,75.813,-1.623,41.01516953,73.29965337,12.70709597,3.276836158,3.770582422,True,True,True,True,True
US.LKHLY,LKHLY,中国龙工(ADR),18.15,15.799,11.383,10.493,125.987,-0.765,8.031435437,18.28991787,14.88068865,38.79469384,8.48184504,True,True,True,True,True
US.LMED,LMED,LataMed AI Corp,2.505,1.509,0.911,0.901,585.268,-1.377,0.3655504124,2.539975462,66.00397614,65.64215148,1.109877913,True,True,True,True,True
US.LNKB,LNKB,Linkbancorp(已退市),8.69,8.581,8.08,7.817,36.492,-8.627,6.366673505,9.510468081,1.270248223,6.20049505,3.36446207,True,True,True,True,True
US.LNTH,LNTH,Lantheus,95.57,81.964,69.411,65.948,102.264,-2.747,47.25012854,98.26946212,16.59997072,18.08502975,5.251106933,True,True,True,True,True
US.LOCO,LOCO,El Pollo Loco,13.53,13.44,11.531,11.195,52.536,-14.905,8.870037237,15.89987661,0.6696428571,16.55537247,3.001339884,True,True,True,True,True
US.LOGC,LOGC,ContextLogic,8.65,8.361,7.935,7.872,35.156,-5.361,6.400011838,9.139995139,3.456524339,5.368620038,0.800304878,True,True,True,True,True
US.LONA,LONA,LeonaBio,11.09,9.141,6.412,5.788,344.355,-21.604,2.49575227,14.1461299,21.32151843,42.56082346,10.78092605,True,True,True,True,True
US.LPG,LPG,Dorian LPG,41.02,35.647,30.19,29.932,118.862,-1.417,18.74240389,41.60960815,15.07279715,18.0755217,0.8619537619,True,True,True,True,True
US.LQDA,LQDA,Liquidia,58.97,39.333,34.81,32.224,397.637,-1.288,11.85000311,59.73944404,49.92499936,12.9933927,8.025074479,True,True,True,True,True
US.LQDT,LQDT,Liquidity Services,33.12,32.492,30.086,29.135,52.838,-14.705,21.67000353,38.82994314,1.932783454,7.997075052,3.264115325,True,True,True,True,True
US.LRCX,LRCX,泛林集团,299.46,246.473,205.744,182.476,279.486,-0.841,78.91200202,301.9998185,21.49809513,19.79596003,12.75126592,True,True,True,True,True
US.LRDC,LRDC,LAREDO OIL INC,0.91,0.806,0.721,0.624,408.379,-1.086,0.1790003128,0.9199911034,12.90322581,11.78918169,15.54487179,True,True,True,True,True
US.LSAK,LSAK,Lesaka Technologies,5.21,4.915,4.533,4.522,43.922,-5.956,3.620016398,5.539960019,6.002034588,8.427090227,0.2432551968,True,True,True,True,True
US.LSBK,LSBK,莱克肖尔万通金控,15.8,15.464,14.799,14.264,46.062,-2.398,10.81732415,16.18819286,2.172788412,4.493546861,3.750701066,True,True,True,True,True
US.LSCC,LSCC,莱迪思半导体,125.17,106.115,87.701,82.17,185.375,-3.63,43.86158563,129.8848189,17.95693352,20.99633984,6.731167093,True,True,True,True,True
US.LSRCY,LSRCY,Lasertec半导体(ADR),51.705,49.53,42.028,37.287,173.426,-13.333,18.91005245,59.65938593,4.391278013,17.85000476,12.71488723,True,True,True,True,True
US.LSTR,LSTR,莱帝运输,169.02,166.382,149.423,143.553,44.193,-13.83,117.2178955,196.147151,1.585508048,11.34965835,4.089082081,True,True,True,True,True
US.LTRX,LTRX,创力,6.381,6.045,5.777,5.356,200.99,-22.56,2.120003987,8.239927686,5.558312655,4.639086031,7.86034354,True,True,True,True,True
US.LUCN,LUCN,LUCENT INC,8.69,8.634,8.172,7.448,334.5,-5.543,2,9.199953418,0.6485985638,5.653450808,9.720730397,True,True,True,True,True
US.LUNR,LUNR,Intuitive Machines,36.56,23.27,17.419,15.506,370.179,-1.798,7.775761997,37.22938433,57.11216158,33.58975831,12.33715981,True,True,True,True,True
US.LWLG,LWLG,Lightwave Logic,14.897,10.449,6.291,5.502,1528.118,-20.369,0.9149828207,18.70753852,42.56866686,66.0944206,14.34023991,True,True,True,True,True
US.LXP,LXP,LXP Industrial Trust,51.49,48.882,48.036,46.568,40.89,-2.467,36.54624175,52.79238822,5.335297246,1.761179116,3.152379316,True,True,True,True,True
US.LXRX,LXRX,莱斯康制药,2.321,1.736,1.49,1.414,345.527,-8.252,0.5209560812,2.529755417,33.69815668,16.51006711,5.374823197,True,True,True,True,True
US.LYB,LYB,利安德巴塞尔,73.68,73.464,56.028,54.585,84.511,-12.223,39.93257855,83.93998428,0.2940215616,31.12015421,2.643583402,True,True,True,True,True
US.LYBC,LYBC,LYONS BANCORP INC,52.49,50.808,45.738,43.928,38.079,-0.284,38.01446998,52.63949617,3.310502283,11.08487472,4.120378802,True,True,True,True,True
US.MAC,MAC,马塞里奇房产,22.215,20.39,18.766,18.372,55.679,-1.529,14.26974736,22.55994151,8.950465915,8.653948631,2.144567821,True,True,True,True,True
US.MAKO,MAKO,Mako Mining,7.92,7.186,6.556,6.091,160.529,-9.793,3.039968679,8.779806445,10.21430559,9.609517999,7.634214415,True,True,True,True,True
US.MALRY,MALRY,MINERAL RESOURCES LTD UNSP ADR EA REPR 1 ORD SHS AUD0.00,50.76,42.243,37.291,33.979,324.247,-0.917,11.96472809,51.22977706,20.16192032,13.27934354,9.747196798,True,True,True,True,True
US.MANU,MANU,曼联,19.53,17.473,16.92,16.821,47.73,-1.957,13.22006363,19.91983109,11.77244892,3.268321513,0.5885500268,True,True,True,True,True
US.MAR,MAR,万豪酒店,352.44,343.811,318.05,304.479,39.952,-7.252,251.8291986,379.9974123,2.509809168,8.099669863,4.457121838,True,True,True,True,True
US.MARUY,MARUY,丸红(ADR),374.17,362.379,317.891,296.596,96.931,-12.179,190.0005586,426.0598262,3.253775743,13.99473404,7.179800132,True,True,True,True,True
US.MASI,MASI,麦斯莫医疗,178.37,177.78,155.881,153.561,41.63,-0.351,125.9408317,178.998284,0.3318708516,14.04853703,1.510800268,True,True,True,True,True
US.MATW,MATW,马修国际,27.605,26.319,25.418,24.965,44.545,-9.933,19.0978588,30.64940544,4.886203883,3.54473208,1.814540356,True,True,True,True,True
US.MATX,MATX,Matson,180.375,167.531,140.769,131.48,108.951,-4.874,86.32406641,189.6169291,7.666640801,19.011288,7.064952845,True,True,True,True,True
US.MBBC,MBBC,Marathon Bancorp,15.01,14.151,12.695,12.09,51.615,-4.699,9.90007585,15.75009706,6.070242386,11.46908232,5.004135649,True,True,True,True,True
US.MBIN,MBIN,Merchants Bancorp,45.29,45.115,38.925,37.117,58.865,-9.879,28.50848204,50.25465763,0.387897595,15.90237636,4.871083331,True,True,True,True,True
US.MBINP,MBINP,MERCHANTS BANCORP 7.00% NON CUM PER PREF STK SER A,24.98,24.806,23.784,23.294,59.083,-0.159,15.70249492,25.01978145,0.7014431992,4.297006391,2.103545978,True,True,True,True,True
US.MBKL,MBKL,MBT BANCSHARES INC,26.4,25.685,21.475,20.585,38.084,-3.716,19.11879725,27.4188858,2.78372591,19.60419092,4.323536556,True,True,True,True,True
US.MBX,MBX,MBX Biosciences,35.54,31.36,30.323,26.22,276.882,-22.486,9.43000727,45.84978197,13.32908163,3.419846321,15.64836003,True,True,True,True,True
US.MCARY,MCARY,Mercari软件(ADR),12.255,11.474,9.375,9.054,78.905,-2.35,6.850004192,12.5499232,6.806693394,22.38933333,3.545394301,True,True,True,True,True
US.MCB,MCB,Metropolitan Bank,88.09,85.281,81.496,79.83,42.103,-9.709,61.99024651,97.56232626,3.293816911,4.644399725,2.086934736,True,True,True,True,True
US.MCBS,MCBS,MetroCity Bankshares,31.715,30.108,27.913,27.892,31.562,-5.806,24.10650492,33.66987282,5.33745184,7.863719414,0.07529040585,True,True,True,True,True
US.MCCK,MCCK,MESTEK INC,68.27,67.419,57.538,51.766,109.996,-4.517,32.51014305,71.49963868,1.262255447,17.17299871,11.15017579,True,True,True,True,True
US.MCEM,MCEM,MONARCH CEMENT COMPANY,289.92,258.93,238.78,235.992,43.853,-0.027,201.5390711,289.9982995,11.96848569,8.438730212,1.18139598,True,True,True,True,True
US.MCHP,MCHP,微芯科技,96.01,76.7,70.019,68.613,100.837,-9.347,47.80493634,105.9093466,25.17601043,9.541695825,2.049174355,True,True,True,True,True
US.MCHPP,MCHPP,MICROCHIP TECHNOLOGY DEP SHS REPSTG 1/20TH PFD CONV SER A,81.42,66.578,62.105,61.171,78.665,-7.477,45.57132063,87.99974061,22.29264922,7.202318654,1.526867306,True,True,True,True,True
US.MCW,MCW,Mister Car Wash,7.085,7.009,6.1,5.97,53.687,-7.867,4.610019065,7.689969935,1.08432016,14.90163934,2.177554439,True,True,True,True,True
US.MCY,MCY,默邱利通用,98.77,92.772,89.379,86.251,70.096,-3.516,58.06720911,102.3693048,6.46531281,3.796193737,3.626624619,True,True,True,True,True
US.MD,MD,Pediatrix Medical,23.45,21.576,21.157,19.873,98.057,-6.162,11.84002585,24.98987617,8.685576567,1.980432008,6.461027525,True,True,True,True,True
US.MDU,MDU,MDU Resources,22.535,21.514,20.433,19.444,45.122,-1.936,15.52831411,22.97989068,4.745746955,5.290461508,5.086401975,True,True,True,True,True
US.MDV,MDV,Modiv Industrial,17.85,15.476,14.681,14.521,37.485,-1.108,12.98323453,18.04999393,15.33988111,5.415162455,1.101852489,True,True,True,True,True
US.MDVT,MDVT,MIDDLEBURY NATIONAL CORP,48.68,45.621,42.568,40.082,56.287,-6.491,31.1478242,52.05916008,6.705245391,7.172054125,6.202285315,True,True,True,True,True
US.MEC,MEC,Mayville Engineering,25.595,20.363,18.784,17.691,111.528,-9.06,12.10005295,28.14493072,25.69366007,8.40609029,6.178282743,True,True,True,True,True
US.MEOH,MEOH,梅思恩,62.94,58.878,47.179,44.436,103.036,-5.707,30.99942867,66.74938755,6.899011515,24.79704953,6.172922855,True,True,True,True,True
US.MFBP,MFBP,M & F BANCORP INC,25.1,24.081,20.758,20.094,41.587,-7.002,17.72761624,26.98982774,4.231551846,16.00828596,3.304468996,True,True,True,True,True
US.MFG,MFG,瑞穗金融,8.91,8.279,7.866,7.503,77.792,-13.305,5.011474082,10.27740931,7.621693441,5.250444953,4.838064774,True,True,True,True,True
US.MFGI,MFGI,MERCHANTS FINANCIAL GROUP INC,37,34.367,29.166,27.852,53.224,0,24.14765311,37,7.661419385,17.8324076,4.717794054,True,True,True,True,True
US.MG,MG,Mistras Group,16.93,16.425,13.925,12.775,134.487,-13.427,7.220016461,19.55575064,3.074581431,17.95332136,9.001956947,True,True,True,True,True
US.MGA,MGA,曼格纳国际,63.69,58.417,53.98,51.51,89.019,-7.51,33.69502537,68.86149854,9.026482017,8.219711004,4.795185401,True,True,True,True,True
US.MGLD,MGLD,The Marygold Companies,1.13,1.121,1.053,1.026,76.094,-18.115,0.641702727,1.379984124,0.8028545941,6.457739791,2.631578947,True,True,True,True,True
US.MGNX,MGNX,Macrogenics,4.035,3.133,2.145,2.025,240.506,-6.271,1.185001145,4.304964312,28.79029684,46.06060606,5.925925926,True,True,True,True,True
US.MGRT,MGRT,美华创富,132,67.8,26.774,21.011,8699.413,-22.352,1.500100063,169.9979394,94.69026549,153.2307462,27.42848984,True,True,True,True,True
US.MGTX,MGTX,MeiraGTx Holdings,9.95,8.883,8.302,8.188,106.645,-16.033,4.81502093,11.84989341,12.01170776,6.998313659,1.392281387,True,True,True,True,True
US.MGYOY,MGYOY,MOL HUNGARIAN OIL & GAS PLC SPON ADR EA 0.5 ORD SHS SER 'A',6.39,6.38,5.392,5.125,65.974,-13.531,3.850000603,7.389931652,0.1567398119,18.32344214,5.209756098,True,True,True,True,True
US.MIDD,MIDD,The Middleby,147.29,142.418,141.792,140.13,32.909,-13.072,110.8201852,169.439076,3.420915895,0.4414917626,1.186041533,True,True,True,True,True
US.MIELY,MIELY,三菱电机(ADR),81.628,73.001,64.945,61.212,110.326,-5.083,38.81022793,85.9993468,11.81764633,12.40434214,6.098477423,True,True,True,True,True
US.MINDP,MINDP,"MIND Technology, Inc.",13.3,12.632,11.204,10.958,90,-19.879,7,16.59989266,5.288157061,12.74544805,2.244935207,True,True,True,True,True
US.MIRM,MIRM,Mirum Pharmaceuticals,110.27,95.463,86.381,82.142,157.099,-4.104,42.89009292,114.9891549,15.51072143,10.51388616,5.160575589,True,True,True,True,True
US.MITSY,MITSY,三井物产(ADR),776.36,759.033,647.466,603.711,100.092,-7.077,388.0015193,835.4874466,2.282772949,17.23132952,7.247673142,True,True,True,True,True
US.MKSI,MKSI,MKS仪器,312.33,258.19,207.152,183.104,291.107,-4.438,79.85794169,326.8349344,20.9690538,24.63794701,13.13351975,True,True,True,True,True
US.MLAB,MLAB,Mesa Laboratories,101.94,92.815,85.069,80.6,84.955,-15.945,55.11610932,121.2777348,9.831385013,9.105549613,5.544665012,True,True,True,True,True
US.MLI,MLI,木勒工业,139.655,122.165,116.971,111.418,95.079,-1.31,71.58894602,141.5087648,14.31670282,4.440416855,4.983934373,True,True,True,True,True
US.MLR,MLR,Miller Industries,47.29,46.391,41.975,41.623,41.972,-5.211,33.30938495,49.88975514,1.937875881,10.52054795,0.8456862792,True,True,True,True,True
US.MMSMY,MMSMY,三井金属(ADR),61.14,46.013,32.609,27.028,1047.091,-8.746,5.330004333,66.99980275,32.87549171,41.10521635,20.64895664,True,True,True,True,True
US.MNAT,MNAT,MARQUETTE NATIONAL CORP,32.55,32.229,30.042,28.956,30.186,-1.839,25.00268846,33.15980889,0.9959973937,7.279808268,3.750518027,True,True,True,True,True
US.MNBO,MNBO,MNB HLDGS CORP,55,34.69,28.979,28.063,134.042,-15.384,23.50005555,64.99952728,58.54713174,19.70737431,3.264084382,True,True,True,True,True
US.MNPP,MNPP,MERCHANTS NATIONAL PROPERTIES INC,2135,1972.761,1783.485,1724.866,33.354,-0.668,1601.001845,2149.357709,8.223956171,10.6127049,3.398466895,True,True,True,True,True
US.MNST,MNST,怪物饮料,85.555,76.398,75.922,72.909,47.28,-3.621,58.09003259,88.76933772,11.98591586,0.6269592476,4.132548794,True,True,True,True,True
US.MNTHY,MNTHY,MINTH GRP ADR EA REPR 20 ORD SHS,101.13,93.399,91.789,89.355,105.548,-14.467,49.20018682,118.2350672,8.27739055,1.754022813,2.723966202,True,True,True,True,True
US.MOD,MOD,摩丁制造,292.46,233.559,186.019,174.936,238.163,-0.542,86.48491999,294.0537714,25.21889544,25.55652917,6.335459825,True,True,True,True,True
US.MOG.A,MOG.A,Moog-A,312.11,306.584,273.175,254.156,83.247,-11.798,170.3220244,353.8581892,1.802442398,12.22988927,7.483199295,True,True,True,True,True
US.MOV,MOV,摩凡陀,27.51,25.676,22.436,21.129,96.468,-5.916,14.00228027,29.23982824,7.142857143,14.44107684,6.185810971,True,True,True,True,True
US.MOVE,MOVE,Corvex,21.27,13.043,9.117,8.09,518.515,-17.164,3.438881838,25.67724178,63.07597945,43.06241088,12.6946848,True,True,True,True,True
US.MPC,MPC,马拉松原油,249.8,234.614,202.154,195.583,64.061,-4.514,152.2604397,261.6090317,6.472759511,16.05706541,3.359698951,True,True,True,True,True
US.MPCB,MPCB,MOUNTAIN PACIFIC BANCORP INC,15.5,14.689,12.175,11.692,58.811,-3.125,9.760029217,16,5.521138267,20.64887064,4.131029764,True,True,True,True,True
US.MPFRY,MPFRY,MAPFRE SA UNSP ADR EACH REP 2 ORD,10.42,9.262,8.84,7.797,44.194,0,7.226375577,10.42,12.5026992,4.773755656,13.37693985,True,True,True,True,True
US.MPTI,MPTI,M-tron Industries,78,67.329,60.505,57.235,114.403,-10.581,36.38008797,87.22978338,15.84903979,11.27840674,5.713287324,True,True,True,True,True
US.MPWR,MPWR,Monolithic Power Systems,1614.64,1317.818,1119.368,1052.949,152.88,-3.627,638.5004745,1675.407012,22.52374759,17.72875408,6.307902852,True,True,True,True,True
US.MQBKY,MQBKY,MACQUARIE GROUP LIMITED ADR EACH REPR 1 ORD,178.002,155.306,145.219,144.432,47.669,-0.753,120.5412104,179.3525245,14.61373031,6.946060777,0.5448930985,True,True,True,True,True
US.MRAAY,MRAAY,村田制作所(ADR),20.102,13.872,11.626,10.856,195.62,-2.746,6.799945876,20.66958686,44.9106113,19.31876828,7.092851879,True,True,True,True,True
US.MRAM,MRAM,Everspin Technologies,39.775,14.313,11.722,10.622,624.499,-22.766,5.490000676,51.49933967,177.894222,22.10373656,10.35586519,True,True,True,True,True
US.MRCY,MRCY,Mercury Systems,94.345,81.391,80.881,77.882,114.371,-9.143,44.01015063,103.8389997,15.91576464,0.630556002,3.850697209,True,True,True,True,True
US.MRTN,MRTN,马尔登运输,15.47,13.75,12.274,12.052,67.15,-2.335,9.255160036,15.83986075,12.50909091,12.02541959,1.842017922,True,True,True,True,True
US.MRVI,MRVI,Maravai LifeSciences,4.33,3.454,3.437,3.228,117.336,-13.413,1.992306843,5.00075069,25.36189925,0.4946173989,6.474597274,True,True,True,True,True
US.MRVL,MRVL,迈威尔科技,182.225,126.137,98.494,92.668,211.666,-5.191,58.4680395,192.2022171,44.46593783,28.06566897,6.2869599,True,True,True,True,True
US.MRX,MRX,Marex Group,57.93,46.344,39.92,38.461,109.371,-1.16,27.6685883,58.60987454,25,16.09218437,3.793453108,True,True,True,True,True
US.MS,MS,摩根士丹利,195.215,175.287,172.229,166.275,61.387,-1.156,120.9607961,197.4980778,11.36878377,1.775543027,3.580814915,True,True,True,True,True
US.MSADY,MSADY,MS&AD保险(ADR),27.922,25.701,24.431,24.113,40.665,-1.855,19.84999822,28.44974273,8.641687094,5.198313618,1.318790694,True,True,True,True,True
US.MSBB,MSBB,MERCER BANCORP INC,17.35,16.26,14.944,14.479,33.461,-3.557,13.00005245,17.98990077,6.703567036,8.80620985,3.211547759,True,True,True,True,True
US.MSBI,MSBI,Midland States,26.97,23.659,20.923,19.938,95.952,-5.467,13.76357475,28.52971978,13.99467433,13.07651866,4.940314976,True,True,True,True,True
US.MSGE,MSGE,Madison Square Garden Entertainment,67.85,61.065,55.848,52.24,92.155,-2.884,35.31003617,69.86490383,11.11111111,9.34142673,6.906584992,True,True,True,True,True
US.MSGM,MSGM,Motorsport Games,4.45,4.251,3.483,3.343,111.401,-19.94,2.105004234,5.558331252,4.68125147,22.04995693,4.18785522,True,True,True,True,True
US.MSGS,MSGS,麦迪逊运动,349.55,326.432,278.198,260.554,87.93,-2.201,186.0001064,357.4167425,7.082026272,17.33801106,6.771724863,True,True,True,True,True
US.MSM,MSM,MSC Industrial Direct,107.46,95.274,89.006,88.511,43.686,-1.204,74.78807956,108.7695858,12.79047799,7.042221873,0.5592525223,True,True,True,True,True
US.MSSMY,MSSMY,米思米(ADR),10.625,9.59,8.622,8.39,71.37,-6.449,6.200035012,11.3574414,10.79249218,11.22709348,2.765196663,True,True,True,True,True
US.MSWV,MSWV,MAIN STREET FINANCIAL SERVICES CORP,19.5,18.688,17.606,16.777,58.34,-1.722,12.31527094,19.84167362,4.345034247,6.145632171,4.941288669,True,True,True,True,True
US.MT,MT,安赛乐米塔尔,64.17,56.709,50.606,46.478,119.156,-4.843,29.28051251,67.43592169,13.1566418,12.0598348,8.881621412,True,True,True,True,True
US.MTCPY,MTCPY,港铁公司(ADR),12.88,12.518,11.335,11.065,41.28,-10.617,9.116647792,14.40989897,2.891835757,10.43670049,2.440126525,True,True,True,True,True
US.MTNOY,MTNOY,MTN集团,12.779,11.999,10.783,10.168,100.974,-4.065,6.35853394,13.32047741,6.500541712,11.27701011,6.048387097,True,True,True,True,True
US.MTRN,MTRN,Materion,212.4,164.769,143.635,136.105,189.519,-1.491,73.3630608,215.6148169,28.90774357,14.71368399,5.532493296,True,True,True,True,True
US.MTSI,MTSI,MACOM Technology Solutions,377.735,262.98,212.74,191.804,219.68,-5.771,118.1603478,400.8691592,43.63639821,23.61568111,10.91530938,True,True,True,True,True
US.MTSUY,MTSUY,三菱商事(ADR),37.28,33.183,28.257,26.84,96.52,-0.347,18.97007938,37.40981205,12.34668354,17.4328485,5.279433681,True,True,True,True,True
US.MTW,MTW,马尼托沃克,12.785,12.686,12.561,12.008,40.649,-17.834,9.090004195,15.55996398,0.7803878291,0.9951436988,4.605263158,True,True,True,True,True
US.MTX,MTX,Minerals Technologies,81.27,72.004,66.02,64.907,53.895,-3.64,52.80873323,84.33997509,12.86872952,9.063920024,1.71476112,True,True,True,True,True
US.MTZ,MTZ,MasTec,433.77,353.583,270.213,250.202,198.205,-1.735,145.4603377,441.4287895,22.67840931,30.85343784,7.997937666,True,True,True,True,True
US.MU,MU,美光科技,788,479.867,358.876,303.986,768.377,-3.779,90.74399713,818.9480467,64.21216712,33.71387332,18.05675261,True,True,True,True,True
US.MUFG,MUFG,三菱日联金融,18.505,17.5,16.922,16.468,42.308,-8.14,13.0034854,20.14478554,5.742857143,3.415671906,2.756861793,True,True,True,True,True
US.MUR,MUR,墨菲石油,38.975,38.621,33.296,31.252,98.823,-10.071,19.60286285,43.3397458,0.9165997773,15.99291206,6.540381416,True,True,True,True,True
US.MUSA,MUSA,Murphy USA,580.99,508.525,432.587,420.082,69.092,-4.727,343.5940198,609.8160024,14.25003687,17.5543879,2.976799768,True,True,True,True,True
US.MUX,MUX,McEwen,24.9,22.649,21.713,19.534,248.251,-16.161,7.150015362,29.69978172,9.938628637,4.310781559,11.15490939,True,True,True,True,True
US.MVLY,MVLY,MISSION VALLEY BANCORP (SUN VALLEY),18.9,17.721,16.337,15.847,36.298,-1.511,13.86667449,19.1899603,6.653123413,8.471567607,3.092067899,True,True,True,True,True
US.MXCHY,MXCHY,ORBIA ADVANCE CORP S A B DE CV UNSP ADS EACH REPR 2 ORD SHS,2.72,2.338,1.969,1.818,172,-1.09,1,2.749974724,16.33875107,18.7404774,8.305830583,True,True,True,True,True
US.MXL,MXL,MaxLinear,87.825,37.434,23.956,21.942,701.322,-15.771,10.96001358,104.2693134,134.6129187,56.26147938,9.178743961,True,True,True,True,True
US.MYE,MYE,Myers Industries,23.39,21.341,19.793,18.843,103.514,-3.546,11.49306682,24.24990151,9.601237055,7.820946799,5.041660033,True,True,True,True,True
US.MYFW,MYFW,First Western Financial,28.583,26.174,25.22,24.519,42.13,-4.725,20.11046225,30.0005248,9.203790021,3.782712133,2.8590073,True,True,True,True,True
US.MYRG,MYRG,MYR Group,470,328.799,265.954,246.345,204.108,-2.075,154.5503571,479.9591524,42.94447368,23.63002625,7.959974832,True,True,True,True,True
US.NATL,NATL,NCR Atleos,44.99,44.27,40.428,39.824,90.959,-7.237,23.56003121,48.49994071,1.626383555,9.503314534,1.516673363,True,True,True,True,True
US.NBIS,NBIS,NEBIUS,229.74,138.298,112.281,105.051,561.578,-1.724,34.72606405,233.7701982,66.11953897,23.17132908,6.88237142,True,True,True,True,True
US.NBN,NBN,东北银行,119.17,117.21,107.252,106.384,50.809,-12.122,79.02048286,135.6084572,1.672212269,9.284675344,0.8159121672,True,True,True,True,True
US.NBR,NBR,纳伯斯实业,103.44,87.248,67.308,59.912,344.52,-2.23,23.27004409,105.7993249,18.5585916,29.62500743,12.34477233,True,True,True,True,True
US.NBTX,NBTX,Nanobiotix,55.2,34.715,26.633,22.785,1416.483,-3.157,3.64000124,56.99947337,59.00907389,30.34581159,16.88830371,True,True,True,True,True
US.NC,NC,NACCO Industries,50.383,50.184,49.031,46.515,46.017,-15.21,34.50488642,59.42092228,0.3965407301,2.351573494,5.409007847,True,True,True,True,True
US.NCEW,NCEW,新世纪储运,15.75,12.506,7.96,7.267,462.503,-6.07,2.799985067,16.76780581,25.93954902,57.11055276,9.536259805,True,True,True,True,True
US.NCTKY,NCTKY,NABTESCO CORP UNSPON ADR EA REPR 0.5 ORD JPY0.00,17.945,14.91,13.847,13.106,150.628,-7.785,7.160014045,19.45995771,20.35546613,7.676753087,5.653898978,True,True,True,True,True
US.NDLS,NDLS,Noodles & Co,12.295,9.038,6.785,6.539,244.397,-11.863,3.570007869,13.94987349,36.03673379,33.20560059,3.762043126,True,True,True,True,True
US.NDSN,NDSN,Nordson,279.85,274.711,259.71,249.877,47.798,-8.048,189.3462699,304.3435706,1.870693201,5.776057911,3.935136087,True,True,True,True,True
US.NE,NE,Noble,52.36,48.712,37.939,35.323,149.131,-4.049,21.01705528,54.56951986,7.488914436,28.39558238,7.405939473,True,True,True,True,True
US.NEE,NEE,新纪元能源,95.13,93.037,87.178,83.494,53.346,-3.665,62.03617962,98.74915659,2.249642615,6.720732295,4.412293099,True,True,True,True,True
US.NEE.PRS,NEE.PRS,NEXTERA ENERGY INC CORP UNIT 01/06/2027,57.5,56.579,54.056,52.38,36.483,-2.953,42.12978906,59.24964193,1.627812439,4.667381974,3.19969454,True,True,True,True,True
US.NEE.PRT,NEE.PRT,NEXTERA ENERGY INC CORP UNIT 01/11/2029,52.77,51.684,49.785,48.282,37.688,-3.174,38.32578002,54.49982443,2.101230555,3.814401928,3.112961352,True,True,True,True,True
US.NEFB,NEFB,NEFFS BANCORP INC,400,365.776,276.414,257.155,111.238,-1.416,189.359869,405.7453542,9.356546083,32.32904267,7.489257452,True,True,True,True,True
US.NEM,NEM,纽曼矿业,116.805,111.891,105.429,97.853,136.639,-13.236,49.35999561,134.6238071,4.391774137,6.129243377,7.742225583,True,True,True,True,True
US.NESR,NESR,National Energy Services Reunited,26.05,22.846,18.616,16.195,376.416,-4.366,5.467910398,27.23926637,14.02433686,22.72238934,14.94905835,True,True,True,True,True
US.NEWP,NEWP,New Pacific Metals,5.53,4.827,3.8,3.363,398.198,-12.291,1.110000442,6.3049402,14.56391133,27.02631579,12.99435028,True,True,True,True,True
US.NEWT,NEWT,NewtekOne,13.19,12.204,11.779,11.651,42.062,-10.045,9.284678521,14.662887,8.079318256,3.608116139,1.098618144,True,True,True,True,True
US.NEXA,NEXA,Nexa Resources,15.7,12.615,10.141,8.837,253.762,-7.045,4.438011997,16.88989296,24.45501387,24.39601617,14.75613896,True,True,True,True,True
US.NFBK,NFBK,Northfield Bancorp,14.01,13.553,12.19,11.915,44.612,-1.407,9.687992698,14.20993377,3.37194717,11.18129614,2.308015107,True,True,True,True,True
US.NGL,NGL,NGL Energy,17.65,13.592,10.977,9.596,469.354,-0.338,3.100004567,17.70985932,29.85579753,23.82253803,14.39141309,True,True,True,True,True
US.NGL.PRB,NGL.PRB,NGL ENERGY PARTNERS LP 9% CUM RED PFD REP LTD PRTNR INT CL B,25.39,24.795,23.481,22.885,45.299,-0.196,17.47431159,25.43986213,2.399677354,5.596013798,2.604325978,True,True,True,True,True
US.NGL.PRC,NGL.PRC,NGL ENERGY PARTNERS LP 9.625% CUM RED PERP PREF UNT CLASS C,25.35,25.147,23.945,23.322,42.12,-2.387,17.83703912,25.96990155,0.8072533503,5.019837127,2.671297487,True,True,True,True,True
US.NGLOY,NGLOY,ANGLO AMERICAN SPON ADR EACH REP 0.5 ORD (P/S),27.37,23.278,21.7,20.294,103.07,-2.389,13.478111,28.03987256,17.5788298,7.271889401,6.928156105,True,True,True,True,True
US.NGNE,NGNE,Neurogene,31.47,24.276,23.02,22.212,114.812,-15.552,14.65001955,37.26553619,29.63420662,5.456125109,3.63767333,True,True,True,True,True
US.NGS,NGS,Natural Gas Services,42,38.897,34.561,32.43,86.843,-2.934,22.47876559,43.26952795,7.977478983,12.54593328,6.571076164,True,True,True,True,True
US.NGVT,NGVT,Ingevity,72.145,71.584,64.133,61.761,81.565,-9.005,39.7350811,79.28457608,0.7836946804,11.61804375,3.840611389,True,True,True,True,True
US.NHC,NHC,National HealthCare,198.07,167.97,147.713,138.505,114.696,-0.773,92.25602713,199.6130086,17.91986664,13.71375573,6.648135446,True,True,True,True,True
US.NHPAP,NHPAP,NATIONAL HEALTHCARE PROPERTIES INC 7.375% CUM RED REP PFD STK SER A,21.65,19.965,18.731,18.244,78.883,-2.345,12.10288289,22.16988377,8.439769597,6.588009183,2.669370752,True,True,True,True,True
US.NHPBP,NHPBP,NATIONAL HEALTHCARE PROPERTIES INC 7.125% CUM RED REP PFD STK SER B,20.57,19.534,18.274,17.819,74.825,-5.446,11.76605177,21.75476447,5.303573257,6.895042136,2.553454178,True,True,True,True,True
US.NHYDY,NHYDY,Norsk Hydro,11.52,10.378,8.577,8.03,120.486,-1.765,5.224821531,11.72698122,11.00404702,20.99801795,6.811955168,True,True,True,True,True
US.NIDB,NIDB,NORTHEAST INDIANA BANCORP INC,23.061,22.301,20.416,19.537,41.101,0,16.34361202,23.061,3.407918927,9.232954545,4.499155449,True,True,True,True,True
US.NINOY,NINOY,尼康(ADR),14.664,12.077,11.927,11.67,61.315,-2.242,9.090289186,15.00030688,21.42088267,1.257650708,2.202227935,True,True,True,True,True
US.NISUY,NISUY,NISSUI CORPORATION UNSPON ADR EACH REP 10 ORD NPV,86.8,56.56,47.387,46.24,102.803,-5.498,42.80015582,91.84990794,53.46534653,19.35762973,2.480536332,True,True,True,True,True
US.NJR,NJR,新泽西能源,57.58,55.373,50.014,48.941,35.571,-0.569,42.47221013,57.90950508,3.985697,10.7149998,2.19243579,True,True,True,True,True
US.NKRKY,NKRKY,NOKIAN RENKAAT OYJ (NOKIA TYRES) UNPS ADR EA REPR 0.50 ORD SHS,5.65,5.608,5.277,4.954,71.883,-16.045,3.287119727,6.729795724,0.7489300999,6.272503316,6.519983851,True,True,True,True,True
US.NKTX,NKTX,Nkarta,2.845,2.601,2.258,2.223,74.539,-22.054,1.630008193,3.649962795,9.381007305,15.19043401,1.574448943,True,True,True,True,True
US.NLST,NLST,Netlist,3.07,1.922,1.215,1.112,588.649,-22.67,0.4458004005,3.969998707,59.72944849,58.18930041,9.262589928,True,True,True,True,True
US.NLY,NLY,Annaly Capital Management,22.18,21.841,21.512,20.93,37.8,-6.442,16.095791,23.70721905,1.552126734,1.529378951,2.780697563,True,True,True,True,True
US.NMM,NMM,Navios Maritime,71.27,68.777,59.298,55.937,95.359,-8.437,36.48155447,77.83711761,3.624758277,15.98536207,6.008545328,True,True,True,True,True
US.NN,NN,NextNav,21.68,17.975,15.863,15.821,100,-10.368,10.84,24.18779007,20.61196106,13.31400113,0.265469945,True,True,True,True,True
US.NNCHY,NNCHY,NISSAN CHEMICAL CORPORATION UNSP ADR EA REPR 1 ORD SHS,46.95,40.583,37.739,37.442,76.172,-5.391,26.65009196,49.62529992,15.68883523,7.535970746,0.7932268575,True,True,True,True,True
US.NNGRY,NNGRY,NN GROUP N.V. UNSP ADR EACH REP 0.5 ORD SHS,44.375,41.139,38.71,37.664,50.696,-1.651,29.44670064,45.11993005,7.866015217,6.274864376,2.777187766,True,True,True,True,True
US.NOK,NOK,诺基亚,14.605,10.024,7.704,6.878,270.717,-3.851,3.93966287,15.18996557,45.70031923,30.11422638,12.00930503,True,True,True,True,True
US.NOV,NOV,华高,20.695,19.416,17.429,16.246,81.433,-1.122,11.40641449,20.92983272,6.587350639,11.40053933,7.281792441,True,True,True,True,True
US.NOVT,NOVT,Novanta,154.5,127.046,124.919,122.095,57.219,-6.68,98.27056526,165.5593656,21.60949577,1.702703352,2.312953028,True,True,True,True,True
US.NPCE,NPCE,NeuroPace,15.945,15.194,14.714,13.415,110.842,-18.647,7.562534979,19.59976891,4.942740555,3.262199266,9.683190458,True,True,True,True,True
US.NPKI,NPKI,NPK International,15.65,14.675,13.516,12.725,105.111,-5.151,7.630014968,16.49991038,6.6439523,8.575022196,6.21611002,True,True,True,True,True
US.NPO,NPO,Enpro,322.97,272.515,245.928,239.783,87.083,-1.226,172.634606,326.9787596,18.51457718,10.81088774,2.562733805,True,True,True,True,True
US.NPSKY,NPSKY,日本精工(ADR),16.738,15.384,13.399,12.375,86.386,-9.281,8.980288219,18.45037974,8.801352054,14.8145384,8.274747475,True,True,True,True,True
US.NRC,NRC,NRC Health,19.1,17.228,16.348,15.809,76.517,-15.418,10.82048755,22.58163675,10.86603204,5.382921458,3.409450313,True,True,True,True,True
US.NRDBY,NRDBY,NORDEA BANK ABP SPON ADS EACH REP 1 ORD SHS,18.19,17.92,17.48,16.827,39.34,-5.978,13.05439931,19.34653592,1.506696429,2.517162471,3.880667974,True,True,True,True,True
US.NRSDY,NRSDY,NORDIC SEMICONDUCTOR ADS EACH REP 1 ORD SHS,22.275,15.461,13.173,13.117,116.472,-4.807,10.29001441,23.39982982,44.07218162,17.36886055,0.4269268888,True,True,True,True,True
US.NRXS,NRXS,Neuraxis,8.32,7.333,4.958,4.369,278.818,-10.825,2.19630535,9.329969162,13.45970271,47.90237999,13.48134585,True,True,True,True,True
US.NRXXY,NRXXY,NORDEX SE UNSP ADR EACH REP 0.50 ORD SHS,27.62,24.166,14.995,12.934,397.657,-6.499,5.550007334,29.53979102,14.29280808,61.1603868,15.93474563,True,True,True,True,True
US.NSA,NSA,National Storage Affiliates Trust,42.62,39.711,33.349,32.344,60.852,-3.169,26.49640663,44.01482996,7.325426204,19.07703379,3.10722236,True,True,True,True,True
US.NSC,NSC,诺福克南方,315.665,298.557,293.434,290.01,36.025,-1.96,232.0639588,321.9757242,5.730229068,1.745878119,1.180648943,True,True,True,True,True
US.NTB,NTB,毕达菲尔特银行,55.03,53.331,49.532,47.93,39.624,-3.99,39.4129949,57.31694615,3.185764377,7.669789227,3.342374296,True,True,True,True,True
US.NTCT,NTCT,网侦系统,39.08,33.047,29.39,28.103,91.662,-4.496,20.39006167,40.91975205,18.25581747,12.44300783,4.579582251,True,True,True,True,True
US.NTOIY,NTOIY,NESTE OYJ UNSP ADR EACH REPR 0.5 ORD,16.702,15.707,12.615,11.729,237.082,-7.774,4.954877448,18.10986056,6.334755205,24.51050337,7.553926166,True,True,True,True,True
US.NTRS,NTRS,北方信托,164.27,150.899,141.369,137.93,61.791,-5.147,101.5322237,173.1837686,8.86089371,6.741223323,2.4932937,True,True,True,True,True
US.NTST,NTST,Netstreit,20.535,20.052,18.866,18.601,40.127,-3.045,14.65456336,21.17992883,2.408737283,6.286441217,1.424654588,True,True,True,True,True
US.NUE,NUE,纽柯钢铁,233.31,191.353,171.803,163.82,122.997,-0.908,104.6247259,235.4478666,21.92649188,11.37931235,4.873031376,True,True,True,True,True
US.NUVL,NUVL,Nuvalent,104.885,102.02,101.688,95.927,49.302,-7.193,70.25023108,113.0141045,2.808272888,0.3264888679,6.005608431,True,True,True,True,True
US.NUVR,NUVR,NUVERA COMMUNICATIONS INC,16.44,14.845,13.51,12.902,67.755,-1.532,9.800005961,16.69577934,10.74435837,9.881569208,4.712447683,True,True,True,True,True
US.NVAX,NVAX,诺瓦瓦克斯医药,9.245,8.967,8.29,8.28,50.815,-22.765,6.130026854,11.9699618,3.100256496,8.166465621,0.1207729469,True,True,True,True,True
US.NVCR,NVCR,Novocure,17.845,13.023,12.799,12.695,81.771,-11.016,9.817297589,20.05416704,37.02679874,1.750136729,0.8192201654,True,True,True,True,True
US.NVCT,NVCT,Nuvectis Pharma,12.6,8.857,7.9,7.523,127.027,-5.547,5.550000661,13.33996803,42.26035904,12.11392405,5.011298684,True,True,True,True,True
US.NVDA,NVDA,英伟达,235.605,192.228,188.053,185.728,82.444,-0.372,129.1382561,236.4847232,22.5653911,2.220118796,1.251830634,True,True,True,True,True
US.NVEC,NVEC,NVE Corp,91.295,76.015,69.427,67.818,61.978,-17.027,56.36259245,110.0297687,20.1012958,9.489103663,2.372526468,True,True,True,True,True
US.NVGS,NVGS,Navigator,23.64,20.488,18.566,17.897,77.621,-0.042,13.30923708,23.64993297,15.38461538,10.35225681,3.738056658,True,True,True,True,True
US.NVMI,NVMI,Nova,554.25,482.008,407.581,376.116,209.636,-1.902,179.0005038,564.9962283,14.98771805,18.26066475,8.365770135,True,True,True,True,True
US.NVRI,NVRI,Enviri,19.61,19.004,17.455,15.84,166.802,-1.876,7.350019865,19.98491704,3.188802357,8.874248066,10.19570707,True,True,True,True,True
US.NVS,NVS,诺华制药,150.419,150.406,140.92,135.853,41.792,-9.09,106.0842643,165.4592454,0.00864327221,6.731478853,3.729766733,True,True,True,True,True
US.NVT,NVT,nVent Electric,173.4,133.174,116.122,110.15,176.773,-0.914,62.65061982,174.9994954,30.20559569,14.6845559,5.421697685,True,True,True,True,True
US.NVTS,NVTS,纳微半导体,22.095,12.542,10.556,9.586,1076.063,-7.178,1.878725885,23.80362414,76.16807527,18.81394468,10.11892343,True,True,True,True,True
US.NWE,NWE,NorthWestern,71.84,69.44,66.278,63.497,46.912,-4.442,48.90002178,75.17947215,3.456221198,4.770813845,4.379734476,True,True,True,True,True
US.NWPP,NWPP,NEW PEOPLES BANKSHARES INC,4.25,3.958,3.381,3.238,46.156,0,2.907851884,4.25,7.377463365,17.06595682,4.416306362,True,True,True,True,True
US.NWPX,NWPX,NWPX 基础设施,111.96,85.794,70.988,65.888,194.709,-2.021,37.99001727,114.2693843,30.49863627,20.85704626,7.740407965,True,True,True,True,True
US.NXDT,NXDT,NexPoint Diversified Real Estate Trust,5.085,4.74,3.972,3.891,116.382,-7.377,2.350010629,5.489997085,7.278481013,19.33534743,2.081727062,True,True,True,True,True
US.NXPI,NXPI,恩智浦,292.04,226.58,222.17,221.993,61.129,-4.755,181.2460823,306.6197701,28.89045812,1.984966467,0.07973224381,True,True,True,True,True
US.NXT,NXT,Nextpower,141.22,117.545,105.065,95.48,173.205,-9.924,51.6901228,156.7787202,20.14122251,11.87836101,10.03875157,True,True,True,True,True
US.NYAX,NYAX,Nayax,66.17,62.422,53.786,52.065,71.87,-11.572,38.50002909,74.82923961,6.004293358,16.05622281,3.30548353,True,True,True,True,True
US.NYCB.PRA,NYCB.PRA,NEW YORK COMMUNITY BANCORP INC DEP SHS REP 1/40 INT FXD/FLTG RATE SER A,21.28,21.039,18.585,18.465,161.086,-5.955,8.150571076,22.62746557,1.145491706,13.20419693,0.6498781478,True,True,True,True,True
US.NYCB.PRU,NYCB.PRU,NEW YORK COMMUNITY CAPITAL TRUST V 6% CNV 01/11/2051 USD,38,36.951,33.28,32.774,152.925,-3.146,15.02421667,39.23431144,2.838894753,11.03064904,1.543906755,True,True,True,True,True
US.NYMTO,NYMTO,New York Mortgage Trust 7.875% Series C Preferred Stock,25.06,24.741,23.846,22.946,38.497,-0.531,18.09425475,25.19377897,1.289357746,3.753250021,3.922252244,True,True,True,True,True
US.OBE,OBE,Obsidian Energy,13.27,10.571,7.833,7.408,189.737,-9.047,4.580015669,14.58995305,25.53211617,34.95467892,5.737041037,True,True,True,True,True
US.OBK,OBK,Origin Bancorp,46.12,43.722,40.134,39.148,44.68,-4.156,31.87724634,48.11986144,5.484653035,8.94005083,2.518647185,True,True,True,True,True
US.OCC,OCC,Optical Cable,12.53,9.567,7.578,7.432,414.344,-10.035,2.436112796,13.92763853,30.97104631,26.24703088,1.964477933,True,True,True,True,True
US.OCS,OCS,Oculis,31.08,27.349,24.383,22.69,94.25,-9.847,16,34.4747263,13.6421807,12.16421277,7.461436756,True,True,True,True,True
US.ODC,ODC,美国石油勘探,78.21,69,60.737,60.699,72.502,-1.243,45.33860477,79.19438622,13.34782609,13.60455735,0.06260399677,True,True,True,True,True
US.OFED,OFED,Oconee Federal Financial,18.35,15.816,13.904,13.579,61.576,0,11.35688469,18.35,16.02175013,13.75143843,2.393401576,True,True,True,True,True
US.OGC,OGC,OceanaGold,33.76,32.795,30.606,27.574,238.548,-21.906,9.971998062,43.22995365,2.942521726,7.152192381,10.99586567,True,True,True,True,True
US.OHI,OHI,Omega Healthcare Investors,47.82,45.764,43.832,42.776,42.553,-1.278,33.5454182,48.43905107,4.492614282,4.407738638,2.468674023,True,True,True,True,True
US.OII,OII,国际海洋工程,38.81,36.369,30.149,28.526,110.352,-3.265,18.45002662,40.11991523,6.711760015,20.6308667,5.689546379,True,True,True,True,True
US.OJIPY,OJIPY,OJI HOLDINGS CORP ADR(EACH CNV INTO 10 ORD)NPV,55.39,52.845,48.956,46.103,42.757,-1.071,38.80019894,55.98964914,4.815971237,7.943867963,6.188317463,True,True,True,True,True
US.OKE,OKE,欧尼克(万欧卡),90.825,86.903,77.378,75.827,45.536,-3.553,62.40723945,94.17089179,4.513077799,12.30970043,2.045445554,True,True,True,True,True
US.OLN,OLN,欧林,28,27.008,23.574,23.254,60.15,-7.436,17.48360912,30.249341,3.672985782,14.56689573,1.376107336,True,True,True,True,True
US.OLPX,OLPX,Olaplex,2.03,1.811,1.501,1.473,104.575,-0.49,0.9923011121,2.03999598,12.09276643,20.65289807,1.900882553,True,True,True,True,True
US.OMRNY,OMRNY,欧姆龙(ADR),37.56,31.497,28.731,28.238,61.687,-7.85,23.23006797,40.75963104,19.24945233,9.62723191,1.745874354,True,True,True,True,True
US.OMVKY,OMVKY,OMV AG SPON ADR-EACH 5 REP 0.25 NPV(LEVEL 1),18.19,17.525,15.4,14.928,53.188,-2.623,11.87429825,18.67997576,3.794579173,13.7987013,3.161843516,True,True,True,True,True
US.ON,ON,安森美半导体,118.19,77.617,63.75,60.308,190.965,-0.626,40.62000584,118.9345302,52.27334218,21.75215686,5.70736884,True,True,True,True,True
US.ONDS,ONDS,Ondas,11.495,9.912,9.483,8.53,1291.372,-24.64,0.8261629528,15.25345011,15.97054076,4.523884847,11.17233294,True,True,True,True,True
US.ONTO,ONTO,Onto Innovation,277.3,244.826,194.618,174.397,210.178,-12.246,89.40027984,315.9969916,13.26411411,25.79823038,11.59480954,True,True,True,True,True
US.ONVC,ONVC,ONLINE VACATION CENTER HOLDINGS COR,2.5,2.311,2.004,1.839,62.919,-12.621,1.534504877,2.861099349,8.178277802,15.31936128,8.972267537,True,True,True,True,True
US.OOMA,OOMA,Ooma,18.96,15.481,12.878,12.684,93.617,-3.067,9.792528549,19.5599022,22.47270848,20.21276596,1.529485967,True,True,True,True,True
US.OPHC,OPHC,合宜银行控股,5.49,5.357,4.75,4.627,40.409,-2.659,3.910005769,5.639966715,2.482732873,12.77894737,2.65830992,True,True,True,True,True
US.OPHLY,OPHLY,小野药品工业(ADR),5.378,5.067,4.771,4.528,61.501,-6.469,3.33001034,5.749965252,6.137754095,6.204150073,5.366607774,True,True,True,True,True
US.OPLN,OPLN,OPENLANE,35.945,30.54,28.838,28.677,64.583,-6.684,21.84004423,38.51965365,17.69810085,5.901934947,0.5614255327,True,True,True,True,True
US.ORANY,ORANY,ORANGE SPON ADR EACH REPR 1 ORD SHS,21.685,20.561,18.343,17.706,60.108,-0.755,13.54398281,21.84996725,5.466660182,12.09180614,3.597650514,True,True,True,True,True
US.ORBN,ORBN,OREGON BANCORP INC,27.5,26.031,23.028,21.919,54.187,0,17.83548548,27.5,5.643271484,13.04064617,5.059537388,True,True,True,True,True
US.ORMP,ORMP,Oramed Pharmaceuticals,4.645,3.714,3.103,2.855,152.282,-7.285,1.841193585,5.009976811,25.06731287,19.69062198,8.686514886,True,True,True,True,True
US.ORN,ORN,Orion Group,15.64,12.117,11.324,10.391,142.857,-1.075,6.440003788,15.80995704,29.07485351,7.002825857,8.978924069,True,True,True,True,True
US.ORPB,ORPB,OREGON PACIFIC BANCORP,11.22,11.12,9.879,9.425,49.6,-0.795,7.5,11.30991381,0.8992805755,12.5620002,4.816976127,True,True,True,True,True
US.OSBC,OSBC,Old Second Bancorp,20.81,20.416,19.674,19.136,30.207,-6.906,15.98224366,22.35374997,1.929858934,3.771475043,2.811454849,True,True,True,True,True
US.OSBK,OSBK,OCONEE FINL CORP,49,46.239,40.26,38.541,32.006,-3.883,37.11952487,50.97953536,5.971149895,14.8509687,4.460185257,True,True,True,True,True
US.OSS,OSS,One Stop Systems,16.515,10.057,8.275,7.629,596.835,-2.967,2.370001507,17.01998289,64.21398031,21.5347432,8.467689081,True,True,True,True,True
US.OTSKY,OTSKY,大冢控股(ADR),36.195,34.378,30.904,29.946,66.951,-3.531,21.6800139,37.51982502,5.285356914,11.24126327,3.199091698,True,True,True,True,True
US.OUT,OUT,Outfront Media Inc.,33.17,29.049,24.778,23.031,127.245,-5.12,14.59658078,34.95994941,14.18637475,17.23706514,7.585428336,True,True,True,True,True
US.OUTKY,OUTKY,OUTOKUMPU OYJ ADR EACH REPR 0.5 ORD UNSPON (POST R/S),3.167,2.714,2.025,1.93,104.267,-8.119,1.550421752,3.44684973,16.69123066,34.02469136,4.922279793,True,True,True,True,True
US.OVBC,OVBC,俄亥俄河谷银行,46.22,43.906,40.684,39.388,72.15,-1.377,26.84867848,46.86533567,5.270350294,7.919575263,3.290342236,True,True,True,True,True
US.OVCHY,OVCHY,OVERSEA-CHINESE BANKING CORP UNSP ADR EACH REP 2 ORD,35.876,33.655,30.743,29.387,55.477,-2.964,23.07479563,36.9718455,6.599316595,9.472074944,4.614285228,True,True,True,True,True
US.OVID,OVID,Ovid Therapeutics,2.805,2.521,1.88,1.689,938.504,-9.661,0.270100067,3.104971275,11.26537088,34.09574468,11.30846655,True,True,True,True,True
US.OVLY,OVLY,橡木谷银行,33.25,33.036,30.769,29.999,38.825,-6.258,23.95101747,35.46969341,0.6477781814,7.367805259,2.566752225,True,True,True,True,True
US.OVV,OVV,Ovintiv,58.38,57.319,46.253,44.718,72.11,-7.973,33.92016733,63.43790409,1.851044156,23.9249346,3.43262221,True,True,True,True,True
US.PAA,PAA,Plains All American Pipeline,22.485,21.55,18.825,18.222,52.572,-1.597,14.73730435,22.84991311,4.3387471,14.47543161,3.309186697,True,True,True,True,True
US.PAAS,PAAS,泛美白银,61.68,55.807,51.317,46.987,175.822,-11.641,22.36224812,69.8061318,10.52376942,8.74953719,9.215314874,True,True,True,True,True
US.PACS,PACS,PACS Group,39.665,34.234,30.905,26.112,428.866,-7.927,7.500009454,43.07994743,15.86434539,10.77171979,18.35554534,True,True,True,True,True
US.PACWP,PACWP,PacWest Bancorp ADR,20.94,20.587,18.465,16.779,414.375,-11.978,4.070959903,23.78950717,1.714674309,11.49201191,10.04827463,True,True,True,True,True
US.PAGP,PAGP,Plains GP Holdings,24.11,23.295,20.168,19.542,53.303,-1.005,15.72702426,24.35476539,3.498604851,15.50476002,3.203356872,True,True,True,True,True
US.PANL,PANL,Pangaea Logistics Solutions,8.33,7.49,7.127,6.622,101.658,-11.288,4.130756032,9.389935973,11.21495327,5.093307142,7.626094835,True,True,True,True,True
US.PARR,PARR,Par Pacific,60.79,60.652,46.841,43.373,215.281,-13.638,19.28121263,70.38975475,0.2275275341,29.48485301,7.995757729,True,True,True,True,True
US.PBA,PBA,Pembina Pipeline,48.53,44.639,40.773,39.866,42.202,-0.102,34.12750876,48.57955114,8.716593114,9.481764893,2.275121658,True,True,True,True,True
US.PBAM,PBAM,PRIVATE BANCORP OF AMERICA INC,74.388,70.443,62.908,61.694,39.696,-5.274,53.2499141,78.52965395,5.600272561,11.97780886,1.967776445,True,True,True,True,True
US.PBCO,PBCO,PBCO FINL CORP,20.75,18.899,17.084,16.316,53.005,0,13.56164831,20.75,9.794169004,10.62397565,4.707036038,True,True,True,True,True
US.PBFS,PBFS,Pioneer Bancorp,15.15,14.112,13.849,13.623,34.785,-0.198,11.24012316,15.18005651,7.355442177,1.899054083,1.658959113,True,True,True,True,True
US.PBKX,PBKX,PARTNERS BANK CALIFORNIA,14.55,12.777,11.231,10.918,54.787,0,9.400014213,14.55,13.87649683,13.76547057,2.866825426,True,True,True,True,True
US.PBNC,PBNC,PB FINL CORP,75,59.579,52.019,49.613,67.235,0,44.84707149,75,25.88328102,14.53315135,4.849535404,True,True,True,True,True
US.PBT,PBT,帕米亚盆地皇室信托,27.82,22.107,19.492,18.785,163.419,-5.374,10.56112126,29.3999535,25.84249333,13.41576031,3.763641203,True,True,True,True,True
US.PBYI,PBYI,Puma Biotechnology,7.2,6.893,6.202,5.819,137.623,-8.841,3.030009721,7.898287607,4.453793704,11.14156724,6.581886922,True,True,True,True,True
US.PCB,PCB,PCB Bancorp,23.8,23.071,22.095,21.757,31.571,-4.53,18.08909258,24.92929716,3.159811018,4.417288979,1.553523004,True,True,True,True,True
US.PCFBY,PCFBY,太平洋航运(ADR),8.36,7.83,6.99,6.591,86.231,-6.525,4.489048547,8.943567799,6.768837803,12.01716738,6.053709604,True,True,True,True,True
US.PCLB,PCLB,PINNACLE BANCSHARES INC,38.438,34.624,31.166,29.593,30.043,-3.905,29.55791546,40,11.01548059,11.0954245,5.31544622,True,True,True,True,True
US.PCRHY,PCRHY,PANASONIC HOLDINGS CORP UNSPON ADR EACH REP 1 ORD,21.531,18.177,14.849,13.769,131.513,-2.751,9.300125695,22.14007342,18.45188975,22.41228366,7.843706878,True,True,True,True,True
US.PDEX,PDEX,Pro-Dex,58.04,50.886,41.794,41.359,147.294,-5.809,23.47003971,61.61947532,14.0588767,21.7543188,1.051766242,True,True,True,True,True
US.PDFS,PDFS,PDF Solutions,45.54,39.186,32.926,30.132,162.476,-19.341,17.35015773,56.45991148,16.21497474,19.01233068,9.272534183,True,True,True,True,True
US.PDLB,PDLB,PDL Community Bancorp,17.7,17.136,16.323,15.899,38.173,-1.939,12.81002801,18.04998929,3.291316527,4.980702077,2.666834392,True,True,True,True,True
US.PEB,PEB,Pebblebrook Hotel Trust,14.165,13.318,12.106,11.789,63.58,-4.58,8.659371561,14.84489625,6.359813786,10.01156451,2.688947324,True,True,True,True,True
US.PEBK,PEBK,北加利福尼亚国民银行,40.14,39.523,35.932,34.416,53.16,-5.829,26.20788718,42.62458719,1.561116312,9.993877324,4.40492794,True,True,True,True,True
US.PFAI,PFAI,Pinnacle Food Group,3.74,3.301,2.693,2.473,187.692,-24.137,1.30000139,4.929939496,13.2990003,22.57705162,8.896077638,True,True,True,True,True
US.PFG,PFG,信安金融,100.76,93.542,89.139,86.426,38.181,-2.174,72.91885281,102.9992027,7.716319942,4.939476548,3.139101659,True,True,True,True,True
US.PFIS,PFIS,人民金服,57.83,55.402,51.488,50.875,35.698,-3.391,42.61669295,59.85984743,4.382513267,7.601771287,1.204914005,True,True,True,True,True
US.PFLC,PFLC,PACIFIC FINANCIAL CORP,16.4,13.532,12.439,11.981,64.55,-3.523,9.966575509,16.9988702,21.19420633,8.786879974,3.822719306,True,True,True,True,True
US.PFS,PFS,Provident Financial Services,22.06,21.658,20.586,20.145,43.634,-7.028,15.35848058,23.72757389,1.856127066,5.20742252,2.189128816,True,True,True,True,True
US.PFSB,PFSB,PFS BANCORP INC,18.24,17.133,15.402,14.435,73.384,-3.949,10.52000185,18.98991161,6.461215199,11.23880016,6.698995497,True,True,True,True,True
US.PGC,PGC,皮帕克格拉德斯通金融,41.783,37.806,31.972,30.867,72.263,-4.56,24.25535373,43.7793378,10.51949426,18.24721631,3.579874947,True,True,True,True,True
US.PGNN,PGNN,PARAGON BK MEMPHIS TENN,12.74,12.526,11.525,10.808,40.385,-1.545,9.07504363,12.93992179,1.708446431,8.685466377,6.633974833,True,True,True,True,True
US.PGUCY,PGUCY,PROSEGUR CASH UNSPON ADS EACH REP 5 ORD SHS,3.595,3.285,2.574,2.567,67.735,-20.763,2.143261693,4.537021846,9.436834094,27.62237762,0.2726918582,True,True,True,True,True
US.PHCG,PHCG,Pure Harvest Corporate Group,0.026,0.009,0.006,0.005,1721.428,-23.88,0.001427451428,0.03415659485,188.8888889,50,20,True,True,True,True,True
US.PHIN,PHIN,Phinia,79.51,70.677,64.735,62.453,95.364,-1.748,40.69838865,80.92456133,12.49770081,9.178960377,3.653947769,True,True,True,True,True
US.PHVS,PHVS,Pharvaris,31.01,28.158,26.241,25.386,100.582,-6.96,15.46001137,33.32975064,10.12856027,7.305361838,3.367998109,True,True,True,True,True
US.PKBK,PKBK,帕克合众银行,30.3,28.98,25.868,24.717,66.352,-3.656,18.21438877,31.44980487,4.554865424,12.03030772,4.656714003,True,True,True,True,True
US.PKE,PKE,帕克航空航天,34.215,30.657,24.747,23.204,163.76,-4.587,12.97202002,35.85989331,11.60583227,23.88168263,6.649715566,True,True,True,True,True
US.PKOH,PKOH,帕克俄亥俄控股,30.735,26.417,23.539,22.543,101.137,-3.712,15.28062962,31.9198654,16.34553507,12.22651769,4.418222952,True,True,True,True,True
US.PKST,PKST,Peakstone Realty Trust(已退市),20.99,20.897,16.928,15.954,85.201,-0.047,11.33363211,20.99986994,0.4450399579,23.44636106,6.105052025,True,True,True,True,True
US.PKX,PKX,浦项钢铁,82.52,66.812,59.82,57.634,101.401,-10.692,40.97298425,92.39933713,23.51074657,11.68839853,3.792900024,True,True,True,True,True
US.PL,PL,Planet Labs PBC,42.695,33.594,23.547,19.923,1132.276,-0.834,3.464727058,43.05407095,27.09114723,42.66785578,18.19003162,True,True,True,True,True
US.PLAB,PLAB,福尼克斯,52.12,43.792,34.705,31.617,214.165,-6.928,16.59000844,55.99965618,19.01717209,26.18354704,9.766897555,True,True,True,True,True
US.PLBC,PLBC,Plumas Bancorp,51.78,50.073,46.807,45.565,33.083,-3.906,38.90804986,53.88473786,3.409022827,6.977588822,2.725776363,True,True,True,True,True
US.PLD,PLD,安博,142.515,136.929,130.789,125.343,43.143,-2.011,99.56127788,145.4397943,4.079486449,4.694584407,4.344877656,True,True,True,True,True
US.PLGO,PLGO,Pelagos Insurance,23.43,19.904,19.099,18.528,62.277,-0.72,14.43827529,23.59991942,17.71503215,4.21488036,3.081822107,True,True,True,True,True
US.PLOW,PLOW,Douglas Dynamics,45.23,44.071,37.786,36.126,75.144,-13.567,25.82446444,52.32955006,2.629847292,16.63314455,4.595028511,True,True,True,True,True
US.PLPC,PLPC,Preformed Line Products,346.08,302.519,254.376,237.153,160.734,-6.917,132.7329769,371.7972132,14.39942615,18.92592068,7.262400223,True,True,True,True,True
US.PLRZ,PLRZ,Polyrizon,15.405,13.589,11.14,9.984,434.895,-15.357,2.880004487,18.19996928,13.36375009,21.98384201,11.57852564,True,True,True,True,True
US.PLSE,PLSE,Pulse Biosciences,26.75,21.205,17.812,17.455,112.977,-4.395,12.56004169,27.97970817,26.14949304,19.04895576,2.045259238,True,True,True,True,True
US.PLUG,PLUG,普拉格能源,3.833,2.745,2.487,2.35,417.01,-16.318,0.7413783099,4.580435458,39.63570128,10.37394451,5.829787234,True,True,True,True,True
US.PLXS,PLXS,普雷克萨斯,265.135,224.914,183.974,172.245,129.852,-3.877,115.3503124,275.8288859,17.88283522,22.25314447,6.809486487,True,True,True,True,True
US.PM,PM,菲利普莫里斯,191.625,166.229,163.222,162.425,37.287,-0.671,139.5798583,192.9194898,15.27771929,1.842276164,0.4906880099,True,True,True,True,True
US.PNBI,PNBI,PIONEER BANKSHARES INC VA,37.4,33.136,28.439,26.658,58.395,0,23.61185643,37.4,12.86817962,16.5160519,6.680921299,True,True,True,True,True
US.PNC,PNC,PNC金融服务集团,213.86,212.92,206.388,203.178,30.553,-11.657,163.8108661,242.0791687,0.4414803682,3.164912689,1.579895461,True,True,True,True,True
US.PNRG,PNRG,PrimeEnergy Resources,253.68,222.01,186.662,180.648,100.696,-0.562,126.4001276,255.1137392,14.26512319,18.93690199,3.329126257,True,True,True,True,True
US.PNTG,PNTG,Pennant Group,36.71,31.86,29.436,28.236,68.936,-2.21,21.73012265,37.53962573,15.22284997,8.234814513,4.249893753,True,True,True,True,True
US.PODC,PODC,PodcastOne,3.63,2.647,2.451,2.251,179.23,-8.101,1.300003581,3.949988574,37.13638081,7.996736026,8.884940027,True,True,True,True,True
US.POET,POET,POET Technologies,19.79,8.044,6.944,6.601,411.369,-4.164,3.870003852,20.64986018,146.0218797,15.84101382,5.196182397,True,True,True,True,True
US.POWI,POWI,帕沃英蒂格盛,70.345,58.33,46.503,45.802,130.399,-13.781,30.53181654,81.58874494,20.5983199,25.43276778,1.530500851,True,True,True,True,True
US.POWL,POWL,Powell Industries,296.03,223.904,162.713,144.814,441.941,-9.746,54.62402734,327.9965431,32.21291268,37.60670629,12.35999282,True,True,True,True,True
US.PPBN,PPBN,PINNACLE BANKSHARES CORP,52,48.062,42.577,39.91,65.158,-1.421,31.48500224,52.74957141,8.193583288,12.88254222,6.682535705,True,True,True,True,True
US.PPHI,PPHI,POSITIVE PHYSICIANS HOLDINGS INC,7.5,6.825,6.615,5.782,371.568,-6.25,1.590438707,8,9.89010989,3.174603175,14.40677966,True,True,True,True,True
US.PPIH,PPIH,Perma-Pipe International Holdings,33.645,31.182,29.998,29.101,169.16,-8.374,12.5,36.71992666,7.898787762,3.946929795,3.082368303,True,True,True,True,True
US.PPLL,PPLL,PEOPLES,59.5,59.293,48.818,43.69,68.68,-14.535,35.27389139,69.61914234,0.3491137234,21.45724938,11.73723964,True,True,True,True,True
US.PPTA,PPTA,Perpetua Resources,31.25,29.459,28.06,25.63,167.551,-16.376,11.68001615,37.36965464,6.079636104,4.985744833,9.481076863,True,True,True,True,True
US.PRAX,PRAX,Praxis Precision Medicines,345.475,318.798,271.261,215.332,878.869,-3.93,35.29328235,359.6075778,8.36799478,17.52445062,25.97338064,True,True,True,True,True
US.PREM,PREM,PREMIER AIR CHARTER HOLDINGS I,0.073,0.063,0.05,0.048,191.2,-6.666,0.02506868132,0.07821372704,15.87301587,26,4.166666667,True,True,True,True,True
US.PRLB,PRLB,Proto Labs,71.74,61.597,56.718,54.698,98.45,-1.873,36.15016377,73.1093379,16.46671104,8.602207412,3.693005229,True,True,True,True,True
US.PRLD,PRLD,Prelude Therapeutics,4.55,4.027,2.657,2.273,506.666,-17.87,0.7500008242,5.539997565,12.98733549,51.56191193,16.89397272,True,True,True,True,True
US.PRM,PRM,Perimeter Solutions,34.485,26.455,26.245,24.79,198.7,-1.018,11.54502846,34.83966782,30.35343035,0.80015241,5.869302138,True,True,True,True,True
US.PRPO,PRPO,Precipio,28.7,28.015,24.51,22.556,281.648,-14.659,7.520018446,33.62979107,2.445118686,14.3002856,8.66288349,True,True,True,True,True
US.PRSU,PRSU,Pursuit Attractions and Hospitality,42.725,39.216,36.467,36.169,60.258,-6.036,26.66013553,45.46954153,8.947878417,7.538322319,0.8239099782,True,True,True,True,True
US.PRYMY,PRYMY,PRYSMIAN SPA UNSP ADR EACH REPR 0.50 ORD EUR0.10,90.73,67.395,57.576,54.484,200.065,-2.167,30.23678203,92.73966862,34.62423028,17.05398083,5.675060568,True,True,True,True,True
US.PSIG,PSIG,PS International Group,7.161,6.232,5.092,4.691,220.815,-3.235,2.23212755,7.400403038,14.90693196,22.3880597,8.548283948,True,True,True,True,True
US.PSMT,PSMT,普尔斯玛特,159.24,153.18,138.709,132.235,60.893,-3.756,98.97260913,165.4544699,3.956130043,10.43263235,4.895829395,True,True,True,True,True
US.PSTL,PSTL,Postal Realty Trust,23.22,20.369,17.729,17.014,87.923,-2.723,12.35612458,23.86997954,13.99675978,14.89085679,4.202421535,True,True,True,True,True
US.PSX,PSX,Phillips 66,171.8,170.837,149.683,143.903,60.736,-9.868,106.8833367,190.6093285,0.5636952182,14.13253342,4.016594512,True,True,True,True,True
US.PSZKY,PSZKY,POWSZECHNA KASA OSZCZED BK POLSKI UNSP ADR EA REPR 1 ORD SHS PLN1,26.21,25.695,23.999,23.186,55.795,-12.74,16.82338971,30.03667201,2.004280989,7.066961123,3.506426292,True,True,True,True,True
US.PTBS,PTBS,POTOMAC BANCSHARES INC,21.99,20.049,18.754,18.253,40.32,-1.034,15.67132269,22.21975224,9.681280862,6.905193559,2.744754287,True,True,True,True,True
US.PTEN,PTEN,Patterson-UTI Energy,12.095,10.818,8.026,7.366,143.327,-4.16,4.970677319,12.61999165,11.80440007,34.78694244,8.960086886,True,True,True,True,True
US.PTGX,PTGX,Protagonist Therapeutics,105.115,100.555,89.438,81.844,138.68,-2.526,44.04013742,107.8390135,4.534831684,12.42983967,9.278627633,True,True,True,True,True
US.PTRRY,PTRRY,PRIO S.A. SPON ADS EACH REP 1 ORD SHS,13.54,12.822,9.685,9.106,107.668,-5.775,6.520022343,14.36985938,5.599750429,32.39029427,6.358444981,True,True,True,True,True
US.PUGBY,PUGBY,PUIG BRANDS SA UNSPON ADS EACH REP 0.5 ORD,10.13,10.029,9.261,9.17,35.337,-15.23,7.485018879,11.94998231,1.00707947,8.292840946,0.9923664122,True,True,True,True,True
US.PUK,PUK,英国保诚,31.52,29.799,29.65,28.855,45.097,-6.149,21.72339883,33.58515093,5.775361589,0.502529511,2.755155086,True,True,True,True,True
US.PUMP,PUMP,ProPetro Holding,16.79,14.908,11.543,9.907,272.283,-9.243,4.510009858,18.49995042,12.62409445,29.15186693,16.51357626,True,True,True,True,True
US.PUMSY,PUMSY,PUMA SE UNSPON ADR EACH REP 0.1 ORD SHS,2.92,2.689,2.498,2.439,70.76,-4.885,1.710002342,3.069967934,8.590554109,7.646116894,2.41902419,True,True,True,True,True
US.PUTRY,PUTRY,PTT PUBLIC COMPANY UNSP ADR EACH REP 5 ORD SHS,5.52,5.188,4.695,4.563,33.797,-13.75,4.125653042,6.4,6.399383192,10.50053248,2.892833662,True,True,True,True,True
US.PVL,PVL,Permianville Royalty Trust,1.92,1.852,1.769,1.764,42.626,-4.477,1.346178116,2.009987124,3.671706263,4.691916337,0.283446712,True,True,True,True,True
US.PW.PRA,PW.PRA,POWER REIT 7.75% CUM RED PERP PFD SHS SER A USD25,8.681,7.485,6.017,5.546,175.577,-12.316,3.150117753,9.90032389,15.97862391,24.3975403,8.492607285,True,True,True,True,True
US.PWR,PWR,广达服务,777,619.3,515.1,484.139,142.621,-1.489,320.252575,788.7444042,25.46423381,20.22908173,6.395064227,True,True,True,True,True
US.PYPD,PYPD,PolyPid,4.4,4.394,4.169,3.981,80.327,-14.062,2.440011756,5.119970211,0.1365498407,5.396977692,4.72243155,True,True,True,True,True
US.QBIEY,QBIEY,QBE INSURANCE GROUP SPON ADR EA REPR 1 ORD SHS,16.44,15.501,13.621,13.463,40.896,-3.008,11.66818079,16.94985153,6.057673698,13.80221716,1.173586868,True,True,True,True,True
US.QCRH,QCRH,QCR Holdings,89.48,87.497,84.512,82.344,41.028,-6.676,63.44839323,95.88101667,2.266363418,3.532042787,2.632857282,True,True,True,True,True
US.QEPC,QEPC,Q.E.P. CO INC,50,45.758,40.217,39.557,44.003,-1.511,34.72149886,50.76709074,9.270510075,13.77775568,1.668478398,True,True,True,True,True
US.QKLS,QKLS,庆客隆,0,0,0,0,9900,0,0,0,,,,True,True,True,True,True
US.QNBC,QNBC,QNB CORP,44,41.02,37.002,36.02,41.276,-4.347,31.14470965,45.99960273,7.264748903,10.85887249,2.726263187,True,True,True,True,True
US.QNTO,QNTO,QUAINT OAK BANCORP INC,17.59,15.116,11.849,11.478,100.171,0,8.787486699,17.59,16.36676369,27.571947,3.23227043,True,True,True,True,True
US.QTI,QTI,QT Imaging,6.71,6.618,5.894,4.987,833.5,-21.058,0.7188002142,8.499911327,1.390148081,12.28367832,18.18728695,True,True,True,True,True
US.QTTB,QTTB,Q32 Bio,6.16,5.969,4.23,3.649,355.762,-23.803,1.351582624,8.084307781,3.199865974,41.11111111,15.92217046,True,True,True,True,True
US.QUAD,QUAD,Quad/Graphics,7.35,7.127,6.372,6.317,52.579,-14.93,4.817176676,8.639943576,3.128946261,11.84871312,0.8706664556,True,True,True,True,True
US.QUIK,QUIK,快辑半导体,20.04,12.354,8.786,8.035,317.502,-11.678,4.799977006,22.68970358,62.21466731,40.61006146,9.346608587,True,True,True,True,True
US.R,R,莱德系统,230.585,217.687,198.234,194.248,63.251,-10.971,141.2456892,258.9998764,5.925020787,9.813150116,2.05201598,True,True,True,True,True
US.RAASY,RAASY,容联云,2.2,1.901,1.75,1.648,1366.666,-12.698,0.1500000682,2.519988087,15.72856391,8.628571429,6.189320388,True,True,True,True,True
US.RAIFY,RAIFY,RAIFFEISEN BANK INTERNATIONAL UNSP ADR EA REPR 0.25 ORD SHS,14.6,12.022,10.906,10.218,127.345,-2.013,6.421957817,14.89993571,21.4440193,10.23289932,6.733215894,True,True,True,True,True
US.RAPP,RAPP,Rapport Therapeutics,38.195,33.107,29.54,27.261,394.113,-9.637,7.730013175,42.26840632,15.3683511,12.07515234,8.359928102,True,True,True,True,True
US.RBB,RBB,RBB Bancorp,23.47,22.305,20.952,20.415,51.934,-4.979,15.44749694,24.6998032,5.223044161,6.457617411,2.63041881,True,True,True,True,True
US.RBC,RBC,RBC轴承,611.01,575.034,503.816,475.189,73.982,-3.321,351.1915026,631.998676,6.256325713,14.13571621,6.024339789,True,True,True,True,True
US.RBKB,RBKB,Rhinebeck Bancorp,16.145,15.71,13.195,13.04,71.572,-10.255,9.410043597,17.98986016,2.768936983,19.06025009,1.188650307,True,True,True,True,True
US.RBNK,RBNK,RIVERBANK HLDG CO,28.5,24.91,20.826,19.617,52.815,-5,18.65000164,30,14.41188278,19.61010276,6.163021869,True,True,True,True,True
US.RBSFY,RBSFY,RUBIS SCA UNSP ADR EACH REP 0.20 SHS,8.7,8.355,7.833,7.523,50.55,-0.684,5.778811026,8.759917838,4.129263914,6.664113367,4.120696531,True,True,True,True,True
US.RBSH,RBSH,REBUS HLDGS INC,0,0,0,0,9900,0,0,0,,,,True,True,True,True,True
US.RCUS,RCUS,Arcus Biosciences,24.85,23.427,21.941,19.279,214.159,-13.474,7.910007353,28.71969119,6.074187903,6.772708628,13.80777011,True,True,True,True,True
US.RDNW,RDNW,RideNow Group,7.95,6.752,5.743,5.2,444.52,-3.284,1.460001469,8.219942926,17.742891,17.5692147,10.44230769,True,True,True,True,True
US.REDFY,REDFY,Rediff.com India Limited,0,0,0,0,9900,-0.99,0,0,,,,True,True,True,True,True
US.RELL,RELL,理查森电子,17.4,12.863,11.698,11.191,105.328,-2.793,8.474246084,17.89994548,35.27170955,9.958967345,4.530426235,True,True,True,True,True
US.REPX,REPX,Riley Exploration Permian,36.48,35.213,29.323,28.585,56.311,-10.585,23.33808881,40.79852374,3.598102973,20.08662142,2.581773658,True,True,True,True,True
US.REPYY,REPYY,REPSOL SA SPON ADR-EACH CNV INTO 1 ORD(BNY),26.205,26.185,21.223,19.952,117.817,-9.886,12.0307414,29.07983221,0.07637960665,23.38029496,6.370288693,True,True,True,True,True
US.RES,RES,RPC Inc,7.085,6.985,5.986,5.622,73.168,-12.66,4.091402569,8.111976185,1.431639227,16.68894086,6.474564212,True,True,True,True,True
US.REX,REX,REX American Resources,49.25,44.427,37,35.126,153.343,-7.702,19.44004768,53.35976944,10.85601098,20.07297297,5.335079428,True,True,True,True,True
US.RF.PRB,RF.PRB,REGIONS FINANCIAL CORP 6.375 NON CUM REP 1/40 PERP PFD SER B,24.98,24.838,24.35,23.848,30.049,-0.119,19.20814462,25.00976162,0.5717046461,2.004106776,2.104998323,True,True,True,True,True
US.RFIL,RFIL,RF Industries,18.352,12.778,9.633,9.1,361.105,-3.41,3.980004554,18.99989647,43.62185005,32.64818852,5.857142857,True,True,True,True,True
US.RGFC,RGFC,The Real Good Food,0.69,0.486,0.219,0.186,690000,-17.609,9.998550935e-05,0.837470112,41.97530864,121.9178082,17.74193548,True,True,True,True,True
US.RGLXY,RGLXY,RTL GROUP UNSP ADR EACH REPR 0.10 EUR0.00,4.3,3.606,3.248,3.155,54.157,-10.041,2.78936409,4.779955313,19.24570161,11.02216749,2.94770206,True,True,True,True,True
US.RHHBY,RHHBY,罗氏(ADR),51.22,50.512,49.639,47.184,40.75,-13.236,36.39076377,59.03370061,1.401647133,1.758697798,5.203034927,True,True,True,True,True
US.RHP,RHP,Ryman Hospitality Properties,106.27,98.41,94.654,93.989,30.086,-5.537,81.69211137,112.4990737,7.986993192,3.968136582,0.7075296045,True,True,True,True,True
US.RIG,RIG,Transocean,6.88,6.44,5.146,4.644,194.017,-3.641,2.340000748,7.139966168,6.832298137,25.14574427,10.80964686,True,True,True,True,True
US.RILY,RILY,BRC Group Holdings Inc,9.26,7.662,6.545,6.387,232.495,-15.587,2.785004286,10.96987431,20.85617332,17.06646295,2.473774855,True,True,True,True,True
US.RILYG,RILYG,BRC GP HLDGS INC 5.00% SENIOR NOTES DUE (31/12/2026),24.36,23.103,20.674,20.195,275.466,-0.123,6.487937656,24.3899997,5.440851837,11.74905679,2.371874226,True,True,True,True,True
US.RILYL,RILYL,BRC GP HLDGS INC 7.375% DEP SHS EACH REP 1/1000 PFD SER B,15.418,12.512,8.98,8.362,771.079,-6.443,1.769988715,16.47979307,23.22570332,39.33184855,7.390576417,True,True,True,True,True
US.RILYN,RILYN,BRC GP HLDGS INC 6.5% SR NOTES DUE 30/09/2026 USD25,24.85,23.992,21.761,21.171,231.651,-0.4,7.492816244,24.9497992,3.576192064,10.2522862,2.786831042,True,True,True,True,True
US.RILYP,RILYP,BRC GP HLDGS INC 6.875% DEP SHS REP 1/1000 CUM PFD SER A,14.982,11.793,8.518,7.973,766.017,-4.511,1.729989134,15.68976531,27.04146528,38.44799249,6.835570049,True,True,True,True,True
US.RILYT,RILYT,BRC GP HLDGS INC 6.00% SENIOR NOTES DUE 2028,21,18.292,15.54,14.926,354.258,-0.521,4.622923537,21.10998301,14.80428603,17.70913771,4.113627228,True,True,True,True,True
US.RILYZ,RILYZ,BRC GP HLDGS INC 5.25% SENIOR NOTES DUE 31/08/2028,19.42,16.84,13.761,13.224,335.333,-0.154,4.46095288,19.44995293,15.32066508,22.37482741,4.060798548,True,True,True,True,True
US.RIO,RIO,力拓,109.9,95.951,84.394,78.495,107.966,-2.38,52.84517662,112.5793895,14.53762858,13.69410148,7.515128352,True,True,True,True,True
US.RIOT,RIOT,Riot Platforms,24.665,16.924,16.574,16.174,211.097,-4.601,7.928395324,25.85456871,45.73977783,2.111741282,2.473104983,True,True,True,True,True
US.RKLB,RKLB,Rocket Lab,131.455,78.129,70.196,64.539,450.369,-1.148,23.8848845,132.9816291,68.25378541,11.30121374,8.765242721,True,True,True,True,True
US.RLGT,RLGT,Radiant Logistics,8.19,7.654,6.929,6.736,41.695,-6.185,5.780020466,8.729947237,7.002874314,10.46327031,2.8652019,True,True,True,True,True
US.RLJ,RLJ,RLJ Lodging Trust,9.045,7.919,7.501,7.38,43.921,-1.147,6.284697855,9.149949926,14.21896704,5.572590321,1.639566396,True,True,True,True,True
US.RLMD,RLMD,Relmada Therapeutics,7.41,6.858,4.77,3.888,1601.883,-7.375,0.4354000833,8,8.048993876,43.77358491,22.68518519,True,True,True,True,True
US.RLYB,RLYB,Rallybio,14.26,9.86,6.9,6.303,560.185,-6.859,2.160000606,15.31012121,44.62474645,42.89855072,9.471680152,True,True,True,True,True
US.RMBS,RMBS,Rambus,131.36,108.793,103.273,98.571,152.033,-18.813,52.12015887,161.7993028,20.74306251,5.345056307,4.770165667,True,True,True,True,True
US.RMCF,RMCF,洛矶山巧克力工厂,2.56,2.353,2.082,1.956,124.561,-14.381,1.140002048,2.989990539,8.797280068,13.01633045,6.441717791,True,True,True,True,True
US.RMIX,RMIX,Suncrete,17.79,13.134,11.955,11.772,93.369,-5.12,9.200026892,18.75,35.44997716,9.861982434,1.554536188,True,True,True,True,True
US.RMR,RMR,The RMR Group,19.4,16.668,15.494,15.375,52.103,-4.998,12.75451503,20.42062272,16.39068874,7.57712663,0.7739837398,True,True,True,True,True
US.RMYHY,RMYHY,RAMSAY HEALTH CARE UNSP ADR EACH REPR 0.25 ORD,6.975,6.802,5.949,5.752,66.128,-2.787,4.198569778,7.174966311,2.543369597,14.33854429,3.424895688,True,True,True,True,True
US.RNECY,RNECY,瑞萨电子(ADR),12.28,8.786,7.739,7.294,123.272,-0.967,5.500017915,12.3999071,39.76781243,13.5288797,6.100904853,True,True,True,True,True
US.ROG,ROG,罗杰斯,140.63,117.925,101.219,95.353,129.919,-2.651,61.16501898,144.4596246,19.25376298,16.50480641,6.151877759,True,True,True,True,True
US.ROHCY,ROHCY,罗姆半导体(ADR),23.58,21.891,17.449,16.664,147.429,-7.11,9.530006588,25.38486382,7.71549952,25.45704625,4.710753721,True,True,True,True,True
US.ROIV,ROIV,Roivant Sciences,29.455,28.38,24.123,21.404,178.402,-2.884,10.58002457,30.3297088,3.787878788,17.64705882,12.70323304,True,True,True,True,True
US.ROK,ROK,罗克韦尔自动化,457.165,392.78,390.988,378.631,54.739,-1.363,295.4426486,463.4822632,16.39212791,0.4583260867,3.263599652,True,True,True,True,True
US.ROKU,ROKU,Roku Inc,125.735,107.058,102.409,100.433,85.811,-4.303,67.66822201,131.3886538,17.44568365,4.539640071,1.967480808,True,True,True,True,True
US.RPRX,RPRX,Royalty Pharma,53.155,48.27,42.724,40.992,68.139,-0.589,31.61372436,53.46993793,10.12015745,12.98099429,4.225214676,True,True,True,True,True
US.RRTS,RRTS,Roadrunner Transportation Systems,3.74,3.101,2.728,2.645,128.048,-17.982,1.640005613,4.55997464,20.60625605,13.67302053,3.137996219,True,True,True,True,True
US.RRX,RRX,Regal Rexnord,208.74,199.879,172.812,165.793,63.852,-11.679,127.3954544,236.3424327,4.433182075,15.66268546,4.233592492,True,True,True,True,True
US.RS,RS,Reliance,367.465,326.808,307.674,302.125,42.373,-3.552,258.1002016,380.9980508,12.44063793,6.218920026,1.836657013,True,True,True,True,True
US.RSHGY,RSHGY,RESONA HOLDINGS UNSPON ADS EACH REP 0.5 ORD,26.07,23.588,22.052,21.538,59.079,-9.636,16.38808391,28.84998451,10.52229947,6.965354616,2.38647971,True,True,True,True,True
US.RSRV,RSRV,RESERVE PETROLEUM CO,225.29,209.613,183.837,177.017,57.619,-3.927,142.9332758,234.4987666,7.479020862,14.02111653,3.852737308,True,True,True,True,True
US.RSVR,RSVR,Reservoir Media,10.18,9.857,8.327,8.2,46.054,-2.396,6.970024785,10.42990041,3.276859085,18.37396421,1.548780488,True,True,True,True,True
US.RUSHA,RUSHA,Rush Enterprises-A,70.345,68.799,61.398,59.914,55.431,-8.39,45.25802446,76.78746862,2.247125685,12.05413857,2.476883533,True,True,True,True,True
US.RVMD,RVMD,Revolution Medicines,149.15,119.574,94.773,81.227,338.676,-4.206,34.00003647,155.6986868,24.73447405,26.16884556,16.67672079,True,True,True,True,True
US.RWCB,RWCB,REDWOOD CAP BANCORP,32.62,30.811,27.674,26.129,60.219,-2.539,20.35963275,33.46979818,5.871279738,11.33554961,5.912970263,True,True,True,True,True
US.RXEEY,RXEEY,REXEL UNSP ADR EA REPR 1 ORD EUR5.00,44.68,40.005,38.342,36.555,67.184,-2.165,26.72504546,45.66872796,11.68603925,4.337280267,4.888524142,True,True,True,True,True
US.RXT,RXT,Rackspace Technology,7.078,1.999,1.43,1.404,1704.071,-2.475,0.3923348915,7.25762625,254.0770385,39.79020979,1.851851852,True,True,True,True,True
US.RY,RY,加拿大皇家银行,182.79,169.779,162.396,156.337,51.666,-0.182,120.5214089,183.1232844,7.663491951,4.546294244,3.875602065,True,True,True,True,True
US.SA,SA,Seabridge Gold,31.9,30.135,29.553,26.87,178.359,-20.359,11.46002105,40.05474567,5.856976937,1.969343214,9.985113509,True,True,True,True,True
US.SABK,SABK,SOUTH ATLANTIC BANCSHARES INC,24.49,22.945,20.251,19.269,68.926,-0.649,14.49747227,24.64997836,6.733493136,13.30304676,5.096268618,True,True,True,True,True
US.SACH.PRA,SACH.PRA,SACHEM CAPITAL CORP 7.75% SERIES A REDEEMABLE PREFERRED STCK,18.425,17.727,17.559,17.128,56.58,-1.205,11.76714778,18.64972924,3.937496474,0.9567743038,2.516347501,True,True,True,True,True
US.SAIA,SAIA,Saia,455.47,390.075,352.16,339.752,83.383,-1.515,248.3708959,462.4765193,16.76472473,10.76641299,3.652075632,True,True,True,True,True
US.SAIH,SAIH,SAIHEAT,11.75,9.547,8.544,8.431,119.216,-23.75,5.360010218,15.40983607,23.07531162,11.73923221,1.34029178,True,True,True,True,True
US.SAN,SAN,桑坦德银行,11.82,11.562,11.325,10.858,56.403,-9.632,7.557399794,13.07985127,2.231447846,2.092715232,4.300976239,True,True,True,True,True
US.SANM,SANM,新美亚电子,242.25,165.208,156.626,146.934,208.874,-5.08,78.43003943,255.2149178,46.63333495,5.479294625,6.59615882,True,True,True,True,True
US.SAPMY,SAPMY,SAIPEM SPA,1.067,0.926,0.694,0.64,171.15,-12.54,0.3935091278,1.219986279,15.22678186,33.42939481,8.4375,True,True,True,True,True
US.SATL,SATL,Satellogic,8.37,5.906,3.732,3.687,566.932,-5.953,1.25500051,8.899805416,41.72028446,58.25294748,1.220504475,True,True,True,True,True
US.SATS,SATS,回声星通信,136.1,120.216,104.312,92.047,814.395,-2.361,14.88415838,139.391022,13.21288348,15.24656799,13.32471455,True,True,True,True,True
US.SB,SB,Safe Bulkers,7.37,6.508,5.569,5.243,117.777,-0.135,3.38419576,7.37996295,13.24523663,16.86119591,6.217814228,True,True,True,True,True
US.SBFFY,SBFFY,SBM OFFSHORE NV ADR EACH REPR 1 ORD,40.85,40.098,32.34,28.42,113.743,-7.474,19.11173699,44.1497525,1.875405257,23.98886827,13.79310345,True,True,True,True,True
US.SBFG,SBFG,SB Financial Group,22.26,21.303,21.092,20.876,33.033,-6.289,16.73269039,23.75388161,4.492325025,1.000379291,1.034680973,True,True,True,True,True
US.SBGSY,SBGSY,SCHNEIDER ELECTRIC SE UNSPON ADR EA REPR 0.20 ORD SHS,62.94,59.291,57.027,55.78,33.663,-4.613,47.0885735,65.98383428,6.154391054,3.970049275,2.235568304,True,True,True,True,True
US.SBKO,SBKO,SUMMIT BANK GROUP INC,20.726,19.928,18.009,17.08,55.6,-0.115,13.32005141,20.74986234,4.004415897,10.65578322,5.43911007,True,True,True,True,True
US.SBLK,SBLK,Star Bulk Carriers,26.785,24.245,21.435,20.719,74.353,-3.268,15.36251169,27.68990613,10.47638688,13.10940051,3.45576524,True,True,True,True,True
US.SBNC,SBNC,SOUTHERN BANCSHARES N C INC,11700,11433.582,9771.338,9410.718,42.179,-3.255,8229.063364,12093.64825,2.33013591,17.01142668,3.832013668,True,True,True,True,True
US.SBRA,SBRA,Sabra Health Care REIT,21.235,20.291,19.19,18.918,30.379,-0.164,16.28713213,21.26988261,4.652308905,5.73736321,1.437784121,True,True,True,True,True
US.SBUX,SBUX,星巴克,106.75,98.388,91.433,89.979,38.754,-1.956,76.934719,108.8796867,8.499003944,7.606662802,1.615932606,True,True,True,True,True
US.SCBFY,SCBFY,STANDARD CHARTERED PLC UNSPON ADS EACH REP 2 ORD SHS,51.78,46.168,45.409,43.359,74.185,-1.689,29.72701438,52.66958936,12.15560561,1.671474818,4.727968818,True,True,True,True,True
US.SCCE,SCCE,SACHEM CAPITAL CORP 6% NOTES 30/03/2027 USD25,24.05,23.799,23.05,22.654,39.23,-2.552,17.2735761,24.67982924,1.054666162,3.249457701,1.748035667,True,True,True,True,True
US.SCCF,SCCF,SACHEM CAPITAL CORP 7.125% NTS 30/06/2027 USD25,24,23.633,22.91,22.505,40.297,0,17.10656678,24,1.552913299,3.15582715,1.799600089,True,True,True,True,True
US.SCCG,SCCG,SACHEM CAPITAL CORP 8% NOTES DUE 30/09/2027 USD25.00,24.02,23.694,23.017,22.669,53.339,-0.579,15.66463848,24.15988574,1.375875749,2.941304253,1.535136089,True,True,True,True,True
US.SCCO,SCCO,南方铜业,188.175,176.256,161.967,146.501,125.577,-14.664,83.41940889,220.5106872,6.762322985,8.822167479,10.55692453,True,True,True,True,True
US.SCGPY,SCGPY,SERCO GROUP PLC SPN ADR EACH REP 1 ORD SHS,3.598,3.368,2.605,2.496,82.726,-16.348,1.969068441,4.301152393,6.828978622,29.28982726,4.366987179,True,True,True,True,True
US.SCHL,SCHL,学乐集团,39.25,38.188,33.077,31.215,139.898,-9.089,16.36112014,43.17409334,2.780978318,15.45182453,5.965080891,True,True,True,True,True
US.SCIA,SCIA,SCI ENGINEERED MATERIALS INC,7.6,5.501,5.145,4.901,100,-15.461,3.8,8.98993364,38.15669878,6.919339164,4.978575801,True,True,True,True,True
US.SCMWY,SCMWY,SWISSCOM AG SPON LVL3 ADR EACH REP 1/10 CHF9(RG),86.675,85.555,77.817,75.891,35.07,-4.845,64.17043015,91.08822448,1.30909941,9.943842605,2.537850338,True,True,True,True,True
US.SCRYY,SCRYY,SCOR SE ADR EACH REPR 0.10 ORD EUR7.876972,3.64,3.454,3.225,3.207,31.221,-4.181,2.773946243,3.798829042,5.385060799,7.100775194,0.561272217,True,True,True,True,True
US.SCTBY,SCTBY,SECURITAS AB UNSP ADR EA REP 1 ORD 'B',18,17.482,15.789,14.904,40.896,-9.28,12.77538042,19.84126984,2.963047706,10.72265501,5.938003221,True,True,True,True,True
US.SDRL,SDRL,Seadrill,51.225,46.536,38.565,36.666,129.708,-0.88,22.3000505,51.67978208,10.07607014,20.66900039,5.179185076,True,True,True,True,True
US.SDZNY,SDZNY,Sandoz Group AG,86.78,80.766,75.364,71.302,86.889,-6.704,46.43397953,93.01577774,7.44620261,7.167878563,5.696894898,True,True,True,True,True
US.SEBC,SEBC,SOUTHEASTERN BANKING CORP,29.5,27,24.445,23.843,37.203,-1.752,21.50098759,30.02605651,9.259259259,10.45203518,2.524850061,True,True,True,True,True
US.SEDG,SEDG,SolarEdge Technologies,47.62,43.089,37.58,36.175,247.268,-11.293,13.71275211,53.6823475,10.51544478,14.65939329,3.883897719,True,True,True,True,True
US.SEI,SEI,Solaris Energy Infrastructure,78.85,64.086,54.811,49.318,276.324,-2.941,20.9526897,81.23924623,23.03779297,16.92178577,11.13792125,True,True,True,True,True
US.SEM,SEM,Select Medical Holdings,16.47,16.294,15.151,14.516,43.897,-2.283,11.44568685,16.85479497,1.080152203,7.544056498,4.374483329,True,True,True,True,True
US.SEMR,SEMR,SEMrush(已退市),12,11.92,10.641,10.009,82.982,-0.083,6.558022101,12.00996827,0.6711409396,12.01954704,6.314317115,True,True,True,True,True
US.SFDL,SFDL,SECURITY FEDERAL CORP,36,34.842,31.151,29.7,31.032,-0.743,27.47420477,36.26948225,3.323574996,11.8487368,4.885521886,True,True,True,True,True
US.SFDMY,SFDMY,上海复旦(ADR),124,33.073,27.528,26.834,400.99,0,24.75099303,124,274.9281892,20.143127,2.586271149,True,True,True,True,True
US.SFES,SFES,安科投资,0.443,0.363,0.238,0.224,223.036,-15.872,0.1371364182,0.526578547,22.03856749,52.5210084,6.25,True,True,True,True,True
US.SFFLY,SFFLY,SCHAEFFLER AG UNSPON ADR EACH REP 1 ORD SHS,11.65,9.109,8.827,7.801,217.174,-16.305,3.673062735,13.91958898,27.89548798,3.194743401,13.15215998,True,True,True,True,True
US.SFL,SFL,SFL Corp,12.531,10.996,9.084,8.764,94.601,-3.16,6.439329705,12.93990087,13.95962168,21.04799648,3.651300776,True,True,True,True,True
US.SFST,SFST,Southern First Bancshares,56.185,55.263,52.915,50.571,62.807,-9.379,34.51018691,61.99997793,1.668385719,4.437305112,4.635067529,True,True,True,True,True
US.SGBLY,SGBLY,STANDARD BANK GROUP LIMITED SPON ADR EA REPR 1 ORD,18.72,18.37,17.188,16.201,62.8,-6.746,11.4987715,20.07420593,1.905280348,6.876890854,6.09221653,True,True,True,True,True
US.SHBI,SHBI,Shore Bancshares,19.49,18.859,17.986,17.54,41.959,-5.142,13.72931621,20.54650109,3.345882602,4.853775158,2.542759407,True,True,True,True,True
US.SHECY,SHECY,信越化学工业(ADR),23.655,21.089,17.876,17.283,73.423,-4.385,13.64005928,24.73984207,12.16748068,17.97381965,3.431117283,True,True,True,True,True
US.SHG,SHG,新韩金融,65.42,64.349,58.855,56.205,80.186,-10.119,36.30692729,72.785127,1.664361529,9.334805879,4.714883018,True,True,True,True,True
US.SHIP,SHIP,Seanergy Maritime,16.16,14.037,11.213,10.342,190.381,-3.867,5.5651024,16.81004442,15.12431431,25.18505306,8.421968671,True,True,True,True,True
US.SHKLY,SHKLY,中国重汽(ADR),146.57,135.866,117.304,112.576,63.885,0,89.43466455,146.57,7.878350728,15.82384232,4.199829449,True,True,True,True,True
US.SHWDY,SHWDY,Resonac控股(ADR),126.17,77.517,57.023,48.67,527.711,0,20.10001418,126.17,62.76429686,35.93988391,17.16252311,True,True,True,True,True
US.SIF,SIF,SIFCO Industries,18.495,15.017,9.958,9.128,560.535,-9.293,2.800003028,20.38982658,23.16041819,50.80337417,9.092900964,True,True,True,True,True
US.SIFY,SIFY,Sify Technologies,16.289,14.357,13.524,12.755,292.498,-8.746,4.150084841,17.85017643,13.45685032,6.15942029,6.029008232,True,True,True,True,True
US.SIHBY,SIHBY,SHENZHEN INVESTMENT HLDGS BAY AREA SPON ADR EA REP 10 ORD SHS,2.4,2.288,2.038,2.002,31.575,-15.194,1.824054722,2.829988444,4.895104895,12.26692836,1.798201798,True,True,True,True,True
US.SILA,SILA,Sila Realty Trust,30.545,26.665,24.516,24.407,41.478,-0.277,21.58992918,30.62984467,14.55090943,8.76570403,0.4465931905,True,True,True,True,True
US.SILC,SILC,Silicom电信,50.01,27.447,20.146,19.328,274.769,-4.887,13.34422004,52.57956326,82.20570554,36.24044475,4.232201987,True,True,True,True,True
US.SIMO,SIMO,慧荣科技,266.17,154.472,120.477,111.092,349.143,-2.822,59.2617496,273.8994423,72.30954477,28.21700408,8.447953048,True,True,True,True,True
US.SION,SION,Sionna Therapeutics,43.055,39.38,39.017,35.147,246.658,-11.126,12.42002204,48.44498954,9.332148299,0.9303636876,11.01089709,True,True,True,True,True
US.SITIY,SITIY,SITC INTERNATIONAL HLDGS CO LTD UNSPON ADS EACH REP 10 ORD SHS,45.493,42.767,38.032,36.845,104.676,-1.807,22.22683656,46.33018647,6.374073468,12.45004207,3.221604017,True,True,True,True,True
US.SITM,SITM,SiTime,824.205,473.987,385.705,352.2,341.956,-8.605,186.4902841,901.8053504,73.88768046,22.88847694,9.513060761,True,True,True,True,True
US.SKE,SKE,Skeena Resources,34.12,31.016,26.748,24.24,199.298,-11.993,11.40000936,38.76964332,10.00773794,15.95633318,10.34653465,True,True,True,True,True
US.SKFG,SKFG,STARK FOCUS GROUP INC,0.13,0.095,0.07,0.064,170.833,-12.634,0.04800005908,0.1487993041,36.84210526,35.71428571,9.375,True,True,True,True,True
US.SKM,SKM,韩国SK电信,39.14,33.731,26.645,25.441,101.422,-3.334,19.43183962,40.48993441,16.03569417,26.59410771,4.732518376,True,True,True,True,True
US.SKYT,SKYT,SkyWater Technology,35.87,30.452,25.211,22.141,338.508,-1.097,8.180010399,36.26785841,17.79193485,20.78854468,13.86567906,True,True,True,True,True
US.SLAB,SLAB,芯科实验室,216.73,210.683,169.584,160.533,87.636,-0.889,115.5055533,218.674012,2.870188862,24.23518728,5.638093102,True,True,True,True,True
US.SLB,SLB,斯伦贝谢,55.87,51.598,44.704,42.007,79.024,-2.325,31.20810618,57.19989762,8.279390674,15.4214388,6.420358512,True,True,True,True,True
US.SLBK,SLBK,SKYLINE BANKSHARES INC,25.05,22.725,20.412,19.377,74.042,-0.909,14.39307753,25.27979332,10.2310231,11.33156966,5.341384115,True,True,True,True,True
US.SLDB,SLDB,Solid Biosciences,7.76,7.553,6.295,6.183,197.318,-12.475,2.610000067,8.866038275,2.740632861,19.98411438,1.811418405,True,True,True,True,True
US.SLF,SLF,永明金融,71.265,66.862,63.083,61.737,30.926,-3.903,54.43151093,74.15944306,6.585205348,5.990520425,2.180216078,True,True,True,True,True
US.SLFPY,SLFPY,ABERDEEN GROUP PLC UNSPON ADS EACH REP 4 ORD SHS(R/S),12.3,11.09,10.834,10.561,49.42,-2.766,8.231829742,12.64989613,10.91073039,2.362931512,2.584982483,True,True,True,True,True
US.SLN,SLN,Silence Therapeutics,7.15,6.604,6.196,5.965,70.644,-14.88,4.190009611,8.399906015,8.267716535,6.58489348,3.872590109,True,True,True,True,True
US.SLRK,SLRK,SOLERA NATIONAL BANCORP INC,19,18.316,14.775,13.321,124.852,0,8.450002668,19,3.734439834,23.96615905,10.91509646,True,True,True,True,True
US.SLS,SLS,Sellas Life Sciences,7.525,5.031,3.605,3.137,441.366,-3.525,1.390002327,7.799948173,49.57264957,39.55617198,14.91871215,True,True,True,True,True
US.SLSR,SLSR,Solaris Resources,10.835,9.468,8.525,7.767,189.527,-5.618,3.742310734,11.47994321,14.43810731,11.06158358,9.759237801,True,True,True,True,True
US.SMBC,SMBC,Southern Missouri Bancorp,67.79,65.399,60.72,59.135,43.623,-3.295,47.19996101,70.09978802,3.656019205,7.705862978,2.68030777,True,True,True,True,True
US.SMBK,SMBK,SmartFinancial,40.738,40.356,38.659,37.904,33.658,-7.035,30.47928295,43.82079277,0.9465754782,4.389663468,1.991874209,True,True,True,True,True
US.SMBMY,SMBMY,SEATRIUM LTD UNSP ADR EACH REPR 20 ORD (PST RV SPLIT),19.5,17.133,16.8,16.512,44.648,-4.581,13.48100216,20.43618147,13.81544388,1.982142857,1.744186047,True,True,True,True,True
US.SMC,SMC,Summit Midstream,30.85,30.468,27.341,26.078,61.265,-7.91,19.13000341,33.49983712,1.253774452,11.43703595,4.843162819,True,True,True,True,True
US.SMCAY,SMCAY,SMC(ADR),24.99,22.149,20.043,19.002,74.661,-9.996,14.30771609,27.76543265,12.82676419,10.50740907,5.478370698,True,True,True,True,True
US.SMEV,SMEV,SIMULATED ENVIRONMENT CONCEPTS INC,0.008,0.007,0.006,0.005,159.375,-7.777,0.003084337349,0.008674625636,14.28571429,16.66666667,20,True,True,True,True,True
US.SMFG,SMFG,三井住友金融,21.775,20.562,19.652,18.78,54.795,-10.519,14.06699183,24.33477498,5.899231592,4.630571952,4.643237487,True,True,True,True,True
US.SMMYY,SMMYY,住友金属矿山(ADR),16.74,15.453,12.567,11.16,211.731,-18.381,5.370014532,20.50993029,8.328479907,22.96490809,12.60752688,True,True,True,True,True
US.SMPNY,SMPNY,日本财产保险(ADR),18.993,18.598,17.447,17.035,36.342,-7.263,13.93041029,20.48049861,2.123884289,6.597122715,2.418550044,True,True,True,True,True
US.SMSMY,SMSMY,SIMS LTD SPON ADR EA REP 1 ORD SHS NPV,15.671,14.133,12.677,11.83,95.231,-6.906,8.026901465,16.83352311,10.88233213,11.4853672,7.159763314,True,True,True,True,True
US.SMTC,SMTC,先科电子,139.52,95.153,82.474,76.446,303.353,-2.664,34.59004891,143.3385387,46.62701123,15.37332978,7.885304659,True,True,True,True,True
US.SMTGY,SMTGY,SMA SOLAR TECHNOLOGY AG UNSP ADR EA REPR 0.10 ORD SHS,7.46,5.3,4.208,3.753,307.65,0,1.830001227,7.46,40.75471698,25.95057034,12.12363443,True,True,True,True,True
US.SMTOY,SMTOY,SUMITOMO ELECTRIC INDUSTRIES ADR EACH CNV INTO 1 ORD NPV,76.87,64.119,50.242,44.608,328.245,-7.519,17.95000525,83.11977595,19.88646111,27.62031766,12.63002152,True,True,True,True,True
US.SNCRL,SNCRL,SYNCHRONOSS TECHNOLOGIES INC 8.375% SENIOR NOTES DUE 30/06/2026,25.14,24.651,24.179,23.857,31.579,-0.593,19.10639236,25.28996952,1.983692345,1.9521072,1.349708681,True,True,True,True,True
US.SND,SND,Smart Sand,4.745,4.738,3.923,3.422,190.255,-17.105,1.634769427,5.724108812,0.1477416631,20.77491716,14.64056108,True,True,True,True,True
US.SNDA,SNDA,Sonida Senior Living,38.87,34.861,32.513,30.902,64.285,-1.967,23.66010287,39.6499138,11.49995697,7.221726694,5.213254806,True,True,True,True,True
US.SNDK,SNDK,闪迪,1404.65,906.252,529.572,415.234,3824.28,-12.218,35.79382715,1600.157208,54.99552001,71.12913825,27.53579909,True,True,True,True,True
US.SNDR,SNDR,Schneider National,32.65,27.739,26.437,25.678,63.613,-2.069,19.955627,33.33980047,17.70431522,4.924915838,2.955837682,True,True,True,True,True
US.SNEX,SNEX,StoneX,116.915,92.146,76.421,73.432,118.596,-6.713,53.48451024,125.328288,26.88016843,20.5768048,4.070432509,True,True,True,True,True
US.SNLAY,SNLAY,信和置业(ADR),8.24,7.845,7.256,6.902,85.467,-7.311,4.442838888,8.889943791,5.035054175,8.117420066,5.128948131,True,True,True,True,True
US.SNLC,SNLC,SECURITY NATIONAL CORP IOWA,203,177.252,152.661,145.66,57.191,-15.181,129.1422537,239.3331683,14.52621127,16.10823983,4.806398462,True,True,True,True,True
US.SNNF,SNNF,SENECA BANCORP INC,12.5,11.274,10.745,10.622,31.578,-15.254,9.5000684,14.7499587,10.87457868,4.923220102,1.157974016,True,True,True,True,True
US.SNX,SNX,新聚思,235.077,194.367,167.473,163.016,100.922,-3.057,116.999134,242.4899168,20.94491349,16.05870797,2.734087452,True,True,True,True,True
US.SOBO,SOBO,South Bow,36.68,33.218,28.714,27.836,72.261,-0.108,21.2932701,36.71965723,10.42206033,15.68572822,3.15418882,True,True,True,True,True
US.SOBS,SOBS,SOLVAY BANK CORP SOLVAY,32.75,30.379,29.014,28.425,31.696,-3.676,24.86787754,33.99983389,7.804733533,4.704625353,2.072119613,True,True,True,True,True
US.SOCGP,SOCGP,SOUTHERN CALIFORNIA GAS CO 6% CUM PRF'A'USD25,29.58,25.694,24.896,24.628,32.822,-0.621,22.27040701,29.76483965,15.1241535,3.20533419,1.088192301,True,True,True,True,True
US.SOHON,SOHON,SOTHERLY HOTELS INC 8.25% CUM RED PERP PREF STK SERIES D,16.6,15.645,15.084,14.711,65.009,-3.506,10.06005733,17.20314216,6.104186641,3.719172633,2.53551764,True,True,True,True,True
US.SOHVY,SOHVY,住友重工(ADR),8.829,8.684,6.839,6.561,89.667,-13.1,4.655000606,10.15995397,1.669737448,26.97762831,4.23715897,True,True,True,True,True
US.SOMC,SOMC,SOUTHERN MICHIGAN BANCORP INC,28.5,25.889,24.108,22.722,54.182,-1.536,18.48464801,28.94458889,10.08536444,7.387589182,6.099815157,True,True,True,True,True
US.SOME,SOME,SOMERSET TRUST HLDG CO,71.5,71.343,65.443,62.228,56.405,-2.782,45.71465107,73.54605114,0.2200636362,9.015479119,5.166484541,True,True,True,True,True
US.SOMMY,SOMMY,住友化学(ADR),17.37,16.112,15.725,15.52,54.468,-15.679,11.24504752,20.59985057,7.807845084,2.461049285,1.320876289,True,True,True,True,True
US.SOTK,SOTK,Sono-Tek,5.1,4.331,4.208,4.092,57.894,-10.526,3.230015073,5.699979882,17.75571462,2.923003802,2.834799609,True,True,True,True,True
US.SOUHY,SOUHY,South32,15.98,15.358,13.422,12.295,103.519,-5.106,7.851846756,16.83984235,4.050006511,14.42407987,9.166327776,True,True,True,True,True
US.SPB,SPB,Spectrum Brands,80.26,78.3,67.222,63.827,62.883,-7.704,49.27463271,86.95934818,2.503192848,16.4797239,5.319065599,True,True,True,True,True
US.SPFX,SPFX,STANDARD PREM FIN HLDGS INC,2.6,2.152,1.917,1.825,114.876,-9.09,1.210000186,2.8599714,20.81784387,12.25873761,5.04109589,True,True,True,True,True
US.SPG,SPG,西蒙地产,202.915,195.437,187.144,183.329,36.534,-2.611,148.6186591,208.355153,3.826296965,4.431346984,2.080958277,True,True,True,True,True
US.SPHR,SPHR,Sphere Entertainment,133.86,124.567,99.937,87.541,276.222,-10.161,35.58005646,148.9998776,7.460242279,24.64552668,14.16022207,True,True,True,True,True
US.SPHRY,SPHRY,STARPHARMA HOLDINGS LIMITED SPON ADR EACH REPR 10 NPV,5,3.761,2.116,1.749,969.061,-12.28,0.4677001593,5.6999544,32.94336613,77.74102079,20.9834191,True,True,True,True,True
US.SPIR,SPIR,Spire Global,17.99,15.549,11.716,11.335,172.575,-23.738,6.600018344,23.58973014,15.69875876,32.71594401,3.361270401,True,True,True,True,True
US.SPND,SPND,SPINDLETOP OIL & GAS CO TEX,9.98,6.465,4.224,3.773,394.059,-2.634,2.02000166,10.24998459,54.36968291,53.05397727,11.95335277,True,True,True,True,True
US.SPNS,SPNS,Sapiens International (已退市),43.45,43.173,37.273,34.676,83.41,-0.156,23.69009323,43.51788791,0.6416047066,15.82915247,7.489329796,True,True,True,True,True
US.SPNT,SPNT,SiriusPoint,22.695,22.186,20.968,20.332,32.178,-5.437,17.1700283,23.9998731,2.294239611,5.808851583,3.128073972,True,True,True,True,True
US.SPRO,SPRO,Spero Therapeutics,2.72,2.553,2.416,2.319,320.857,-15.527,0.6463002873,3.219963775,6.541323933,5.670529801,4.18283743,True,True,True,True,True
US.SPRS,SPRS,SURGE COMPONENTS INC,3.55,3.441,3.152,2.956,69.047,-2.203,2.10000769,3.629968199,3.167683813,9.168781726,6.630581867,True,True,True,True,True
US.SPXCY,SPXCY,SINGAPORE EXCHANGE UNSP ADR EACH REPR 2 ORD,33.265,31.605,28.255,27.461,59.78,-3.595,20.81925147,34.50547171,5.252333492,11.85630862,2.89137322,True,True,True,True,True
US.SQM,SQM,智利矿业化工,87.5,82.897,70.211,63.347,201.412,-9.699,29.03003198,96.89815174,5.5526738,18.06839384,10.83555654,True,True,True,True,True
US.SRBK,SRBK,SR Bancorp,18.29,17.641,16.488,16.014,50.678,-6.731,12.13846746,19.60994543,3.678929766,6.99296458,2.959910079,True,True,True,True,True
US.SRRK,SRRK,Scholar Rock,50,46.502,42.712,40.538,84.706,-3.147,27.07004645,51.62462701,7.522257107,8.873384529,5.362869406,True,True,True,True,True
US.SRZN,SRZN,Surrozen,30.19,28.948,22.367,19.68,324.613,-13.742,7.110003697,34.99965221,4.290451845,29.42281039,13.65345528,True,True,True,True,True
US.SSAAY,SSAAY,SSAB AB UNSP ADR EA REPR 0.5 ORD SHS,4.9,4.273,3.839,3.608,79.284,0,2.733093862,4.9,14.67353148,11.30502735,6.402439024,True,True,True,True,True
US.SSBI,SSBI,Summit State Bank,13.55,13.414,12.517,12.368,47.282,-3.214,9.200038022,13.99995867,1.01386611,7.166253895,1.204721863,True,True,True,True,True
US.SSBP,SSBP,SSB BANCORP INC,15.25,13.383,10.84,10.599,89.205,-0.387,8.060040697,15.30924679,13.95053426,23.45940959,2.273799415,True,True,True,True,True
US.SSL,SSL,南非萨索尔,13.21,12.438,8.691,8.061,239.152,-8.04,3.895008728,14.36494128,6.206785657,43.11356576,7.815407518,True,True,True,True,True
US.SSRM,SSRM,SSR Mining,34.46,30.094,25.893,24.28,223.264,-5.627,10.66001782,36.51468111,14.50787532,16.22446221,6.643327842,True,True,True,True,True
US.SSSS,SSSS,SuRo Capital,13.42,11.78,10.15,9.761,147.013,-7.32,5.432912438,14.47993095,13.92190153,16.0591133,3.985247413,True,True,True,True,True
US.SSUMY,SSUMY,住友商事(ADR),47.9,38.794,36.322,34.325,99.583,-1.944,24.00004008,48.84963694,23.47270196,6.805792633,5.81791697,True,True,True,True,True
US.ST,ST,Sensata Technologies,48.555,38.377,35.091,34.076,99.369,-1.63,24.35433794,49.35956084,26.52109336,9.364224445,2.97863599,True,True,True,True,True
US.STBA,STBA,S&T Bancorp,43.96,42.256,40.434,39.587,33.843,-1.848,32.84445208,44.78767626,4.032563423,4.50610872,2.13959128,True,True,True,True,True
US.STBI,STBI,STURGIS BANCORP INC,24.663,24.104,21.39,20.424,42.156,-5.068,17.34925012,25.97964859,2.319117159,12.68817204,4.72972973,True,True,True,True,True
US.STBK,STBK,STUDIO FINL HLDGS INC,12.9,12.385,11.48,11.252,48.96,-0.769,8.660042965,12.99996977,4.158255955,7.883275261,2.026306434,True,True,True,True,True
US.STLD,STLD,Steel Dynamics,235.18,198.755,179.646,167.535,98.06,-3.506,118.7417954,243.7249984,18.32658298,10.6370306,7.228937237,True,True,True,True,True
US.STLE,STLE,Steele Bancorp,40,36.963,30.91,29.245,78.175,-0.472,22.44983864,40.18969536,8.216324433,19.58265933,5.693280903,True,True,True,True,True
US.STM,STM,意法半导体,64.45,42.32,32.394,30.947,207.22,-1.316,20.97845192,65.30947266,52.29206049,30.64147682,4.675735936,True,True,True,True,True
US.STNG,STNG,Scorpio Tankers,82.769,76.333,65.375,61.937,122.782,-5.287,37.15246295,87.38927074,8.431477867,16.76175908,5.550801621,True,True,True,True,True
US.STRL,STRL,Sterling Infrastructure,885.58,506.963,408.406,383.284,402.741,-0.845,176.1503438,893.1269225,74.68335954,24.13211363,6.554408741,True,True,True,True,True
US.STRO,STRO,Sutro Biopharma,39.59,29.441,17.879,15.601,487.737,-5.468,6.736006071,41.87999831,34.4723345,64.66804631,14.6016281,True,True,True,True,True
US.STRW,STRW,Strawberry Fields REIT,13.101,12.622,12.45,12.143,45.646,-4.83,8.995097703,13.76589261,3.794961179,1.381526104,2.528205551,True,True,True,True,True
US.STT,STT,道富银行,152.97,136.873,127.629,123.435,66.955,-2.055,91.62349136,156.1794885,11.76053714,7.242868,3.397739701,True,True,True,True,True
US.STX,STX,希捷科技,801.64,530.802,382.863,333.874,682.774,-4.715,102.4101465,841.307656,51.02429908,38.64019244,14.67290056,True,True,True,True,True
US.SU,SU,森科能源,67.15,63.799,51.966,48.909,101.399,-4.467,33.34177429,70.28984749,5.252433424,22.77065774,6.250383365,True,True,True,True,True
US.SUBCY,SUBCY,SUBSEA 7 S.A. ADR EACH REPR 1 COM SPON,36,31.112,24.67,23.385,132.502,-1.119,15.48373777,36.40739879,15.71097969,26.11268747,5.494975412,True,True,True,True,True
US.SUGBY,SUGBY,SURUGA BANK ADR EACH REP 10 COM NPV,80.02,67.723,60.663,57.392,113.216,0,37.53001651,80.02,18.15778982,11.63806604,5.699400613,True,True,True,True,True
US.SUHJY,SUHJY,新鸿基地产(ADR),18.33,17.468,14.973,14.129,83.695,-2.964,9.978496965,18.88989653,4.934737806,16.66332732,5.97352962,True,True,True,True,True
US.SUIC,SUIC,SUIC WORLDWIDE HLDGS LTD,0.87,0.737,0.516,0.444,869600,-7.478,0.0001000344947,0.9403168976,18.04613297,42.82945736,16.21621622,True,True,True,True,True
US.SUN,SUN,太阳石油,70.395,65.018,57.542,55.35,53.959,-0.508,45.72321202,70.75443252,8.270017534,12.99224914,3.960252936,True,True,True,True,True
US.SUOPY,SUOPY,胜高(ADR),42.74,27.06,22.051,20.98,225.019,-9.063,13.15000046,46.99957113,57.94530673,22.71552311,5.104861773,True,True,True,True,True
US.SUPN,SUPN,Supernus Pharmaceuticals,51.12,50.464,49.907,48.474,65.812,-14.343,30.83009674,59.67988606,1.299936588,1.116075901,2.956223955,True,True,True,True,True
US.SURYY,SURYY,SUMITOMO REALTY & DEVELOPMENT CO UNSP ADR EACH REPR 0.50 ORD,16.242,14.917,12.956,11.578,119.042,-7.4,7.415016298,17.5399568,8.882483073,15.1358444,11.90188288,True,True,True,True,True
US.SUTNY,SUTNY,三井住友信托控股(ADR),7.06,6.637,6.338,6.188,40.357,-9.254,5.030030565,7.779957243,6.373361458,4.717576523,2.424046542,True,True,True,True,True
US.SVBL,SVBL,Silver Bull Resources,0.423,0.289,0.252,0.247,323.35,-6.13,0.09991732609,0.4506232023,46.36678201,14.68253968,2.024291498,True,True,True,True,True
US.SVBT,SVBT,SVB&T CORP,67,61.752,50.88,48.349,60.117,0,41.84440128,67,8.49851017,21.36792453,5.234854909,True,True,True,True,True
US.SVCO,SVCO,Silvaco,10.635,7.894,5.66,5.512,246.416,-16.946,3.070008314,12.8049221,34.72257411,39.46996466,2.685050798,True,True,True,True,True
US.SVM,SVM,Silvercorp Metals,15.06,11.786,9.874,8.705,328.608,-4.502,3.513700164,15.76996377,27.77872052,19.36398623,13.42906376,True,True,True,True,True
US.SVNLY,SVNLY,Svenska Handelsbanken,6.94,6.751,6.41,6.195,37.661,-4.143,5.041369742,7.239951177,2.799585247,5.319812793,3.470540759,True,True,True,True,True
US.SWBI,SWBI,Smith & Wesson Brands,15.245,14.582,11.628,10.845,104.369,-3.451,7.459546213,15.78990979,4.546701413,25.40419677,7.219917012,True,True,True,True,True
US.SWDBY,SWDBY,SWEDBANK AB ADR EACH REP 1 SER'A'SEK20(MGT),34.46,34.373,32.425,30.909,51.73,-7.09,22.71139524,37.08965666,0.2531056352,6.0077101,4.904720308,True,True,True,True,True
US.SWDHY,SWDHY,创维数码(ADR),23.7,13.868,10.876,10.483,157.666,0,9.19795394,23.7,70.89702913,27.51011401,3.748926834,True,True,True,True,True
US.SWGAY,SWGAY,Swatch Group,13.02,11.471,11.138,10.628,65.019,-5.102,7.890000545,13.7199941,13.50361782,2.989764769,4.798645088,True,True,True,True,True
US.SWOBY,SWOBY,SWEDISH ORPHAN BIOVITRUM AB UNSPON ADS EACH REP 0.5 ORD SHS,24.65,21.204,18.918,17.907,81.65,-15.927,13.5700523,29.31975783,16.25165063,12.08372978,5.645836824,True,True,True,True,True
US.SWRAY,SWRAY,太古股份公司A(ADR),11.393,10.873,9.416,9.15,50.924,-5.763,7.548832525,12.08973121,4.782488734,15.47366185,2.907103825,True,True,True,True,True
US.SWRBY,SWRBY,太古股份公司B(ADR),8.597,8.232,7.606,7.477,39.021,-5.532,6.183957819,9.100436127,4.433916424,8.230344465,1.725290892,True,True,True,True,True
US.SYNA,SYNA,Synaptics,129.635,84.675,79.231,76.489,125.295,-3.451,57.54011407,134.2686097,53.09713611,6.871047948,3.584829191,True,True,True,True,True
US.SYRE,SYRE,Spyre Therapeutics,75.21,57.78,39.608,33.784,439.909,-4.555,13.93012526,78.7993085,30.16614746,45.87962028,17.23892967,True,True,True,True,True
US.SZGPY,SZGPY,SALZGITTER AG UNSP ADR EACH REPR 0.10 ORD,6.52,5.374,4.7,4.184,211.41,-4.886,2.093702835,6.854931976,21.32489766,14.34042553,12.33269598,True,True,True,True,True
US.TALK,TALK,Talkspace,5.185,5.153,4.113,3.736,133.783,-0.192,2.217868707,5.194974351,0.6209974772,25.28567955,10.09100642,True,True,True,True,True
US.TALO,TALO,Talos Energy,15.46,14.929,12.412,11.605,101.564,-9.085,7.67002044,17.00489468,3.556835689,20.27876249,6.953899181,True,True,True,True,True
US.TBBB,TBBB,BBB Foods,36.035,35.662,33.617,31.678,51.343,-10.114,23.8101531,40.08966914,1.045931243,6.083231698,6.120967233,True,True,True,True,True
US.TBNGY,TBNGY,BUKIT ASAM (PERSERO) TBK UNSPON ADR EACH REPR 25 ORD SHS,4.4,3.836,3.77,3.731,52.837,-7.368,2.87888404,4.749978409,14.70281543,1.75066313,1.045296167,True,True,True,True,True
US.TCBI,TCBI,Texas Capital Bancshares,97.61,97.555,94.466,92.088,39.442,-10.383,70.00043029,108.9190667,0.05637845318,3.269959562,2.582312571,True,True,True,True,True
US.TCBK,TCBK,TriCo Bancshares,49.85,48.863,47.698,46.553,40.411,-5.556,35.50291644,52.78260133,2.019933283,2.442450417,2.459562219,True,True,True,True,True
US.TCOR,TCOR,TREECON RESOURCES INC,0.7,0.654,0.515,0.474,75,-12.5,0.4,0.8,7.033639144,26.99029126,8.64978903,True,True,True,True,True
US.TD,TD,多伦多道明银行,107.87,99.87,92.061,87.578,74.44,-1.236,61.83788122,109.2199587,8.010413538,8.482419265,5.118865468,True,True,True,True,True
US.TDAY,TDAY,USA TODAY,7.295,6.969,5.824,5.404,131.587,-5.013,3.150004102,7.679998316,4.67785909,19.66002747,7.772020725,True,True,True,True,True
US.TDCB,TDCB,THIRD CENTURY BANCORP,16.1,14.666,10.9,10.357,93.221,-8.574,8.332427635,17.60987028,9.777717169,34.55045872,5.242830936,True,True,True,True,True
US.TDW,TDW,潮水公司,82.29,82.285,66.256,63.833,115.193,-11.639,38.24009145,93.12932176,0.006076441636,24.19252596,3.795842276,True,True,True,True,True
US.TECK,TECK,泰克资源有限公司,65.59,55.404,50.588,47.034,113.032,-3.073,30.78880168,67.66948322,18.38495415,9.520044279,7.556235914,True,True,True,True,True
US.TECX,TECX,Tectonic Therapeutic,30.065,30.031,23.333,22.368,109.002,-16.555,14.38502981,36.02972017,0.1132163431,28.70612437,4.314198856,True,True,True,True,True
US.TELZ,TELZ,TELLURIAN INC 8.25% SENIOR NOTES DUE 30/11/2028,25.72,24.235,18.619,17.025,253.079,-1.114,7.28448874,26.0097486,6.127501547,30.16273699,9.362701909,True,True,True,True,True
US.TEN,TEN,Tsakos Energy Navigation,42.83,39.102,29.563,27.355,167.785,-3.903,15.99417443,44.56954952,9.53403918,32.26668471,8.071650521,True,True,True,True,True
US.TEO,TEO,阿根廷电信,12.712,11.669,11.405,10.587,103.705,-7.951,6.240396652,13.81003596,8.938212358,2.314774222,7.726456976,True,True,True,True,True
US.TER,TER,泰瑞达,358.02,336.485,255.228,221.34,372.168,-15.183,75.82470646,422.1087754,6.399988112,31.83702415,15.31038222,True,True,True,True,True
US.TERN,TERN,Terns Pharmaceuticals(已退市),52.95,49.454,35.059,27.989,1894.35,-0.451,2.655000376,53.18988639,7.069195616,41.05935708,25.25992354,True,True,True,True,True
US.TEVA,TEVA,梯瓦制药,35.22,31.658,29.572,26.753,134.956,-5.69,14.99004069,37.34492631,11.25150041,7.053969972,10.53713602,True,True,True,True,True
US.TEX,TEX,特雷克斯,63.585,61.093,57.272,55.69,52.937,-10.804,41.57594304,71.28682901,4.079027057,6.671672021,2.840725444,True,True,True,True,True
US.TFII,TFII,TFI International,142.525,121.361,107.682,103.077,79.99,-4.403,79.18495472,149.0894066,17.43888069,12.70314444,4.467533979,True,True,True,True,True
US.TFIN,TFIN,Triumph Financial,63.925,61.92,60.772,59.575,37.68,-17.876,46.43012783,77.8396084,3.238049096,1.889027842,2.00923206,True,True,True,True,True
US.TGB,TGB,Taseko Mines,7.685,6.996,6.301,5.601,292.091,-16.918,1.960004183,9.249897691,9.848484848,11.02999524,12.49776826,True,True,True,True,True
US.TGH.PRB,TGH.PRB,TEXTAINER GROUP HLDGS LTD DEP SHS REP 1/1000TH CUM RED PRF SR B,24.98,24.708,23.011,21.965,43.163,0.28,17.44864246,24.9102513,1.100858022,7.374733823,4.762121557,True,True,True,True,True
US.TGSGY,TGSGY,TGS ASA SPON ADR EA REPR 1 ORD NOK0.00,16.12,13.79,10.797,9.906,136.313,-5.195,6.821461367,17.00332261,16.89630167,27.72066315,8.994548758,True,True,True,True,True
US.TGT,TGT,塔吉特,123.445,121.24,105.761,102.297,50.861,-6.377,81.8269798,131.8532839,1.818706697,14.63582984,3.38621856,True,True,True,True,True
US.TGTX,TGTX,TG Therapeutics,41.33,34.127,32.16,32.042,63.488,-7.435,25.28014289,44.64970561,21.1064553,6.116293532,0.36826665,True,True,True,True,True
US.TH,TH,Target Hospitality,18.06,12.75,9.256,9.046,202.512,-1.526,5.970011107,18.33986636,41.64705882,37.74848747,2.321468052,True,True,True,True,True
US.THFF,THFF,First Financial,66.51,64.356,61.308,59.755,38.831,-3.692,47.90716771,69.05968352,3.347007272,4.971618712,2.598945695,True,True,True,True,True
US.THKLY,THKLY,THK机械(ADR),24.17,17.131,15.015,14.715,102.598,-0.041,11.93002892,24.17991376,41.0892534,14.09257409,2.038735984,True,True,True,True,True
US.THR,THR,Thermon,68.46,54.312,43.862,39.493,186.923,-3.902,23.86006002,71.23977606,26.04949183,23.82472299,11.06271998,True,True,True,True,True
US.THVB,THVB,THOMASVILLE BANCSHARES,100,95.477,92.068,88.73,36.451,-0.891,73.28638119,100.8990102,4.737266567,3.702698006,3.761974529,True,True,True,True,True
US.TIAIY,TIAIY,TELECOM ITLIA(已退市),8.85,8.582,7.186,6.636,99.324,-3.278,4.440007224,9.149934865,3.122815195,19.42666296,8.288125377,True,True,True,True,True
US.TIGO,TIGO,Millicom International Cellular,81.37,77.665,61.665,56.917,153.736,-4.585,32.06876439,85.28009223,4.770488637,25.94664721,8.341971643,True,True,True,True,True
US.TIIAY,TIIAY,TELECOM ITAL ORD,8.45,7.516,6.714,6.318,100.569,0,4.213013975,8.45,12.42682278,11.94518916,6.267806268,True,True,True,True,True
US.TISCY,TISCY,TAISEI CORP UNSP ADR EACH REP 0.25 ORD SHS,27.75,26.675,22.632,20.4,124.514,-15.909,12.360031,32.99996432,4.029990628,17.86408625,10.94117647,True,True,True,True,True
US.TK,TK,Teekay,13.15,12.565,10.775,10.101,84.874,-8.553,7.112952606,14.37991405,4.655789893,16.612529,6.672606673,True,True,True,True,True
US.TKR,TKR,铁姆肯,116.87,105.136,93.516,89.085,76.208,-5.498,66.32502497,123.6693403,11.16078222,12.42568117,4.97390133,True,True,True,True,True
US.TLGPY,TLGPY,TELSTRA GROUP LIMITED SPON ADR EACH REP 5 COM,19.106,18.866,17.126,16.775,34.531,-4.276,14.20193115,19.9594668,1.272129757,10.15999066,2.092399404,True,True,True,True,True
US.TLSNY,TLSNY,TELIA COMPANY AB UNSP ADR EACH REPR 2 ORD,10.54,10.172,8.937,8.498,66.11,-4.006,6.345192944,10.97985291,3.617774282,13.81895491,5.165921393,True,True,True,True,True
US.TMP,TMP,Tompkins Financial,83.33,80.069,74.588,72.327,44.717,-3.351,57.58134842,86.21920558,4.072737264,7.34836703,3.126080164,True,True,True,True,True
US.TNABY,TNABY,TENAGA NASIONAL BERHAD LVL1 SPND ADR EACH REPR 4 ORD MYR1 (BNY),15.65,14.388,13.505,13.279,40.282,-0.318,11.15609986,15.69992576,8.771198221,6.538319141,1.701935387,True,True,True,True,True
US.TNGX,TNGX,Tango Therapeutics,23.305,21.574,13.888,12.183,1485.374,-17.969,1.470000139,28.40999134,8.023546862,55.34274194,13.99491094,True,True,True,True,True
US.TNK,TNK,Teekay Tankers,77.11,74.26,64.951,60.891,90.287,-8.191,40.52299947,83.98958708,3.837866954,14.33234284,6.667652034,True,True,True,True,True
US.TOELY,TOELY,Tokyo Electron (ADR),162.275,137.46,123.265,112.121,145.499,-6.469,66.10006558,173.4986261,18.05252437,11.51583986,9.939262047,True,True,True,True,True
US.TOKUY,TOKUY,东急电铁(ADR),12.532,12.366,11.905,11.62,32.608,-7.311,9.450410232,13.52048247,1.342390425,3.872322554,2.452667814,True,True,True,True,True
US.TOMYY,TOMYY,多美玩具(ADR),29.15,24.533,19.398,18.401,89.162,0,15.41007179,29.15,18.81954918,26.47180122,5.418183794,True,True,True,True,True
US.TOPPY,TOPPY,凸版印刷(ADR),17.654,15.249,14.912,14.546,63.918,-2.491,10.77001916,18.10499544,15.771526,2.259924893,2.516155644,True,True,True,True,True
US.TORM,TORM,TOR MINERALS INTL INC,2.05,1.418,1.221,1.2,166.233,-12.017,0.7700022161,2.329995567,44.56981664,16.13431613,1.75,True,True,True,True,True
US.TOTDY,TOTDY,东陶(ADR),45.87,36.659,31.838,30.527,92.407,-7.706,23.84008898,49.69987215,25.12616274,15.14228281,4.294558915,True,True,True,True,True
US.TOYO,TOYO,TOYO Co,12.86,10.262,8.153,7.5,296.913,-10.258,3.240004737,14.32996813,25.3167024,25.86777873,8.706666667,True,True,True,True,True
US.TPC,TPC,Tutor Perini,83.43,80.29,74.119,70.426,143.522,-16.57,34.25973834,100,3.910823266,8.325800402,5.243802005,True,True,True,True,True
US.TPH,TPH,Tri Pointe Homes,46.95,46.72,38.749,37.644,63.474,-0.085,28.72016345,46.98994145,0.4922945205,20.57085344,2.935394751,True,True,True,True,True
US.TRCY,TRCY,TRI CITY BANKSHARES CORP,19.422,19.33,18.802,17.73,46.531,-11.009,13.25453317,21.8246789,0.4759441283,2.808211892,6.046249295,True,True,True,True,True
US.TRGP,TRGP,Targa Resources,267.515,243.762,203.012,192.913,88.701,-0.032,141.7666043,267.6006322,9.744340791,20.07270506,5.235002307,True,True,True,True,True
US.TRIN,TRIN,Trinity Capital,17.14,15.385,14.738,14.6,41.692,-1.38,12.09666036,17.37984182,11.40721482,4.390012213,0.9452054795,True,True,True,True,True
US.TRKNY,TRKNY,TURK TELEKOMUNIKASYON AS UNSPON ADR EACH REPR 2 SHS,4.27,3.101,2.87,2.847,86.462,-0.928,2.290010833,4.30999677,37.69751693,8.048780488,0.8078679312,True,True,True,True,True
US.TRMD,TRMD,Torm,31.81,29.529,24.451,23.311,116.61,-9.963,14.68537925,35.32991992,7.724609706,20.76806675,4.890395092,True,True,True,True,True
US.TRMK,TRMK,Trustmark,43.96,43.341,41.158,40.554,34.015,-4.414,32.80229825,45.98999854,1.428208855,5.303950629,1.489372195,True,True,True,True,True
US.TRN,TRN,Trinity Industries,35.695,32.523,29.572,28.906,64.51,-4.456,21.69776913,37.35975048,9.753097808,9.979034222,2.304019927,True,True,True,True,True
US.TROO,TROO,盟军集团,4.27,2.966,2.637,2.243,705.658,-19.177,0.5300015639,5.283149599,43.96493594,12.47629882,17.56576014,True,True,True,True,True
US.TRP,TRP,TC Energy,68.21,63.127,56.919,54.847,60.626,-0.117,42.46510528,68.28989918,8.052022114,10.9067271,3.777781829,True,True,True,True,True
US.TRST,TRST,TrustCo Bank,49,45.531,42.704,41.098,68.766,-0.527,29.03428416,49.25959808,7.618984867,6.61998876,3.907732736,True,True,True,True,True
US.TRUX,TRUX,TRUXTON CORP,99.514,89.163,84.42,83.213,38.341,-3.064,71.93384463,102.6594867,11.60907551,5.618336887,1.450494514,True,True,True,True,True
US.TRVI,TRVI,Trevi Therapeutics,15.03,13.052,11.997,11.011,179.362,-6.761,5.380116122,16.11986401,15.15476555,8.793865133,8.954681682,True,True,True,True,True
US.TS,TS,泰纳瑞斯钢铁,63.1,58.855,47.501,44.413,100.121,-1.912,31.53092379,64.3299894,7.212641237,23.90265468,6.95291919,True,True,True,True,True
US.TSAT,TSAT,Telesat,54.36,43.59,34.173,31.56,252.529,-2.624,15.420008,55.8248439,24.70750172,27.55684312,8.279467681,True,True,True,True,True
US.TSEM,TSEM,Tower半导体,278.04,188.303,136.937,117.758,641.835,-1.63,37.48003262,282.6471485,47.65564011,37.51068009,16.28679156,True,True,True,True,True
US.TSHA,TSHA,Taysha Gene Therapies,6.335,5.365,5.008,4.542,181.555,-13.219,2.25000444,7.29998502,18.08014911,7.128594249,10.25979745,True,True,True,True,True
US.TSM,TSM,台积电,418.05,366.437,331.692,311.826,124.114,-0.928,186.5345315,421.965843,14.08509512,10.47507929,6.370860672,True,True,True,True,True
US.TSN,TSN,泰森食品,66.68,63.823,59.619,58.253,34.127,-4.035,49.71407696,69.48366592,4.476442662,7.051443332,2.344943608,True,True,True,True,True
US.TT,TT,Trane技术,479.73,451.59,428.184,425.453,38.143,-4.728,347.2705819,503.5372407,6.231316017,5.466341573,0.6419040411,True,True,True,True,True
US.TTDKY,TTDKY,TDK电子(ADR),19.56,15.242,15.045,14.686,92.899,-2.2,10.14002146,20,28.32961554,1.309405118,2.444504971,True,True,True,True,True
US.TTE,TTE,道达尔,91.805,88.362,73.438,69.803,69.912,-1.991,54.03091012,93.66996908,3.896471334,20.32190419,5.207512571,True,True,True,True,True
US.TTMI,TTMI,TTM科技,172.915,120.274,92.085,81.245,514.918,-3.936,28.1200095,179.9997918,43.76756406,30.61193463,13.34235953,True,True,True,True,True
US.TTNDY,TTNDY,创科实业(ADR),77.83,71.898,66.513,65.543,48.192,-4.315,52.51970417,81.33981293,8.250577207,8.096161653,1.479944464,True,True,True,True,True
US.TVTX,TVTX,Travere Therapeutic,44.03,34.853,33.118,30.031,217.219,-9.421,13.88000088,48.6095011,26.33058847,5.238842925,10.27937798,True,True,True,True,True
US.TWIN,TWIN,双环,18.52,16.629,16.468,15.305,170.988,-5.845,6.834250963,19.66969359,11.37170004,0.9776536313,7.598823914,True,True,True,True,True
US.TWLO,TWLO,Twilio,194.47,143.521,130.554,124.689,111.748,-4.535,91.84030073,203.7081653,35.49933459,9.932288555,4.703702813,True,True,True,True,True
US.TWO,TWO,Two Harbors Investment,12.575,10.909,10.431,10.086,47.662,-8.505,8.516070485,13.74392043,15.27179393,4.582494488,3.420582986,True,True,True,True,True
US.TWST,TWST,Twist Bioscience,54.215,52.219,41.914,38.404,132.682,-17.93,23.3000404,66.05946144,3.822363508,24.58605716,9.139672951,True,True,True,True,True
US.TX,TX,特尔尼翁钢铁,44.3,40.354,38.746,37.033,72.422,-8.228,25.69277702,48.27180404,9.778460623,4.150105817,4.625604191,True,True,True,True,True
US.TXG,TXG,10x Genomics,21.51,21.416,18.744,17.319,166.769,-18.642,8.063155764,26.43870302,0.4389241688,14.25522834,8.227957734,True,True,True,True,True
US.TXN,TXN,德州仪器,307.87,228.222,198.463,194.945,103.924,-0.779,150.9729115,310.2871368,34.89935238,14.99473453,1.804611557,True,True,True,True,True
US.TYFG,TYFG,TRI-COUNTY FINANCIAL GROUP,55.31,51.222,47.068,45.614,32.958,-2.964,41.59960288,56.99946412,7.980945687,8.825529022,3.187617837,True,True,True,True,True
US.TYHOY,TYHOY,TOYOTA TSUSHO CORP UNSP ADR EACH REP 0.5 ORD SHS,23.777,20.788,18.901,17.588,176.796,-5.044,8.590080782,25.04001853,14.37848759,9.983598751,7.465317262,True,True,True,True,True
US.TYOBY,TYOBY,TOYOBO CO UNSPON ADR EACH REP 1 ORD,9,7.358,7.257,7.185,37.614,-20.844,6.540032264,11.369953,22.3158467,1.39175968,1.002087683,True,True,True,True,True
US.TYOYY,TYOYY,太阳诱电(ADR),179.68,130.272,100.854,91.201,196.648,0,60.57010329,179.68,37.92679931,29.16889761,10.58431377,True,True,True,True,True
US.TYRA,TYRA,Tyra Biosciences,36.51,36.02,27.855,23.899,317.257,-10.184,8.750002996,40.64977287,1.360355358,29.31251122,16.55299385,True,True,True,True,True
US.UAN,UAN,CVR Partners,127.725,124.984,105.736,100.219,77.562,-5.444,71.93262072,135.0786835,2.193080714,18.2038284,5.504944172,True,True,True,True,True
US.UCTT,UCTT,超科林半导体,85.615,69.774,46.928,41.458,352.271,-3.119,18.93002204,88.37130087,22.70329922,48.68308899,13.19407593,True,True,True,True,True
US.UFCS,UFCS,联合火险,49.418,39.654,36.733,35.062,94.498,-0.907,25.40797335,49.87032384,24.62298885,7.951977786,4.765843363,True,True,True,True,True
US.UFGSY,UFGSY,UNIPOL ASSICURAZIONI S.P.A. UNSPON ADR EACH REP 0.5 ORD SHS,13.57,12.14,11.538,11.167,48.306,0,9.150000674,13.57,11.77924217,5.217542035,3.322288887,True,True,True,True,True
US.UGP,UGP,Ultrapar Participacoes,5.914,5.608,4.659,4.346,124.991,-4.54,2.628549586,6.195265032,5.456490728,20.36917794,7.20202485,True,True,True,True,True
US.ULS,ULS,UL Solutions,99.74,88.51,82.156,78.451,62.324,-7.253,61.44501121,107.5398665,12.68783188,7.734066897,4.722693146,True,True,True,True,True
US.UMBF,UMBF,UMB金融,127.705,119.211,117.717,117.531,31.516,-5.819,97.10225372,135.5952899,7.125181401,1.269145493,0.1582561197,True,True,True,True,True
US.UMC,UMC,联电,17.18,11.082,9.426,8.811,161.89,-0.808,6.560006109,17.31994516,55.02616856,17.56842775,6.979911474,True,True,True,True,True
US.UMICY,UMICY,UMICORE UNSP ADR EACH REP 0.25 ORD SHS,7.453,5.067,5.012,4.734,232.231,-2.005,2.243318655,7.605490076,47.0890073,1.097366321,5.872412336,True,True,True,True,True
US.UNCY,UNCY,Unicycive Therapeutics,8.72,7.137,6.283,5.77,135.04,-20.727,3.710006807,10.99996216,22.18018775,13.59223301,8.890814558,True,True,True,True,True
US.UNFI,UNFI,联合原生态食品,51.483,45.656,39.823,37.335,147.75,-3.191,20.780222,53.17997294,12.76283511,14.64731437,6.663988215,True,True,True,True,True
US.UNIB,UNIB,UNIVERSITY BANCORP,22.75,21.856,18.64,17.857,55.007,-6.65,14.67675653,24.3706481,4.090409956,17.25321888,4.384835079,True,True,True,True,True
US.UNIF,UNIF,U & I FINANCIAL CORPORATION,4.5,3.893,3.687,3.678,50,-2.173,3,4.599957067,15.59208836,5.587198264,0.2446982055,True,True,True,True,True
US.UNIT,UNIT,Uniti Group,11.145,10,7.969,7.634,110.283,-10.012,5.300000476,12.38498466,11.45,25.48625925,4.388263034,True,True,True,True,True
US.UNTC,UNTC,UNIT CORP,33.95,33.545,31.53,30.484,58.968,-4.901,21.35649942,35.69963932,1.207333433,6.390738979,3.431308227,True,True,True,True,True
US.UNTN,UNTN,UNITED TENN BANKS,27.5,23.706,19.604,18.637,66.928,0,16.4741685,27.5,16.00438708,20.92430116,5.188603316,True,True,True,True,True
US.UOLGY,UOLGY,UOL GROUP LIMITED SPND LVL1 ADR EACH REPR 4 ORD NPV,31.965,31.612,29.413,27.764,85.08,-14.354,17.27090988,37.32223338,1.116664558,7.476285996,5.939345916,True,True,True,True,True
US.UPDC,UPDC,UPD HOLDING CORP,0.001,0,0,0,99900,0,1e-06,0.001,,,,True,True,True,True,True
US.URG,URG,Ur-能源,1.8,1.605,1.573,1.543,168.656,-23.404,0.6700017867,2.349992167,12.14953271,2.034329307,1.94426442,True,True,True,True,True
US.URGN,URGN,乌龙制药,29.685,21.736,21.626,20.94,767.982,-8.294,3.420001797,32.3697468,36.57066618,0.508646999,3.276026743,True,True,True,True,True
US.USAC,USAC,USA Compression,29.39,27.254,24.816,24.211,40.047,-0.931,20.98581191,29.66619225,7.837381669,9.824306899,2.498864153,True,True,True,True,True
US.USDC,USDC,USDATA CORP,0.001,0,0,0,119900,0,8.333333333e-07,0.001,,,,True,True,True,True,True
US.USEA,USEA,United Maritime,2.28,2.074,1.788,1.717,110.212,-4.602,1.084619337,2.389987211,9.932497589,15.99552573,4.135119394,True,True,True,True,True
US.USMT,USMT,US METRO BANCORP,5.368,5.249,4.527,4.283,67.034,-5.44,3.213716968,5.676818951,2.267098495,15.94875193,5.696941396,True,True,True,True,True
US.USNZY,USNZY,USINAS SID MINAS GERAIS USIMINAS SPON ADR EACH REP 1 PRF NPV,1.88,1.401,1.211,1.119,168.571,-0.265,0.700001117,1.884995237,34.18986438,15.6895128,8.221626452,True,True,True,True,True
US.UTHR,UTHR,美国联合医疗,574.845,558.417,501.877,467.779,111.246,-5.662,272.1211289,609.3461808,2.941887514,11.26570853,7.289339624,True,True,True,True,True
US.UTI,UTI,环球技术学院,40.95,36.665,31.277,30.618,92.343,-1.325,21.29009114,41.49987332,11.68689486,17.22671612,2.152328696,True,True,True,True,True
US.UTSI,UTSI,UT斯达康,2.86,2.461,2.452,2.447,43,-2.721,2,2.939997327,16.21292158,0.3670473083,0.2043318349,True,True,True,True,True
US.UUGRY,UUGRY,UNITED UTILITIES GROUP PLC ADR EACH REPR 2 ORD,37.2,36.264,33.93,33.001,31.273,-7.989,28.33789126,40.42994859,2.581072138,6.878868258,2.81506621,True,True,True,True,True
US.UUU,UUU,通用安全仪器,6.105,5.907,5.145,4.871,254.369,-16.14,1.722780492,7.27999046,3.351955307,14.81049563,5.62512831,True,True,True,True,True
US.UVE,UVE,万全保险,39.21,35.772,32.909,30.835,82.952,-6.183,21.43185098,41.79413113,9.610868836,8.699747789,6.726122912,True,True,True,True,True
US.UVSP,UVSP,宾夕法尼亚裕益银行,38.27,35.66,33.317,32.42,40.939,-2.022,27.15359127,39.05978893,7.31912507,7.032445898,2.766810611,True,True,True,True,True
US.UWHR,UWHR,UWHARRIE CAP CORP,11.7,10.97,10.145,9.669,46.963,0,7.96118751,11.7,6.654512306,8.132084771,4.922949633,True,True,True,True,True
US.VACNY,VACNY,VAT GROUP AG UNSP ADS EACH REP 0.1 ORD SHS,76.19,68.807,57.589,52.434,141.008,-4.735,31.61305849,79.97690652,10.73001293,19.47941447,9.831407102,True,True,True,True,True
US.VAL,VAL,华仕伯,102.62,95.707,72.394,66.626,191.534,-2.586,35.20001098,105.344201,7.223087131,32.202945,8.657280941,True,True,True,True,True
US.VALE,VALE,淡水河谷,16.635,16.135,14.378,13.234,102.18,-7.274,8.227816797,17.93995212,3.098853424,12.22005842,8.644400786,True,True,True,True,True
US.VARRY,VARRY,VAR ENERGI ASA UNSPON ADS EACH REP 2 ORD SHS,10.29,9.488,7.511,7.208,103.756,-2.649,5.050158032,10.56999928,8.452782462,26.32139529,4.203662597,True,True,True,True,True
US.VASO,VASO,VASO CORP,0.191,0.175,0.162,0.152,81.86,-13.203,0.1050258441,0.2200536885,9.142857143,8.024691358,6.578947368,True,True,True,True,True
US.VATE,VATE,Innovate Corp,12.2,8.424,6.238,5.922,225.333,-9.361,3.750003842,13.45998963,44.82431149,35.0432831,5.336035123,True,True,True,True,True
US.VBNK,VBNK,VersaBank,17.6,15.946,14.649,13.882,74.928,-7.443,10.06128236,19.01530948,10.37250721,8.853846679,5.52514047,True,True,True,True,True
US.VBREY,VBREY,VIBRA ENERGIA S.A. SPON ADS EACH REP 2 ORD SHS,13.508,12.898,10.731,9.986,124.669,-5.633,6.012400465,14.31432598,4.729415413,20.19383096,7.460444622,True,True,True,True,True
US.VCTR,VCTR,Victory Capital,87.97,72.342,67.992,67.896,56.578,-0.856,56.18286094,88.72952473,21.60294158,6.397811507,0.1413927183,True,True,True,True,True
US.VDMCY,VDMCY,VODACOM GROUP LIMITED SPON ADR EA REPR 1 ORD ZAR0.00,9.72,8.962,8.712,8.466,40.237,-10.907,6.931123741,10.90994803,8.457933497,2.869605142,2.905740609,True,True,True,True,True
US.VECO,VECO,维易科精密仪器,59.76,41.899,34.226,32.123,217.029,-8.665,18.85001057,65.42946297,42.62870236,22.41862911,6.546711079,True,True,True,True,True
US.VELO,VELO,Velo3D,19.785,12.869,11.069,9.368,604.092,-17.009,2.810002102,23.83993445,53.74154946,16.26163158,18.15755764,True,True,True,True,True
US.VEMLY,VEMLY,VENTURE CORPORATION LTD ADR EACH REP 5 ORD,71.822,62.801,59.73,57.276,89.391,0,37.92260456,71.822,14.36442095,5.141469948,4.284517075,True,True,True,True,True
US.VEOEY,VEOEY,VEOLIA ENVIRONNEMENT SPON ADR EACH REP 0.5 ORD EUR13.5,20.25,19.113,17.719,17.379,31.988,-2.26,15.34230385,20.71823204,5.948830639,7.867261132,1.956384142,True,True,True,True,True
US.VIAV,VIAV,Viavi Solutions,52.67,40.667,26.623,22.845,493.799,-12.841,8.870004833,60.42978924,29.51533184,52.75138039,16.53753557,True,True,True,True,True
US.VICR,VICR,Vicor电子,290.98,211.309,149.989,124.888,617.76,-8.156,40.54001337,316.8198249,37.70355262,40.88299809,20.09880853,True,True,True,True,True
US.VIK,VIK,Viking Holdings,87.81,76.884,71.16,68.566,108.078,-4.554,42.20052096,91.99966473,14.2110192,8.043844857,3.783216171,True,True,True,True,True
US.VIRDY,VIRDY,VIRIDIEN SPON ADR EACH REP 1 ORD(POST REV SPLIT),159.55,152.942,116.216,104.636,203.904,-12.98,52.50013162,183.3486555,4.32059212,31.60150065,11.06693681,True,True,True,True,True
US.VIRT,VIRT,Virtu金融,54.71,46.498,39.169,38.983,74.41,-0.689,31.36861418,55.08956712,17.66097467,18.71122571,0.4771310571,True,True,True,True,True
US.VISN,VISN,Vistance Networks,11.43,9.682,9.034,8.641,348.729,-13.54,2.547194409,13.21998612,18.05412105,7.172902369,4.548084712,True,True,True,True,True
US.VIST,VIST,Vista Energy,71.895,68.512,55.872,51.608,127.3,-9.223,31.6300044,79.19957699,4.937821112,22.6231386,8.262284917,True,True,True,True,True
US.VLGEA,VLGEA,Village Super Market,45.73,42.376,37.485,37.065,53.999,-0.087,29.69499802,45.76981974,7.914857466,13.04788582,1.133144476,True,True,True,True,True
US.VLO,VLO,瓦莱罗能源,244.675,239.118,198.597,186.524,99.639,-5.322,122.5587185,258.4285684,2.323957209,20.40363147,6.472625507,True,True,True,True,True
US.VLOWY,VLOWY,VALLOUREC SA SPON ADR EACH REP 0.2 ORD SHS,6.3,5.317,4.454,4.278,93.254,-5.261,3.259958397,6.649848531,18.4878691,19.37584194,4.114071996,True,True,True,True,True
US.VLPNY,VLPNY,VOESTALPINE AG UNSP ADR EACH REPR 1/5 ORD EUR0.00,10.99,9.664,9.058,8.36,134.395,-6.706,4.688666567,11.77996441,13.72102649,6.690218591,8.349282297,True,True,True,True,True
US.VLVLY,VLVLY,沃尔沃,34,33.498,31.809,30.958,35.518,-10.68,25.08891808,38.06538289,1.498596931,5.309817976,2.748885587,True,True,True,True,True
US.VLY,VLY,硅谷国家银行,13.065,12.755,11.995,11.502,60.852,-7.471,8.122373362,14.11989755,2.430419443,6.335973322,4.286211094,True,True,True,True,True
US.VMI,VMI,维蒙特工业,517.225,444.268,430.816,416.651,70.814,-2.131,302.8001218,528.4870592,16.42184447,3.122446706,3.39972783,True,True,True,True,True
US.VNOM,VNOM,Viper Energy,48.03,46.115,40.839,39.788,40.904,-4.723,34.08703798,50.41090714,4.152661824,12.91902348,2.64149995,True,True,True,True,True
US.VNRFY,VNRFY,VIENNA INSURANCE GROUP AG SPON ADR EA REP 1/5 ORD SHS,15.178,15.012,12.006,10.474,177.941,-5.373,5.460871192,16.0398195,1.105782041,25.03748126,14.62669467,True,True,True,True,True
US.VOD,VOD,沃达丰,15.525,15.209,13.824,13.193,70.829,-6.504,9.088035404,16.60498845,2.077717141,10.01880787,4.782839385,True,True,True,True,True
US.VOPKY,VOPKY,KONINKLIJKE VOPAK N.V. UNSP ADR EACH REPR 1 SH,51.5,48.825,44.04,42.202,42.288,-5.039,36.19419768,54.2327903,5.47875064,10.86512262,4.355243827,True,True,True,True,True
US.VOXR,VOXR,Vox Royalty,6.41,5.518,5.078,4.705,113.382,-4.328,3.004002212,6.699974914,16.16527727,8.664828673,7.927736451,True,True,True,True,True
US.VPG,VPG,Vishay精密集团,98.34,52.821,44.383,40.698,295.177,-6.494,24.88505151,105.1697217,86.17595275,19.01178379,9.054498993,True,True,True,True,True
US.VRE,VRE,Veris Residential,18.965,18.885,16.439,16.019,40.61,-0.341,13.48766091,19.02989193,0.423616627,14.87925056,2.62188651,True,True,True,True,True
US.VRT,VRT,Vertiv Holdings,379.1,294.269,223.03,201.932,275.805,-0.146,100.8767845,379.6542953,28.82770526,31.94144286,10.44807163,True,True,True,True,True
US.VSAT,VSAT,卫讯公司,74.52,56.21,44.833,40.718,765.907,-0.825,8.606005033,75.13990421,32.57427504,25.37639685,10.10609558,True,True,True,True,True
US.VSH,VSH,威世科技,38.135,23.499,18.772,17.843,228.414,-4.766,11.61186795,40.04347187,62.28350143,25.18112082,5.206523567,True,True,True,True,True
US.VSTS,VSTS,Vestis,12.09,8.753,7.203,6.576,203.768,-4.047,3.980011061,12.59991871,38.12407175,21.51881161,9.534671533,True,True,True,True,True
US.VTKLY,VTKLY,伟易达(ADR),8,7.985,7.937,7.862,41.979,-9.193,5.634636108,8.80989351,0.1878522229,0.6047625047,0.9539557365,True,True,True,True,True
US.VTMX,VTMX,Vesta Real Estate,34.54,34.15,31.918,30.755,41.075,-7.087,24.4834308,37.17456115,1.142020498,6.992919356,3.781498943,True,True,True,True,True
US.VTR,VTR,芬塔公司,90.185,84.972,79.808,76.627,48.894,-0.884,60.56993566,90.98934582,6.134962105,6.47052927,4.15127827,True,True,True,True,True
US.VTRS,VTRS,Viatris,17.175,14.426,12.878,12.098,117.489,-2.025,7.89695111,17.52998214,19.05587134,12.02050008,6.447346669,True,True,True,True,True
US.VTVT,VTVT,vTv Therapeutics,37.7,35.683,32.94,29.313,169.285,-14.318,14.00003714,43.99990663,5.652551635,8.327261688,12.37334971,True,True,True,True,True
US.VVX,VVX,V2X,70.66,68.898,63.32,61.53,62.736,-9.826,43.4200177,78.35961585,2.557403698,8.809222994,2.909150008,True,True,True,True,True
US.VWDRY,VWDRY,维斯塔斯风力(ADR),9.92,9.359,8.654,8.074,103.227,-6.238,4.881241174,10.5799791,5.994230153,8.14652184,7.183552143,True,True,True,True,True
US.VWFB,VWFB,VWF BANCORP INC,14.75,13.73,12.214,11.984,35.944,-1.601,10.85005591,14.98998974,7.428987618,12.41198625,1.919225634,True,True,True,True,True
US.WAB,WAB,美国西屋制动,268.62,255.936,232.392,222.363,46.135,-2.617,183.8163342,275.8386987,4.955926482,10.1311577,4.510192793,True,True,True,True,True
US.WAFD,WAFD,WaFd,34.89,33.076,31.948,31.48,34.867,-9.587,25.86993112,38.58958336,5.484339098,3.530737448,1.486658196,True,True,True,True,True
US.WARFY,WARFY,九龙仓集团(ADR),7.5,5.988,5.893,5.803,57.356,-0.332,4.766262488,7.524982943,25.250501,1.612082131,1.550921937,True,True,True,True,True
US.WBS,WBS,韦伯斯特金融,71.65,70.267,65.053,63.429,47.524,-2.641,48.56836854,73.59360717,1.968206982,8.015003151,2.560343061,True,True,True,True,True
US.WCC,WCC,西科国际,369.84,300.513,276.459,260.523,130.605,-0.492,160.3781358,371.6686096,23.06955107,8.70074767,6.116926337,True,True,True,True,True
US.WCCB,WCCB,WEST COAST COMMUNITY BANCORP,49.6,47.946,44.799,43.526,32.175,-0.819,37.52600719,50.00957845,3.449714262,7.024710373,2.924688692,True,True,True,True,True
US.WCPRF,WCPRF,WHITECAP RESOURCES INC,11.78,10.868,9.131,8.663,112.132,-2.24,5.553146154,12.04991817,8.391608392,19.02310809,5.402285582,True,True,True,True,True
US.WCRS,WCRS,WESTERN CAPITAL RESOURCES INC,17.1,14.318,9.72,8.441,165.833,0,6.432609947,17.1,19.430088,47.30452675,15.15223315,True,True,True,True,True
US.WDC,WDC,西部数据,486.36,354.029,248.292,209.43,896.855,-7.386,48.7894428,525.1473859,37.37857633,42.58574582,18.55608079,True,True,True,True,True
US.WDFN,WDFN,WOODLANDS FINANCIAL SERVICES CO,29.5,28.917,25.046,24.059,55.184,-10.297,19.00969172,32.88630258,2.016115088,15.45556177,4.102414897,True,True,True,True,True
US.WEBC,WEBC,WEBCO INDUSTRIES INC,255,245.214,208.035,197.91,59.574,-4.135,159.8004687,265.9990612,3.990799873,17.87151201,5.115961801,True,True,True,True,True
US.WELL,WELL,Welltower,217.595,206.856,195.404,188.193,50.663,-1.84,144.4249749,221.6737979,5.191534207,5.860678389,3.831704686,True,True,True,True,True
US.WERN,WERN,沃纳企业,37.29,31.765,30.597,29.79,63.157,-3.042,22.85528663,38.45995173,17.39335747,3.817367716,2.708962739,True,True,True,True,True
US.WES,WES,Western Midstream,46.245,41.025,39.132,38.377,36.361,-0.075,33.91365566,46.27970978,12.72394881,4.837473168,1.967324179,True,True,True,True,True
US.WEYS,WEYS,韦科鞋业,35.005,33.259,31.228,30.348,36.157,-0.497,25.70929148,35.17984382,5.249706846,6.50377866,2.89969685,True,True,True,True,True
US.WFCNP,WFCNP,WELLS FARGO & COMPANY DIVIDEND EQUALIZATION PFD SHS,2.75,2.383,1.641,1.365,150,0,1.1,2.75,15.40075535,45.21633151,20.21978022,True,True,True,True,True
US.WFRD,WFRD,Weatherford国际,109.39,98.564,87.647,81.027,159.244,-2.352,42.19576924,112.0248239,10.98372631,12.45564594,8.170116134,True,True,True,True,True
US.WFSTF,WFSTF,WESTERN FOREST PRODUCTS INC,10.64,10.345,9.521,9.357,44.959,-16.088,7.340006485,12.67995042,2.85161914,8.654553093,1.752698514,True,True,True,True,True
US.WHD,WHD,Cactus,57.5,51.65,48.724,46.544,74.211,-2.701,33.00595255,59.09618804,11.32623427,6.005254084,4.683740117,True,True,True,True,True
US.WHWK,WHWK,Whitehawk Therapeutics,5.14,3.877,2.993,2.703,227.388,-6.46,1.570002566,5.494975412,32.57673459,29.53558303,10.72881983,True,True,True,True,True
US.WILC,WILC,G. Will食品国际,35.82,28.718,26.567,24.969,144.102,-3.116,14.67419357,36.97204905,24.73013441,8.096510709,6.399935921,True,True,True,True,True
US.WILWY,WILWY,WALLENIUS WILHELMSEN ASA UNSP ADS EACH REPR 2 ORD SHS,23.87,23.183,17.871,16.505,130.124,-14.714,10.37266865,27.98818094,2.963378338,29.72413407,8.276279915,True,True,True,True,True
US.WLACU,WLACU,WILLOW LANE ACQUISITION CORP UNITS EXP 29/10/2029 (1 CL A AND 1/2 WT),28.38,16.511,14.281,13.252,180.712,0,10.11000598,28.38,71.88540973,15.615153,7.764865681,True,True,True,True,True
US.WLMIY,WLMIY,WILMAR INTERNATIONAL LTD UNSP ADR EACH REPR 10 ORD,29.708,29.015,25.938,24.966,40.998,-3.023,21.06980241,30.63406787,2.388419783,11.86290385,3.893294881,True,True,True,True,True
US.WLWHY,WLWHY,WOOLWORTHS HLDGS SPONS GDR EACH REP 1 ORD ZAR0.0015,3.37,3.325,3.277,3.195,31.264,-15.229,2.567345197,3.975416121,1.353383459,1.464754348,2.566510172,True,True,True,True,True
US.WMB,WMB,威廉姆斯,77.49,73.178,66.016,64.078,42.174,-0.038,54.50363639,77.51945739,5.892481347,10.84888512,3.024438965,True,True,True,True,True
US.WMT,WMT,沃尔玛,132.14,126.188,117.716,113.399,42.613,-1.504,92.6563497,134.1577323,4.716771801,7.196982568,3.806911878,True,True,True,True,True
US.WNMLA,WNMLA,WINMILL & CO INC,5.5,5.033,4.471,4.334,173.631,0,2.010006176,5.5,9.278760183,12.56989488,3.161052146,True,True,True,True,True
US.WOLF,WOLF,Wolfspeed,67.5,26.241,22.669,18.381,17343.195,-8.312,0.3869703916,73.61923043,157.2310506,15.75720146,23.32843697,True,True,True,True,True
US.WPC,WPC,W.P. Carey,73.78,71.227,68.12,67.146,30.531,-1.455,56.52297155,74.86934903,3.584314937,4.561068702,1.450570399,True,True,True,True,True
US.WPM,WPM,Wheaton Precious Metals,139.17,136.282,126.266,120.038,77.378,-15.908,78.45956094,165.4973125,2.119135322,7.932460045,5.18835702,True,True,True,True,True
US.WPUR,WPUR,WATERPURE INTERNATIONAL INC,0.004,0.003,0.003,0.003,800,-10,0.0004444444444,0.004444444444,33.33333333,0,0,True,True,True,True,True
US.WRLC,WRLC,WINDROCK LD CO,510,467.725,449.222,447.159,32.662,-2.857,384.4356334,524.9992279,9.038430702,4.118898896,0.4613571459,True,True,True,True,True
US.WRTBY,WRTBY,WARTSILA OYJ ABP UNSP ADR EACH REPR .20 ORD,8.65,8.076,7.394,6.959,135.82,-8.851,3.668051904,9.489956006,7.10747895,9.223694888,6.250898118,True,True,True,True,True
US.WSBF,WSBF,沃特财务,18.31,18.048,16.902,16.246,52.424,-2.916,12.01254396,18.85995633,1.451684397,6.780262691,4.037917026,True,True,True,True,True
US.WSFS,WSFS,WSFS金融,70.71,67.467,61.043,59.556,42.87,-3.159,49.49254567,73.01659421,4.806794433,10.52372917,2.496809725,True,True,True,True,True
US.WSR,WSR,Whitestone REIT,18.995,17.636,14.883,14.227,68.815,-0.081,11.25196221,19.01039842,7.705828986,18.49761473,4.610951009,True,True,True,True,True
US.WSSH,WSSH,WEST SHORE BANK CORP,41.2,34.645,27.801,26.582,73.618,-5.812,23.73025838,43.74230263,18.92047915,24.6178195,4.585809947,True,True,True,True,True
US.WST,WST,West Pharmaceutical Services,298.13,269.315,265.951,262.165,46.811,-9.897,203.0706146,330.8768853,10.69936691,1.264894661,1.444128698,True,True,True,True,True
US.WSTL,WSTL,"Westell Technologies, Inc.",7.175,6.102,5.979,5.965,258.75,-1.034,2,7.249964634,17.58439856,2.057200201,0.2347024308,True,True,True,True,True
US.WT,WT,智慧树,19.425,16.237,14.386,14.167,111.957,-2.141,9.164594706,19.84998825,19.63416887,12.86667593,1.54584598,True,True,True,True,True
US.WTBFB,WTBFB,W T B FINANCIAL CORP,398.78,387.412,361.952,346.564,46.44,-1.072,272.316307,403.1012454,2.934343799,7.034081867,4.440161125,True,True,True,True,True
US.WTFC,WTFC,信达金融,148.11,142.128,140.071,137.673,31.06,-8.77,113.0093087,162.3479119,4.208882134,1.468540954,1.741808488,True,True,True,True,True
US.WTI,WTI,W&T海底钻探,4.415,3.409,2.479,2.308,233.995,-3.497,1.321876076,4.574987306,29.51012027,37.51512707,7.409012132,True,True,True,True,True
US.WTTR,WTTR,Select Water Solutions,18.785,15.516,12.741,11.816,146.19,-0.026,7.630285552,18.78988537,21.06857437,21.78008006,7.828368314,True,True,True,True,True
US.WULF,WULF,TeraWulf,24.2,18.487,15.517,13.933,612.665,-6.075,3.395704854,25.76523822,30.90279656,19.14029774,11.36869303,True,True,True,True,True
US.WUXAY,WUXAY,WUXI APPTEC CO LTD UNSPON ADS EACH REP 1 ORD SHS,17.959,15.462,14.374,14.185,124.034,-0.139,8.016193971,17.98399776,16.14926918,7.569222207,1.332393373,True,True,True,True,True
US.XHR,XHR,Xenia Hotels & Resorts,16.4,15.49,14.573,14.273,50.559,-4.817,10.89273972,17.22996754,5.874757908,6.292458656,2.101870665,True,True,True,True,True
US.XIFR,XIFR,XPLR Infrastructure LP,11.455,10.478,10.071,10.059,43.366,-9.159,7.990039479,12.60994485,9.32429853,4.041306722,0.1192961527,True,True,True,True,True
US.XPL,XPL,Solitario Resources,0.916,0.851,0.745,0.745,69.316,-6.147,0.5410002599,0.9759943742,7.638072855,14.22818792,0,True,True,True,True,True
US.XPO,XPO,XPO,206.755,203.533,169.618,159.452,86.635,-10.673,110.7804002,231.4585736,1.583035675,19.99492978,6.375586383,True,True,True,True,True
US.XWIN,XWIN,XMax Inc,8.24,7.256,6.29,5.599,807.638,-5.235,0.9078509274,8.695193373,13.56119074,15.35771065,12.34148955,True,True,True,True,True
US.XYIGY,XYIGY,信义玻璃(ADR),26.47,25.838,24.003,23.404,48.51,-11.737,17.82371557,29.9899165,2.446009753,7.644877724,2.559391557,True,True,True,True,True
US.YARIY,YARIY,YARA INTERNATIONAL ASA SPON ADR EACH REP 0.50 ORD SHS,29.538,28.445,23.144,21.972,73.008,-5.567,17.07319893,31.27931973,3.842503076,22.90442447,5.334061533,True,True,True,True,True
US.YASKY,YASKY,安川电机(ADR),88.98,63.937,61.5,56.645,137.09,-1.701,37.53005188,90.51974079,39.16824374,3.962601626,8.570924177,True,True,True,True,True
US.YCBD.PRA,YCBD.PRA,CBDMD INC 8% SERIES A CUM CONVERT PFD STK USD25,1.54,1.413,1.03,0.898,396.774,-8.333,0.3100001208,1.679993891,8.987968861,37.18446602,14.69933185,True,True,True,True,True
US.YOU,YOU,Clear Secure,56.43,51.817,40.397,38.793,140.922,-8.511,23.42251849,61.67954617,8.902483741,28.26942595,4.134766582,True,True,True,True,True
US.YPF,YPF,阿根廷YPF,44.505,42.262,37.54,35.522,95.026,-9.089,22.82003425,48.95447196,5.307368321,12.57858284,5.680986431,True,True,True,True,True
US.YUKA,YUKA,YUKA GROUP INC,0.057,0.055,0.043,0.035,674.324,-18.142,0.007361259628,0.06963277871,3.636363636,27.90697674,22.85714286,True,True,True,True,True
US.YUMAQ,YUMAQ,YUMA ENERGY INC,0,0,0,0,9900,0,0,0,,,,True,True,True,True,True
US.ZGN,ZGN,Ermenegildo Zegna NV,12.6,11.187,10.609,10.143,65.68,-5.829,7.605021729,13.37991526,12.6307321,5.448204355,4.594301489,True,True,True,True,True
US.ZIJMY,ZIJMY,紫金矿业(ADR),94.923,93.958,93.824,87.674,120.148,-20.891,43.11781165,119.9901402,1.027054641,0.1428206003,7.014622351,True,True,True,True,True
US.ZION,ZION,齐昂银行,60.34,58.766,56.93,56.289,36.834,-7.462,44.0972273,65.20564525,2.678419494,3.225013174,1.138766011,True,True,True,True,True
US.ZM,ZM,Zoom通讯,98.225,87.008,85.995,84.318,42.046,-11.953,69.15013446,111.5597351,12.89191798,1.177975464,1.988899167,True,True,True,True,True
US.ZNOG,ZNOG,ZION OIL & GAS INC,0.426,0.388,0.305,0.28,225.114,-5.355,0.1310309614,0.4501030165,9.793814433,27.21311475,8.928571429,True,True,True,True,True
US.ZWS,ZWS,Zurn Elkay Water Solutions,49.275,47.934,47.691,47.185,41.472,-8.342,34.83021375,53.75962818,2.797596695,0.5095301,1.072374695,True,True,True,True,True
